1735690718.900246 -0.008251 0.004730 -0.001285 -0.000061 -0.000832 -0.000250 1.000000
1735690719.000092 -0.012433 0.001033 -0.004871 0.000432 -0.000979 -0.000072 0.999999
1735690719.100402 -0.017273 -0.005310 -0.006365 -0.000121 -0.000887 -0.000965 0.999999
1735690719.200247 -0.019030 -0.010241 -0.006536 -0.000314 -0.001046 -0.001108 0.999999
1735690719.300082 -0.021481 -0.009596 -0.005243 -0.000234 -0.001096 -0.000575 0.999999
1735690719.400402 -0.021608 -0.004100 -0.004891 -0.000257 -0.000660 -0.001032 0.999999
1735690719.500138 -0.021504 -0.007788 -0.005360 -0.000420 -0.000566 -0.000724 0.999999
1735690719.599557 -0.021553 -0.005637 -0.004799 -0.000202 -0.000928 -0.000329 0.999999
1735690719.700333 -0.023064 -0.001428 -0.005299 -0.000704 -0.000871 -0.001017 0.999999
1735690719.798460 -0.023112 -0.010058 -0.005801 -0.000451 -0.000939 -0.001053 0.999999
1735690719.899246 -0.023776 -0.009621 -0.006938 -0.000407 -0.000519 -0.000859 0.999999
1735690720.000406 -0.024634 -0.011922 -0.007414 -0.000658 -0.000812 -0.001636 0.999998
1735690720.100246 -0.027774 -0.012458 -0.007381 -0.000501 -0.000647 -0.001025 0.999999
1735690720.200091 -0.029350 -0.007900 -0.009039 -0.000591 -0.000846 -0.001486 0.999998
1735690720.300406 -0.031273 -0.012493 -0.008322 -0.001082 -0.001049 -0.001488 0.999998
1735690720.400251 -0.031120 -0.016605 -0.007595 -0.000778 -0.000987 -0.001190 0.999999
1735690720.499982 -0.029577 -0.017988 -0.007716 -0.000973 -0.001535 -0.001369 0.999997
1735690720.600381 -0.031040 -0.018768 -0.008147 -0.001228 -0.001666 -0.001437 0.999997
1735690720.700246 -0.030846 -0.021009 -0.008918 -0.000840 -0.001051 -0.001228 0.999998
1735690720.800071 -0.031478 -0.028520 -0.009539 -0.000889 -0.000954 -0.000890 0.999999
1735690720.900411 -0.030949 -0.026394 -0.009236 -0.000799 -0.001546 -0.001501 0.999997
1735690721.000248 -0.029966 -0.020927 -0.008602 -0.001108 -0.000983 -0.001618 0.999998
1735690721.100093 -0.029823 -0.018448 -0.009046 -0.001055 -0.001498 -0.001465 0.999997
1735690721.200418 -0.026867 -0.016679 -0.008107 -0.001103 -0.001487 -0.001584 0.999997
1735690721.300253 -0.028020 -0.014865 -0.008970 -0.001141 -0.001482 -0.001564 0.999997
1735690721.400098 -0.028374 -0.019423 -0.009357 -0.001157 -0.001193 -0.001188 0.999998
1735690721.499829 -0.029422 -0.021524 -0.009492 -0.001058 -0.001506 -0.001418 0.999997
1735690721.600253 -0.030423 -0.022776 -0.010954 -0.001130 -0.001405 -0.001336 0.999997
1735690721.700093 -0.031363 -0.019132 -0.011109 -0.000777 -0.001191 -0.001170 0.999998
1735690721.800413 -0.031247 -0.018856 -0.012029 -0.001149 -0.001582 -0.001673 0.999997
1735690721.900253 -0.031799 -0.023989 -0.010947 -0.000771 -0.001848 -0.001394 0.999997
1735690722.000093 -0.031069 -0.023926 -0.010899 -0.001115 -0.001498 -0.001771 0.999997
1735690722.100428 -0.032008 -0.020286 -0.010582 -0.001083 -0.001562 -0.001737 0.999997
1735690722.200258 -0.029465 -0.023447 -0.010240 -0.001280 -0.001190 -0.002084 0.999996
1735690722.300098 -0.029351 -0.028966 -0.007613 -0.001015 -0.001602 -0.001570 0.999997
1735690722.400076 -0.028281 -0.020428 -0.006665 -0.001557 -0.002144 -0.001950 0.999995
1735690722.500258 -0.029325 -0.022514 -0.006221 -0.001457 -0.001794 -0.001630 0.999996
1735690722.600098 -0.027819 -0.019963 -0.007787 -0.001079 -0.001516 -0.001447 0.999997
1735690722.700403 -0.027188 -0.018719 -0.008911 -0.001459 -0.001919 -0.001998 0.999995
1735690722.800268 -0.028834 -0.016734 -0.010582 -0.001130 -0.001800 -0.002046 0.999996
1735690722.900098 -0.029425 -0.014620 -0.010732 -0.001292 -0.001885 -0.001680 0.999996
1735690723.000418 -0.027200 -0.019898 -0.010473 -0.001087 -0.001873 -0.002356 0.999995
1735690723.100268 -0.024856 -0.017349 -0.010529 -0.001347 -0.002191 -0.001683 0.999995
1735690723.200108 -0.027986 -0.020029 -0.010523 -0.001431 -0.001638 -0.002130 0.999995
1735690723.300225 -0.029123 -0.026444 -0.011436 -0.000965 -0.001821 -0.001753 0.999996
1735690723.400253 -0.030551 -0.024651 -0.012904 -0.001489 -0.001755 -0.001945 0.999995
1735690723.500113 -0.032558 -0.026230 -0.013942 -0.001425 -0.001616 -0.001645 0.999996
1735690723.600428 -0.033995 -0.028367 -0.010820 -0.001205 -0.001933 -0.001569 0.999996
1735690723.700268 -0.035120 -0.024610 -0.010549 -0.001480 -0.001770 -0.001765 0.999996
1735690723.800113 -0.034458 -0.022791 -0.010688 -0.001421 -0.002042 -0.001879 0.999995
1735690723.900428 -0.034274 -0.024532 -0.011381 -0.001573 -0.002126 -0.001673 0.999995
1735690724.000265 -0.030381 -0.026530 -0.011063 -0.001301 -0.002123 -0.002917 0.999993
1735690724.100105 -0.029318 -0.019130 -0.011154 -0.001411 -0.002282 -0.001941 0.999995
1735690724.200396 -0.031378 -0.020768 -0.011667 -0.001495 -0.001623 -0.002003 0.999996
1735690724.300270 -0.032664 -0.022495 -0.010709 -0.000939 -0.001949 -0.002057 0.999996
1735690724.400075 -0.034261 -0.019957 -0.012709 -0.001514 -0.001557 -0.002700 0.999994
1735690724.500425 -0.033679 -0.024154 -0.012805 -0.001392 -0.002160 -0.002409 0.999994
1735690724.600275 -0.033507 -0.024473 -0.013401 -0.001470 -0.002041 -0.001446 0.999996
1735690724.700105 -0.030909 -0.028330 -0.012147 -0.001315 -0.002071 -0.002558 0.999994
1735690724.800425 -0.031117 -0.021195 -0.011177 -0.001328 -0.002038 -0.002289 0.999994
1735690724.900265 -0.029500 -0.020975 -0.010558 -0.001511 -0.002012 -0.001815 0.999995
1735690725.000109 -0.028737 -0.023747 -0.008294 -0.000500 -0.001803 -0.001600 0.999997
1735690725.100445 -0.027399 -0.017661 -0.009849 -0.001656 -0.002016 -0.001701 0.999995
1735690725.200284 -0.026954 -0.017392 -0.011730 -0.001726 -0.002058 -0.001674 0.999995
1735690725.300124 -0.028292 -0.018296 -0.012756 -0.002036 -0.002085 -0.002099 0.999994
1735690725.400450 -0.029923 -0.021034 -0.012771 -0.001553 -0.002035 -0.002149 0.999994
1735690725.500284 -0.029570 -0.023890 -0.011379 -0.002141 -0.002544 -0.002388 0.999992
1735690725.600129 -0.031461 -0.023931 -0.009613 -0.001444 -0.002703 -0.002197 0.999993
1735690725.700444 -0.031248 -0.027778 -0.010561 -0.001525 -0.002012 -0.001732 0.999995
1735690725.800289 -0.031485 -0.024365 -0.010958 -0.001448 -0.002538 -0.001746 0.999994
1735690725.900125 -0.032732 -0.026178 -0.011905 -0.001911 -0.002258 -0.002303 0.999993
1735690726.000432 -0.032990 -0.023553 -0.013723 -0.001739 -0.001930 -0.001864 0.999995
1735690726.100292 -0.032235 -0.025823 -0.013681 -0.000970 -0.002029 -0.001984 0.999996
1735690726.200132 -0.032407 -0.024632 -0.014902 -0.001629 -0.002568 -0.002149 0.999993
1735690726.300457 -0.033716 -0.023198 -0.015771 -0.001584 -0.002303 -0.001858 0.999994
1735690726.400292 -0.033080 -0.025601 -0.016582 -0.001877 -0.001985 -0.002210 0.999994
1735690726.500137 -0.033605 -0.028909 -0.015263 -0.001851 -0.002285 -0.001855 0.999994
1735690726.600452 -0.032765 -0.024902 -0.015909 -0.001881 -0.002164 -0.002116 0.999994
1735690726.700292 -0.033771 -0.022838 -0.015528 -0.001903 -0.002254 -0.002187 0.999993
1735690726.800132 -0.035700 -0.024686 -0.015191 -0.001550 -0.002376 -0.001571 0.999995
1735690726.899992 -0.033497 -0.024469 -0.014765 -0.001459 -0.002582 -0.002321 0.999993
1735690727.000295 -0.030929 -0.027127 -0.015600 -0.001774 -0.002642 -0.002028 0.999993
1735690727.100144 -0.030607 -0.031022 -0.014957 -0.001936 -0.001799 -0.001924 0.999995
1735690727.200435 -0.032264 -0.031730 -0.012943 -0.001878 -0.002674 -0.002223 0.999992
1735690727.300304 -0.032195 -0.025824 -0.012732 -0.001868 -0.002256 -0.002604 0.999992
1735690727.400145 -0.032673 -0.019363 -0.013100 -0.001846 -0.002650 -0.001927 0.999993
1735690727.500464 -0.032650 -0.021158 -0.012902 -0.001197 -0.002636 -0.002125 0.999994
1735690727.600305 -0.031330 -0.022772 -0.013502 -0.001782 -0.002529 -0.001693 0.999994
1735690727.700145 -0.033561 -0.022852 -0.015089 -0.001885 -0.002246 -0.002227 0.999993
1735690727.800182 -0.034994 -0.030976 -0.014649 -0.001905 -0.002484 -0.002138 0.999993
1735690727.900305 -0.032095 -0.027610 -0.014778 -0.001740 -0.002391 -0.002161 0.999993
1735690728.000116 -0.031231 -0.027180 -0.013913 -0.001818 -0.002795 -0.002457 0.999991
1735690728.099976 -0.030145 -0.030597 -0.013440 -0.001842 -0.002478 -0.001878 0.999993
1735690728.200310 -0.029356 -0.028496 -0.014844 -0.001590 -0.002800 -0.001542 0.999994
1735690728.300151 -0.030844 -0.029714 -0.015154 -0.001689 -0.002306 -0.002113 0.999994
1735690728.399961 -0.029111 -0.032209 -0.015711 -0.001808 -0.002070 -0.002222 0.999994
1735690728.500316 -0.031875 -0.038772 -0.015164 -0.001824 -0.002541 -0.002250 0.999993
1735690728.600155 -0.030186 -0.031343 -0.016092 -0.001526 -0.002550 -0.002114 0.999993
1735690728.699991 -0.029148 -0.024691 -0.013612 -0.002095 -0.002347 -0.002329 0.999992
1735690728.799687 -0.031868 -0.033593 -0.013054 -0.001721 -0.002563 -0.002131 0.999993
1735690728.900151 -0.032421 -0.034087 -0.013637 -0.002422 -0.002557 -0.002663 0.999990
1735690729.000201 -0.033454 -0.033088 -0.012906 -0.002102 -0.002649 -0.001824 0.999993
1735690729.100309 -0.032212 -0.031535 -0.012661 -0.001781 -0.002568 -0.001383 0.999994
1735690729.200149 -0.031594 -0.029039 -0.012937 -0.001822 -0.002879 -0.002054 0.999992
1735690729.300464 -0.033762 -0.028472 -0.013237 -0.001878 -0.002963 -0.002242 0.999991
1735690729.400309 -0.033619 -0.029694 -0.014317 -0.002005 -0.002644 -0.002640 0.999991
1735690729.500074 -0.033583 -0.032911 -0.013799 -0.001804 -0.002667 -0.001577 0.999994
1735690729.600469 -0.033725 -0.033910 -0.014964 -0.001733 -0.002009 -0.001856 0.999995
1735690729.699987 -0.032336 -0.031016 -0.012694 -0.001973 -0.002771 -0.002008 0.999992
1735690729.799446 -0.031252 -0.029302 -0.013440 -0.001746 -0.002456 -0.002122 0.999993
1735690729.900479 -0.031955 -0.027159 -0.013523 -0.001902 -0.003031 -0.002236 0.999991
1735690729.999961 -0.032155 -0.027065 -0.013959 -0.002021 -0.002623 -0.002244 0.999992
1735690730.100145 -0.031217 -0.028335 -0.014549 -0.001987 -0.002615 -0.002464 0.999992
1735690730.200465 -0.031010 -0.033599 -0.013121 -0.002055 -0.002858 -0.001843 0.999992
1735690730.300305 -0.028852 -0.033125 -0.014175 -0.001747 -0.002475 -0.002356 0.999993
1735690730.400145 -0.030941 -0.035392 -0.012494 -0.002207 -0.002681 -0.001799 0.999992
1735690730.500470 -0.032894 -0.031483 -0.012409 -0.001763 -0.002270 -0.002044 0.999994
1735690730.600305 -0.034098 -0.034689 -0.011818 -0.001970 -0.002852 -0.001971 0.999992
1735690730.699803 -0.033111 -0.031071 -0.013138 -0.001811 -0.002885 -0.001730 0.999993
1735690730.800465 -0.031299 -0.026039 -0.013596 -0.002100 -0.002598 -0.002031 0.999992
1735690730.900290 -0.032331 -0.026697 -0.014299 -0.002036 -0.002462 -0.001926 0.999993
1735690731.000134 -0.032301 -0.028064 -0.014701 -0.002152 -0.002529 -0.002516 0.999991
1735690731.100480 -0.032761 -0.027304 -0.014813 -0.001804 -0.002689 -0.002125 0.999993
1735690731.200295 -0.032836 -0.021966 -0.015490 -0.002076 -0.002822 -0.001918 0.999992
1735690731.300150 -0.034386 -0.030604 -0.014761 -0.001677 -0.002664 -0.001901 0.999993
1735690731.400470 -0.034936 -0.032262 -0.016034 -0.002032 -0.002685 -0.002444 0.999991
1735690731.500320 -0.035842 -0.030896 -0.015359 -0.002192 -0.003760 -0.002638 0.999987
1735690731.600150 -0.036583 -0.033671 -0.016260 -0.001846 -0.002458 -0.002338 0.999993
1735690731.700480 -0.035278 -0.035206 -0.016955 -0.001820 -0.002486 -0.002380 0.999992
1735690731.800310 -0.031873 -0.033273 -0.017686 -0.001738 -0.002707 -0.002114 0.999993
1735690731.900150 -0.030326 -0.033326 -0.015856 -0.002069 -0.002840 -0.001997 0.999992
1735690732.000001 -0.032175 -0.029986 -0.015978 -0.001960 -0.002468 -0.002398 0.999992
1735690732.100316 -0.032556 -0.034727 -0.015617 -0.001851 -0.002879 -0.002467 0.999991
1735690732.200156 -0.033936 -0.031899 -0.015463 -0.001925 -0.002610 -0.002352 0.999992
1735690732.299996 -0.032305 -0.033512 -0.015312 -0.001740 -0.002959 -0.001928 0.999992
1735690732.400316 -0.033600 -0.032508 -0.013652 -0.002017 -0.003060 -0.003083 0.999989
1735690732.500156 -0.033611 -0.029367 -0.012769 -0.002005 -0.003176 -0.002707 0.999989
1735690732.599892 -0.034900 -0.030631 -0.012471 -0.001816 -0.002680 -0.002243 0.999992
1735690732.700316 -0.033261 -0.028289 -0.013291 -0.001820 -0.002675 -0.002309 0.999992
1735690732.800156 -0.033929 -0.031175 -0.013807 -0.001810 -0.003098 -0.002526 0.999990
1735690732.899996 -0.035239 -0.028124 -0.014355 -0.002098 -0.002791 -0.002855 0.999990
1735690733.000311 -0.033459 -0.030867 -0.014220 -0.001853 -0.002862 -0.001875 0.999992
1735690733.100161 -0.034104 -0.028948 -0.013847 -0.002056 -0.003094 -0.001953 0.999991
1735690733.200001 -0.033987 -0.026644 -0.013663 -0.002211 -0.002938 -0.002502 0.999990
1735690733.300321 -0.034950 -0.031791 -0.014197 -0.001802 -0.003084 -0.002081 0.999991
1735690733.400161 -0.033682 -0.034543 -0.012714 -0.002304 -0.002929 -0.002162 0.999991
1735690733.500001 -0.032215 -0.032568 -0.014168 -0.001824 -0.002606 -0.002209 0.999993
1735690733.600326 -0.032152 -0.035293 -0.015027 -0.002477 -0.002341 -0.002052 0.999992
1735690733.700151 -0.032555 -0.039577 -0.014601 -0.001563 -0.002688 -0.002298 0.999993
1735690733.800001 -0.032798 -0.035760 -0.015159 -0.001910 -0.003049 -0.002466 0.999990
1735690733.900326 -0.033979 -0.035238 -0.015329 -0.002103 -0.002731 -0.002248 0.999992
1735690734.000162 -0.033892 -0.038296 -0.015923 -0.001702 -0.002895 -0.001962 0.999992
1735690734.100017 -0.031989 -0.038494 -0.013263 -0.002280 -0.003075 -0.001869 0.999991
1735690734.200337 -0.032168 -0.033055 -0.014205 -0.001895 -0.002616 -0.002060 0.999993
1735690734.300177 -0.033367 -0.025215 -0.013781 -0.002353 -0.002659 -0.002315 0.999991
1735690734.399933 -0.031266 -0.025638 -0.012708 -0.001602 -0.002925 -0.002607 0.999991
1735690734.500337 -0.030475 -0.024448 -0.012961 -0.001925 -0.003164 -0.002329 0.999990
1735690734.600177 -0.030794 -0.024232 -0.013879 -0.002050 -0.003050 -0.002604 0.999990
1735690734.699978 -0.030463 -0.025616 -0.013249 -0.001809 -0.003154 -0.002399 0.999991
1735690734.800337 -0.030181 -0.022594 -0.013156 -0.002120 -0.003217 -0.002131 0.999990
1735690734.900177 -0.031490 -0.025911 -0.012367 -0.002176 -0.003088 -0.002977 0.999988
1735690735.000016 -0.033418 -0.032942 -0.014829 -0.001944 -0.002182 -0.002206 0.999993
1735690735.100356 -0.034571 -0.035622 -0.015317 -0.002040 -0.002823 -0.002293 0.999991
1735690735.200201 -0.035173 -0.036134 -0.015116 -0.002403 -0.003591 -0.001834 0.999989
1735690735.299809 -0.034909 -0.031504 -0.016670 -0.002445 -0.002282 -0.002607 0.999991
1735690735.400247 -0.032611 -0.035082 -0.016357 -0.002105 -0.002846 -0.002427 0.999991
1735690735.500196 -0.030980 -0.026933 -0.015819 -0.001951 -0.003397 -0.002278 0.999990
1735690735.600036 -0.033871 -0.028883 -0.014531 -0.002314 -0.003828 -0.002091 0.999988
1735690735.700361 -0.034593 -0.031196 -0.015943 -0.002336 -0.002886 -0.002508 0.999990
1735690735.800201 -0.034351 -0.029663 -0.014038 -0.002297 -0.003283 -0.002615 0.999989
1735690735.900031 -0.035087 -0.032139 -0.015592 -0.002279 -0.003172 -0.003061 0.999988
1735690736.000365 -0.035481 -0.030802 -0.015512 -0.002305 -0.002957 -0.002856 0.999989
1735690736.100205 -0.035052 -0.031028 -0.015530 -0.002476 -0.003146 -0.002459 0.999989
1735690736.199783 -0.035348 -0.033357 -0.014849 -0.002281 -0.003180 -0.002222 0.999990
1735690736.300103 -0.037191 -0.034522 -0.015460 -0.002289 -0.003515 -0.002835 0.999987
1735690736.399483 -0.039006 -0.036168 -0.016415 -0.002181 -0.002984 -0.002098 0.999991
1735690736.500055 -0.038306 -0.034573 -0.015844 -0.002210 -0.003051 -0.002636 0.999989
1735690736.600375 -0.041039 -0.028420 -0.014854 -0.002499 -0.004056 -0.002877 0.999985
1735690736.700215 -0.041714 -0.030976 -0.016046 -0.001998 -0.002810 -0.002126 0.999992
1735690736.800050 -0.041419 -0.029497 -0.015025 -0.000970 -0.002900 0.001409 0.999994
1735690736.900375 -0.040850 -0.027566 -0.015479 0.002630 -0.002158 0.001697 0.999993
1735690737.000212 -0.036983 -0.033386 -0.013833 0.008731 0.009299 0.001618 0.999917
1735690737.099829 -0.037189 -0.029310 -0.011078 0.010047 0.030072 -0.000313 0.999497
1735690737.200228 -0.042058 -0.028774 -0.006677 0.014497 0.043209 -0.011635 0.998893
1735690737.299608 -0.042070 -0.024545 -0.001643 -0.001664 0.018150 -0.008021 0.999802
1735690737.400057 -0.041285 -0.024567 0.003014 -0.000999 0.013075 -0.008886 0.999875
1735690737.500372 -0.041683 -0.020762 0.006642 0.002572 0.004638 -0.010977 0.999926
1735690737.600222 -0.045371 -0.021028 0.009421 -0.001176 0.013984 -0.007467 0.999874
1735690737.700052 -0.048107 -0.028311 0.008098 -0.009467 0.018418 -0.016444 0.999650
1735690737.800377 -0.049237 -0.038245 0.013392 -0.001689 0.026218 -0.029149 0.999230
1735690737.900222 -0.050975 -0.043532 0.031251 -0.004200 0.016504 -0.041803 0.998981
1735690738.000062 -0.045709 -0.048621 0.055694 -0.004198 0.010348 -0.061740 0.998030
1735690738.099665 -0.043686 -0.066246 0.085043 -0.007096 0.009854 -0.084905 0.996315
1735690738.199104 -0.040132 -0.084168 0.114328 -0.014275 0.017090 -0.082247 0.996363
1735690738.298484 -0.034561 -0.086547 0.148249 -0.028879 0.013851 -0.074336 0.996719
1735690738.400397 -0.030622 -0.100511 0.184156 -0.028784 -0.001063 -0.085969 0.995881
1735690738.500228 -0.023757 -0.117288 0.209917 -0.033363 -0.012163 -0.097559 0.994596
1735690738.600072 -0.020694 -0.142595 0.230583 -0.036786 -0.020353 -0.103285 0.993763
1735690738.700393 -0.016225 -0.164840 0.253605 -0.035383 -0.030855 -0.111197 0.992689
1735690738.800228 -0.017261 -0.187051 0.271897 -0.061518 -0.025271 -0.104622 0.992286
1735690738.900078 -0.020491 -0.206920 0.292682 -0.072727 -0.027979 -0.104150 0.991504
1735690738.999948 -0.023256 -0.220674 0.308691 -0.086637 -0.025280 -0.098039 0.991082
1735690739.099374 -0.026257 -0.227210 0.317402 -0.082572 -0.021586 -0.087096 0.992537
1735690739.198803 -0.026017 -0.225769 0.320322 -0.070467 -0.023751 -0.081301 0.993912
1735690739.298232 -0.021759 -0.231557 0.328091 -0.053972 -0.039473 -0.073953 0.995018
1735690739.400235 -0.017430 -0.236742 0.333791 -0.044718 -0.050757 -0.077283 0.994712
1735690739.500075 -0.014400 -0.246728 0.335492 -0.019585 -0.033873 -0.077506 0.996224
1735690739.600400 -0.010889 -0.254881 0.335013 -0.054345 -0.023277 -0.075706 0.995376
1735690739.700166 -0.001610 -0.259821 0.338412 -0.050480 -0.024235 -0.078274 0.995358
1735690739.800075 0.002760 -0.264688 0.337227 -0.047679 -0.026495 -0.076408 0.995584
1735690739.900291 0.008484 -0.275494 0.336385 -0.044370 -0.024490 -0.084920 0.995098
1735690739.999730 0.008691 -0.281861 0.338875 -0.039257 -0.042310 -0.074125 0.995577
1735690740.099147 0.011109 -0.285472 0.338700 -0.013074 -0.030540 -0.062282 0.997506
1735690740.199042 0.014350 -0.292230 0.334227 0.056186 0.004679 -0.040868 0.997573
1735690740.300247 0.017969 -0.298126 0.336700 0.033776 -0.011233 -0.034864 0.998758
1735690740.400087 0.021095 -0.306662 0.334989 0.025630 -0.023501 -0.037914 0.998676
1735690740.500407 0.032705 -0.313565 0.328323 -0.082860 -0.041306 -0.037723 0.994990
1735690740.600257 0.035192 -0.319006 0.325020 -0.072966 -0.035537 -0.027433 0.996324
1735690740.700087 0.045140 -0.320223 0.317483 -0.072003 -0.028423 -0.019947 0.996800
1735690740.800407 0.052597 -0.319394 0.314721 -0.056761 -0.017608 -0.025714 0.997901
1735690740.900104 0.068437 -0.320065 0.314225 -0.058203 -0.012786 -0.020781 0.998007
1735690741.000034 0.087627 -0.320129 0.319339 -0.044735 0.002109 -0.008890 0.998957
1735690741.099458 0.103451 -0.329628 0.323205 0.006235 0.021531 0.001871 0.999747
1735690741.200248 0.117827 -0.344664 0.328850 -0.007055 0.021005 -0.001324 0.999754
1735690741.300093 0.141381 -0.360978 0.338534 0.014366 0.033569 -0.019193 0.999149
1735690741.400418 0.164956 -0.366479 0.343711 0.003987 0.030699 -0.039211 0.998751
1735690741.500248 0.177960 -0.371199 0.352742 -0.007460 0.027195 -0.046387 0.998525
1735690741.600093 0.192990 -0.368105 0.355720 -0.025532 0.031589 -0.048283 0.998008
1735690741.700408 0.209845 -0.365948 0.359911 -0.025876 0.035877 -0.046017 0.997961
1735690741.800258 0.232230 -0.360954 0.362445 -0.014816 0.041748 -0.042677 0.998106
1735690741.900093 0.257203 -0.360417 0.364503 -0.006504 0.037031 -0.041571 0.998428
1735690741.999716 0.285815 -0.357550 0.362576 0.001801 0.046062 -0.036869 0.998256
1735690742.100256 0.317448 -0.360995 0.363391 0.002591 0.040288 -0.028028 0.998792
1735690742.200091 0.356869 -0.374222 0.367588 0.020816 0.038011 -0.027672 0.998677
1735690742.300416 0.397128 -0.388167 0.375343 0.025419 0.034052 -0.029789 0.998653
1735690742.400256 0.435116 -0.399576 0.382875 0.029455 0.032826 -0.033610 0.998461
1735690742.500096 0.472910 -0.411145 0.386546 0.032427 0.026454 -0.039629 0.998338
1735690742.600421 0.504886 -0.417928 0.388416 0.026593 0.027307 -0.046977 0.998168
1735690742.700256 0.536166 -0.421559 0.384151 0.035595 0.041467 -0.049620 0.997272
1735690742.800091 0.569377 -0.415179 0.378772 0.024192 0.043413 -0.055623 0.997214
1735690742.900386 0.602703 -0.406348 0.374312 0.016385 0.045208 -0.060299 0.997021
1735690743.000252 0.639451 -0.392139 0.369269 0.016315 0.051504 -0.070878 0.996021
1735690743.100107 0.678707 -0.372880 0.366894 -0.013806 0.047990 -0.077710 0.995725
1735690743.200427 0.719292 -0.353159 0.370911 -0.021539 0.040429 -0.086546 0.995194
1735690743.300257 0.757259 -0.332161 0.375705 -0.011530 0.039976 -0.090146 0.995059
1735690743.400102 0.790635 -0.315955 0.382583 -0.031976 0.032564 -0.083444 0.995467
1735690743.500422 0.827151 -0.298624 0.385373 -0.029550 0.030839 -0.076443 0.996159
1735690743.600257 0.862659 -0.293864 0.384872 -0.030903 0.030450 -0.072136 0.996451
1735690743.700102 0.904634 -0.289796 0.381200 -0.028370 0.031320 -0.064584 0.997017
1735690743.799932 0.946371 -0.294731 0.374463 -0.015350 0.029319 -0.059082 0.997704
1735690743.900262 0.999569 -0.304866 0.369083 -0.013658 0.038586 -0.057856 0.997485
1735690744.000098 1.046146 -0.313613 0.370615 -0.000217 0.035941 -0.055970 0.997785
1735690744.100418 1.096462 -0.325987 0.374594 0.011646 0.038051 -0.055406 0.997671
1735690744.200268 1.144672 -0.336561 0.379093 0.002472 0.031201 -0.052939 0.998107
1735690744.300103 1.193126 -0.336863 0.380276 -0.003471 0.038813 -0.050051 0.997986
1735690744.400408 1.238464 -0.332135 0.379919 -0.016372 0.035723 -0.045027 0.998213
1735690744.499951 1.287787 -0.325957 0.376583 -0.022791 0.037143 -0.042582 0.998142
1735690744.600098 1.341525 -0.319407 0.377942 -0.031745 0.028975 -0.043707 0.998119
1735690744.700428 1.403143 -0.309125 0.378415 -0.051939 0.012919 -0.046676 0.997475
1735690744.800258 1.462887 -0.300785 0.376144 -0.047178 0.028042 -0.061360 0.996606
1735690744.900103 1.515897 -0.290492 0.380226 -0.038883 0.032917 -0.065907 0.996524
1735690745.000423 1.561281 -0.282890 0.375739 -0.041871 0.049981 -0.069364 0.995458
1735690745.100273 1.612416 -0.278843 0.374613 -0.048376 0.046568 -0.063326 0.995731
1735690745.200113 1.667911 -0.273337 0.371090 -0.039074 0.052410 -0.053800 0.996410
1735690745.300418 1.726323 -0.273755 0.368430 -0.032588 0.054769 -0.044407 0.996979
1735690745.400258 1.783574 -0.282991 0.361722 -0.029766 0.058143 -0.040182 0.997055
1735690745.500113 1.831106 -0.304729 0.354566 -0.009001 0.067138 -0.043318 0.996762
1735690745.600433 1.875434 -0.322710 0.348703 -0.014213 0.089720 -0.043933 0.994896
1735690745.700268 1.920968 -0.342772 0.351624 -0.004252 0.081654 -0.048356 0.995478
1735690745.800108 1.964760 -0.352024 0.350697 -0.012781 0.094555 -0.059311 0.993669
1735690745.900433 2.007366 -0.352110 0.352509 -0.016048 0.080712 -0.053868 0.995151
1735690746.000271 2.057383 -0.347911 0.352102 -0.020039 0.077493 -0.058181 0.995092
1735690746.100116 2.109380 -0.345834 0.352476 -0.022126 0.078677 -0.071517 0.994085
1735690746.200436 2.157967 -0.338573 0.353668 -0.035234 0.065493 -0.080745 0.993956
1735690746.300108 2.210306 -0.330323 0.355008 -0.038605 0.063796 -0.095381 0.992644
1735690746.400096 2.260409 -0.320891 0.358028 -0.029303 0.063196 -0.101586 0.992385
1735690746.500431 2.301653 -0.313615 0.357102 -0.037075 0.070372 -0.099457 0.991858
1735690746.600281 2.343135 -0.304950 0.356767 -0.029954 0.073218 -0.091713 0.992638
1735690746.699978 2.381210 -0.298258 0.348900 -0.036315 0.081661 -0.079184 0.992846
1735690746.800441 2.425024 -0.292684 0.340417 -0.033439 0.085045 -0.062071 0.993880
1735690746.900271 2.465945 -0.292034 0.330818 -0.031488 0.084932 -0.044221 0.994907
1735690747.000118 2.517295 -0.286443 0.332827 -0.023519 0.091074 -0.031110 0.995080
1735690747.100438 2.560446 -0.277030 0.336997 -0.013655 0.092505 -0.018143 0.995453
1735690747.200288 2.604971 -0.264348 0.341496 -0.021719 0.095209 -0.005789 0.995204
1735690747.300123 2.647268 -0.248198 0.343091 -0.021188 0.100263 0.005461 0.994720
1735690747.399656 2.684990 -0.221342 0.341652 -0.022994 0.103653 0.009622 0.994301
1735690747.500283 2.726463 -0.187307 0.341489 0.001634 0.103091 0.002063 0.994668
1735690747.600128 2.763439 -0.148161 0.340781 -0.015526 0.114132 -0.012981 0.993259
1735690747.700448 2.795459 -0.106270 0.340644 0.002896 0.134922 -0.023308 0.990578
1735690747.800253 2.827693 -0.069085 0.337515 -0.008372 0.162833 -0.025068 0.986300
1735690747.900123 2.851239 -0.035461 0.335866 -0.020748 0.183731 -0.026283 0.982406
1735690748.000441 2.878520 -0.010351 0.333424 -0.023747 0.221819 -0.035897 0.974138
1735690748.100296 2.910712 0.010826 0.327524 -0.049537 0.238431 -0.035765 0.969236
1735690748.200135 2.941950 0.034360 0.315254 -0.025390 0.265665 -0.022959 0.963457
1735690748.299966 2.980190 0.056817 0.314706 -0.063236 0.252533 -0.015365 0.965397
1735690748.399390 3.024297 0.073812 0.315389 -0.051819 0.234071 -0.005482 0.970822
1735690748.500135 3.066926 0.094129 0.318757 -0.031161 0.227395 0.007362 0.973276
1735690748.600456 3.115518 0.114799 0.327773 -0.017548 0.220884 0.031274 0.974641
1735690748.700300 3.164901 0.138334 0.342157 -0.025178 0.208217 0.050961 0.976430
1735690748.800140 3.206784 0.160138 0.355150 -0.024868 0.204083 0.056527 0.977004
1735690748.900456 3.248667 0.174536 0.361757 -0.026716 0.213276 0.058535 0.974871
1735690749.000278 3.288043 0.196447 0.366760 -0.031540 0.204307 0.058160 0.976669
1735690749.100142 3.335490 0.218932 0.369036 -0.038650 0.197187 0.054593 0.978081
1735690749.200329 3.378050 0.243288 0.367536 -0.038951 0.197080 0.046178 0.978524
1735690749.299654 3.425216 0.276460 0.370606 -0.041760 0.191908 0.037997 0.979787
1735690749.399148 3.476334 0.317056 0.378650 -0.050633 0.180934 0.027967 0.981793
1735690749.500458 3.521930 0.350719 0.384312 -0.048869 0.180643 0.020832 0.982113
1735690749.600298 3.560588 0.383513 0.388884 -0.048622 0.181937 0.016700 0.981965
1735690749.700142 3.604711 0.412294 0.388620 -0.043631 0.188100 0.019344 0.980990
1735690749.800457 3.650007 0.439524 0.384616 -0.049794 0.185162 0.031494 0.980940
1735690749.900298 3.701600 0.462640 0.377231 -0.048605 0.189456 0.041801 0.979794
1735690750.000112 3.760284 0.487506 0.372260 -0.039472 0.189667 0.046544 0.979950
1735690750.099997 3.825795 0.510718 0.371225 -0.038744 0.190706 0.053837 0.979404
1735690750.200227 3.899147 0.530647 0.375624 -0.012673 0.200889 0.055058 0.977983
1735690750.299647 3.960873 0.557777 0.387508 -0.018857 0.190585 0.072272 0.978825
1735690750.399997 4.018885 0.586871 0.393127 -0.026623 0.197262 0.074532 0.977151
1735690750.500317 4.067818 0.615320 0.393886 -0.031851 0.193293 0.079945 0.977360
1735690750.600157 4.115832 0.646042 0.387940 -0.037772 0.192430 0.077692 0.977501
1735690750.699997 4.166856 0.679694 0.376730 -0.043971 0.193369 0.061919 0.978182
1735690750.800317 4.221215 0.719735 0.377104 -0.050773 0.184227 0.049518 0.980322
1735690750.900157 4.267970 0.762222 0.377953 -0.047500 0.195277 0.031087 0.979104
1735690750.999996 4.310487 0.794149 0.382071 -0.048023 0.197045 0.017403 0.979063
1735690751.100337 4.354253 0.824322 0.385490 -0.049960 0.204891 0.009081 0.977467
1735690751.200172 4.405150 0.853064 0.391999 -0.050631 0.196134 0.006579 0.979247
1735690751.300012 4.455787 0.881892 0.394981 -0.049296 0.187761 0.010481 0.980921
1735690751.400331 4.517653 0.904704 0.398508 -0.038188 0.181011 0.013454 0.982647
1735690751.500172 4.584837 0.927751 0.405676 -0.026254 0.170669 0.021742 0.984739
1735690751.600012 4.650261 0.948846 0.411850 -0.014627 0.177689 0.032169 0.983452
1735690751.700341 4.713676 0.975086 0.423375 -0.029313 0.155236 0.044489 0.986440
1735690751.800172 4.769057 1.002414 0.422863 -0.026292 0.180548 0.050951 0.981894
1735690751.900012 4.820177 1.032190 0.424103 -0.035517 0.171315 0.059491 0.982777
1735690752.000338 4.875673 1.067993 0.420881 -0.036196 0.169185 0.061180 0.983017
1735690752.100168 4.931026 1.112910 0.422727 -0.038012 0.164855 0.056706 0.983952
1735690752.199860 4.986991 1.165924 0.425411 -0.035246 0.160360 0.053646 0.984969
1735690752.300328 5.045638 1.216152 0.427892 -0.032330 0.156636 0.042140 0.986227
1735690752.400173 5.092573 1.264458 0.438539 -0.040037 0.156558 0.041975 0.985964
1735690752.500008 5.135199 1.305522 0.437440 -0.034236 0.166724 0.040083 0.984594
1735690752.600328 5.186010 1.344694 0.431478 -0.040889 0.167484 0.046020 0.983951
1735690752.700168 5.238956 1.381794 0.422606 -0.040988 0.171780 0.057768 0.982586
1735690752.800008 5.307312 1.413831 0.413476 -0.032091 0.173104 0.064642 0.982256
1735690752.900328 5.374832 1.444039 0.409128 -0.033645 0.173933 0.064034 0.982097
1735690753.000170 5.446954 1.474276 0.410050 -0.020682 0.183795 0.068244 0.980375
1735690753.100020 5.520211 1.498241 0.418103 -0.022821 0.180533 0.067340 0.980996
1735690753.200335 5.590658 1.521518 0.422031 -0.033404 0.185424 0.062759 0.980083
1735690753.300175 5.659648 1.549054 0.421141 -0.037372 0.181678 0.060977 0.980754
1735690753.400020 5.728251 1.580582 0.418716 -0.034315 0.181205 0.053113 0.981410
1735690753.500335 5.794450 1.619676 0.408153 -0.031684 0.173896 0.034990 0.983632
1735690753.600175 5.857451 1.651289 0.408891 -0.025134 0.165031 0.018926 0.985787
1735690753.700015 5.914359 1.684019 0.412504 -0.011295 0.175481 -0.004923 0.984406
1735690753.800335 5.968736 1.710290 0.416924 -0.011271 0.168778 -0.024641 0.985282
1735690753.900175 6.024138 1.729814 0.419651 -0.006019 0.178585 -0.040617 0.983067
1735690754.000019 6.087525 1.749667 0.422291 -0.009893 0.181210 -0.048752 0.982185
1735690754.100344 6.151091 1.767816 0.421463 -0.013645 0.176984 -0.047647 0.982965
1735690754.200179 6.223544 1.782047 0.417184 -0.007639 0.182380 -0.044569 0.982188
1735690754.300059 6.300756 1.789409 0.414021 0.006375 0.186400 -0.053453 0.980998
1735690754.400379 6.368329 1.799539 0.419910 0.009605 0.191528 -0.050176 0.980157
1735690754.500220 6.443863 1.809437 0.427358 -0.000930 0.176773 -0.056000 0.982657
1735690754.600060 6.503831 1.821136 0.434687 0.004474 0.187919 -0.059226 0.980387
1735690754.700399 6.571004 1.837660 0.439977 0.008557 0.188421 -0.066048 0.979828
1735690754.800260 6.639290 1.851573 0.440563 0.003400 0.177387 -0.080640 0.980826
1735690754.900120 6.707389 1.866925 0.437683 0.009608 0.173312 -0.102114 0.979512
1735690755.000465 6.772962 1.886791 0.439501 0.013037 0.184970 -0.119466 0.975369
1735690755.100320 6.831411 1.901503 0.443511 0.004054 0.179415 -0.127369 0.975485
1735690755.200180 6.895874 1.915011 0.444281 0.009380 0.193200 -0.135817 0.971668
1735690755.300020 6.955633 1.927324 0.445050 0.005582 0.195817 -0.135876 0.971165
1735690755.400340 7.021260 1.937799 0.437631 -0.000213 0.192443 -0.122968 0.973573
1735690755.500180 7.092603 1.942896 0.427895 0.004720 0.199002 -0.113601 0.973381
1735690755.600020 7.171388 1.947292 0.426666 0.000876 0.193840 -0.099294 0.975995
1735690755.700340 7.245932 1.949956 0.433218 -0.008489 0.190516 -0.082200 0.978200
1735690755.800180 7.325153 1.955754 0.443029 -0.020042 0.184096 -0.074237 0.979896
1735690755.900060 7.392264 1.962689 0.440110 -0.015905 0.200496 -0.061398 0.977639
1735690756.000384 7.463345 1.976572 0.438969 -0.024227 0.196919 -0.051509 0.978766
1735690756.100255 7.532654 1.986654 0.438740 -0.020121 0.188060 -0.054900 0.980416
1735690756.200134 7.607044 1.997797 0.437768 -0.020014 0.182060 -0.066943 0.980802
1735690756.300410 7.670960 2.011404 0.439569 -0.016529 0.193891 -0.076502 0.977896
1735690756.400280 7.733049 2.020541 0.446173 -0.021597 0.201259 -0.092308 0.974940
1735690756.500134 7.792838 2.028978 0.449479 -0.012959 0.206757 -0.100538 0.973127
1735690756.600350 7.861643 2.036095 0.446951 -0.017180 0.212036 -0.105803 0.971366
1735690756.700294 7.934241 2.035301 0.440610 -0.017578 0.213811 -0.103590 0.971208
1735690756.800134 8.001099 2.032608 0.431725 -0.013888 0.218059 -0.098485 0.970854
1735690756.900455 8.073435 2.025466 0.427687 -0.002027 0.219606 -0.096052 0.970847
1735690757.000295 8.145547 2.015254 0.426167 0.000206 0.236071 -0.093272 0.967249
1735690757.100136 8.214198 2.005771 0.432729 -0.009624 0.215078 -0.089236 0.972464
1735690757.200456 8.282295 1.997165 0.429469 -0.008765 0.232736 -0.087810 0.968528
1735690757.300296 8.350590 1.994388 0.423684 -0.014492 0.232946 -0.090330 0.968177
1735690757.400136 8.419642 1.989310 0.416582 0.000172 0.228051 -0.107776 0.967666
1735690757.500456 8.487157 1.993249 0.409126 0.003856 0.229074 -0.125946 0.965219
1735690757.600301 8.557651 2.001184 0.410903 0.008147 0.232777 -0.142304 0.962028
1735690757.700136 8.627904 1.997269 0.419243 0.009008 0.228215 -0.154820 0.961180
1735690757.800456 8.690371 1.989808 0.422205 0.028385 0.239395 -0.170713 0.955375
1735690757.900296 8.755000 1.978192 0.419843 0.021852 0.232036 -0.176676 0.956278
1735690758.000136 8.828471 1.959271 0.411502 0.021980 0.231002 -0.174609 0.956905
1735690758.100466 8.907083 1.939032 0.404592 0.016506 0.224729 -0.164410 0.960309
1735690758.200326 8.977043 1.915754 0.404951 0.027442 0.221784 -0.164578 0.960715
1735690758.300166 9.045092 1.897867 0.414435 0.027278 0.225458 -0.152619 0.961838
1735690758.400051 9.110693 1.874233 0.423359 0.018365 0.220955 -0.152983 0.963036
1735690758.500238 9.171002 1.864836 0.427253 0.017685 0.220924 -0.142010 0.964735
1735690758.600246 9.236830 1.857685 0.425300 0.022126 0.221394 -0.140602 0.964742
1735690758.700106 9.302228 1.850250 0.421909 0.018149 0.221219 -0.137174 0.965358
1735690758.800446 9.369652 1.852036 0.416139 0.005025 0.221906 -0.128794 0.966512
1735690758.900286 9.445188 1.852289 0.420094 -0.002404 0.217005 -0.131779 0.967232
1735690759.000130 9.511379 1.848166 0.426088 -0.011126 0.214391 -0.131616 0.967776
1735690759.100450 9.565653 1.838787 0.425502 -0.012905 0.221353 -0.134296 0.965816
1735690759.200290 9.620959 1.827873 0.420980 -0.004508 0.229985 -0.137607 0.963406
1735690759.299190 9.683300 1.819231 0.415907 -0.003651 0.231245 -0.130120 0.964148
1735690759.398629 9.755539 1.810553 0.409173 -0.008106 0.226867 -0.116553 0.966892
1735690759.498069 9.830875 1.798833 0.404824 0.001814 0.231888 -0.102207 0.967356
1735690759.600170 9.908268 1.782218 0.406733 0.006122 0.236090 -0.093226 0.967229
1735690759.700016 9.986640 1.770494 0.424739 -0.005004 0.210624 -0.086487 0.973721
1735690759.800410 10.058491 1.759942 0.430181 0.003332 0.227150 -0.083142 0.970299
1735690759.900290 10.118294 1.751460 0.438253 -0.014690 0.210609 -0.068072 0.975087
1735690760.000134 10.194645 1.748955 0.436244 -0.010248 0.210377 -0.071152 0.974974
1735690760.100439 10.267529 1.749698 0.426138 -0.007717 0.218699 -0.074254 0.972933
1735690760.200394 10.341173 1.754437 0.422833 -0.024424 0.219004 -0.066969 0.973117
1735690760.300254 10.410168 1.757664 0.431380 -0.018414 0.223649 -0.070181 0.971965
1735690760.400079 10.477513 1.755794 0.442996 -0.023336 0.216382 -0.076577 0.973021
1735690760.500424 10.532277 1.738854 0.445747 -0.010296 0.220505 -0.082626 0.971825
1735690760.600254 10.596036 1.722870 0.445128 -0.003187 0.219257 -0.081946 0.972215
1735690760.700114 10.667373 1.700842 0.436403 -0.001045 0.216766 -0.078421 0.973068
1735690760.800434 10.740297 1.672228 0.426368 0.009185 0.219925 -0.078509 0.972309
1735690760.900294 10.818282 1.640647 0.422082 0.010598 0.226709 -0.082334 0.970419
1735690761.000135 10.885797 1.610824 0.428130 0.007479 0.228080 -0.076920 0.970570
1735690761.100001 10.953397 1.591089 0.432599 0.010099 0.231157 -0.073728 0.970066
1735690761.200320 11.012540 1.582539 0.433397 0.007584 0.233054 -0.068142 0.970044
1735690761.300205 11.071757 1.580657 0.426695 0.001634 0.229027 -0.066747 0.971128
1735690761.400041 11.145369 1.579458 0.415027 -0.003894 0.227744 -0.070643 0.971147
1735690761.500360 11.212677 1.581871 0.409211 -0.012138 0.225148 -0.073878 0.971444
1735690761.600201 11.285006 1.579183 0.410195 -0.019254 0.222789 -0.081673 0.971249
1735690761.700041 11.355226 1.577873 0.418402 -0.015045 0.220207 -0.092040 0.970985
1735690761.800365 11.420167 1.578524 0.426357 -0.016870 0.224824 -0.101056 0.968998
1735690761.900201 11.480225 1.580811 0.426117 -0.012778 0.228413 -0.098945 0.968439
1735690762.000039 11.547735 1.583606 0.427389 -0.011379 0.229248 -0.093335 0.968816
1735690762.100374 11.618659 1.584478 0.426646 -0.021424 0.226301 -0.080717 0.970471
1735690762.200214 11.699305 1.585460 0.423365 -0.009227 0.223094 -0.069874 0.972246
1735690762.300054 11.774864 1.584607 0.416043 -0.006698 0.222966 -0.054766 0.973263
1735690762.400374 11.862967 1.582531 0.413463 -0.004039 0.235826 -0.042203 0.970870
1735690762.500214 11.943894 1.580492 0.422696 -0.016561 0.223126 -0.033068 0.974088
1735690762.600054 12.014209 1.574436 0.423699 -0.009685 0.232775 -0.028542 0.972063
1735690762.700374 12.089972 1.568355 0.418443 -0.010096 0.231552 -0.029475 0.972324
1735690762.800214 12.165379 1.565456 0.411778 -0.011688 0.225815 -0.038197 0.973351
1735690762.900010 12.247090 1.565764 0.411787 -0.014896 0.213888 -0.048711 0.975529
1735690763.000378 12.322758 1.566077 0.416489 -0.007196 0.218255 -0.058323 0.974121
1735690763.100219 12.390884 1.566205 0.428572 -0.014218 0.211793 -0.068641 0.974797
1735690763.200058 12.451194 1.555586 0.433648 -0.002472 0.216816 -0.080853 0.972855
1735690763.300378 12.521823 1.539994 0.427943 -0.007980 0.216453 -0.084204 0.972622
1735690763.400218 12.593487 1.520803 0.417606 -0.003951 0.223480 -0.082093 0.971237
1735690763.500058 12.667149 1.500608 0.409842 -0.000166 0.226248 -0.074732 0.971199
1735690763.600379 12.745286 1.475753 0.413083 -0.003036 0.224821 -0.067904 0.972026
1735690763.700218 12.818607 1.451097 0.424089 -0.008606 0.216269 -0.057751 0.974586
1735690763.800058 12.886536 1.431912 0.435075 -0.013861 0.218083 -0.052977 0.974393
1735690763.900334 12.948630 1.421175 0.435247 -0.012834 0.216793 -0.046018 0.975048
1735690764.000233 13.014580 1.411751 0.428571 -0.011440 0.219723 -0.045711 0.974424
1735690764.100078 13.091328 1.402516 0.418794 -0.012257 0.225761 -0.057421 0.972412
1735690764.200398 13.170302 1.396395 0.415071 -0.017464 0.224547 -0.067709 0.971951
1735690764.300243 13.250984 1.387316 0.410899 -0.020175 0.235533 -0.083451 0.968067
1735690764.400079 13.328691 1.378022 0.423716 -0.021653 0.214807 -0.097807 0.971505
1735690764.500398 13.402902 1.364661 0.429171 -0.016561 0.224640 -0.109330 0.968147
1735690764.600238 13.474341 1.348716 0.430554 -0.011868 0.221386 -0.112719 0.968577
1735690764.700078 13.549943 1.336392 0.428383 -0.011958 0.215997 -0.105298 0.970626
1735690764.800398 13.628620 1.321327 0.423506 -0.007688 0.218952 -0.099599 0.970609
1735690764.900239 13.705662 1.304126 0.420561 -0.005592 0.209908 -0.084816 0.974019
1735690765.000082 13.788101 1.290888 0.429083 -0.007169 0.213872 -0.071627 0.974206
1735690765.100403 13.868077 1.277270 0.439168 -0.017085 0.213872 -0.069093 0.974265
1735690765.200243 13.941979 1.274989 0.440524 -0.019830 0.218557 -0.056560 0.973982
1735690765.300083 14.017769 1.273508 0.438766 -0.016420 0.213600 -0.052230 0.975386
1735690765.400408 14.097156 1.269569 0.428614 -0.014997 0.214772 -0.058836 0.974775
1735690765.500243 14.173299 1.269554 0.420574 -0.028694 0.214012 -0.058751 0.974640
1735690765.600083 14.250996 1.273680 0.420960 -0.020745 0.222962 -0.073810 0.971807
1735690765.700403 14.311366 1.275736 0.431438 -0.035513 0.203224 -0.075270 0.975589
1735690765.800243 14.381073 1.278483 0.435664 -0.026000 0.216355 -0.078887 0.972775
1735690765.900088 14.448816 1.274432 0.431437 -0.029277 0.214210 -0.076705 0.973331
1735690766.000407 14.529329 1.269597 0.420445 -0.030341 0.218637 -0.067168 0.973019
1735690766.100247 14.611061 1.258511 0.412846 -0.016027 0.227979 -0.059249 0.971730
1735690766.200087 14.698746 1.243585 0.416889 -0.016392 0.222827 -0.047998 0.973538
1735690766.300407 14.781209 1.232591 0.432767 -0.020424 0.218855 -0.023724 0.975255
1735690766.400247 14.858094 1.228292 0.447072 -0.018615 0.204959 -0.014916 0.978480
1735690766.500087 14.926061 1.221944 0.444166 -0.008024 0.218915 -0.006236 0.975691
1735690766.600407 14.999965 1.220020 0.435324 -0.011357 0.217942 -0.000254 0.975896
1735690766.700143 15.076548 1.215076 0.427187 -0.008479 0.211908 -0.005815 0.977236
1735690766.800087 15.159854 1.220536 0.415090 -0.007984 0.215074 -0.017120 0.976415
1735690766.900407 15.243724 1.226195 0.409505 -0.012719 0.227376 -0.024064 0.973427
1735690767.000250 15.322825 1.220264 0.416185 -0.003224 0.225461 -0.044774 0.973218
1735690767.100100 15.393792 1.217064 0.420111 0.002869 0.231471 -0.051473 0.971475
1735690767.200420 15.470973 1.213540 0.422316 -0.003241 0.229241 -0.050687 0.972044
1735690767.300264 15.548710 1.214350 0.420107 -0.005313 0.222922 -0.041899 0.973921
1735690767.400100 15.638637 1.213025 0.419418 0.006016 0.221523 -0.035514 0.974490
1735690767.500420 15.726699 1.214831 0.425408 0.003010 0.225463 -0.031513 0.973737
1735690767.600260 15.813454 1.221072 0.432588 0.006598 0.225681 -0.017741 0.974017
1735690767.699996 15.893624 1.224515 0.436528 0.005932 0.231152 -0.017043 0.972750
1735690767.800420 15.961074 1.232748 0.430289 0.004190 0.239420 -0.011049 0.970844
1735690767.900260 16.031542 1.245101 0.425262 -0.000971 0.238273 -0.011933 0.971124
1735690768.000102 16.106296 1.261953 0.414129 -0.006319 0.230006 -0.021976 0.972921
1735690768.100432 16.185922 1.283440 0.415237 -0.011050 0.215349 -0.029239 0.976037
1735690768.200273 16.255401 1.302723 0.413978 0.000802 0.227429 -0.039684 0.972985
1735690768.300112 16.314977 1.318284 0.420220 -0.006108 0.226175 -0.052775 0.972637
1735690768.400437 16.375094 1.322154 0.433114 0.006871 0.230134 -0.062627 0.971117
1735690768.500312 16.447268 1.322022 0.439493 0.006132 0.226468 -0.065400 0.971801
1735690768.600173 16.525455 1.321061 0.439451 0.007150 0.213991 -0.059179 0.975015
1735690768.699944 16.607748 1.317791 0.436493 0.022915 0.215923 -0.054025 0.974645
1735690768.800402 16.696188 1.312632 0.435422 0.024890 0.219769 -0.046278 0.974136
1735690768.900253 16.782116 1.307459 0.436042 0.016949 0.213917 -0.034746 0.976087
1735690769.000174 16.861310 1.313439 0.436098 0.009756 0.222644 -0.030433 0.974376
1735690769.100074 16.923619 1.316122 0.429997 0.006061 0.234984 -0.019623 0.971782
1735690769.200429 16.992320 1.314046 0.421074 0.007884 0.238935 -0.022105 0.970752
1735690769.300126 17.062949 1.318245 0.416451 0.006480 0.225812 -0.034293 0.973545
1735690769.399606 17.128317 1.329375 0.410852 -0.005230 0.219934 -0.039814 0.974688
1735690769.499065 17.194148 1.343697 0.418361 0.004270 0.229628 -0.054051 0.971767
1735690769.598549 17.258217 1.356217 0.430923 -0.005852 0.208713 -0.061108 0.976048
1735690769.700279 17.323533 1.366987 0.432279 0.007473 0.225224 -0.067919 0.971908
1735690769.800149 17.398138 1.364947 0.428001 0.001469 0.219328 -0.061893 0.973685
1735690769.900217 17.477158 1.367646 0.421304 0.002178 0.221441 -0.055604 0.973585
1735690770.000313 17.564341 1.363218 0.412779 0.001405 0.220021 -0.046565 0.974382
1735690770.100178 17.647774 1.351979 0.416054 0.016535 0.213479 -0.052793 0.975380
1735690770.200023 17.729856 1.333076 0.425030 0.011684 0.209370 -0.047902 0.976592
1735690770.300359 17.804447 1.318618 0.427221 0.013155 0.217287 -0.056369 0.974390
1735690770.400198 17.866862 1.315039 0.431501 0.022860 0.225519 -0.045371 0.972913
1735690770.500043 17.940085 1.310536 0.429268 0.024048 0.216536 -0.037945 0.975240
1735690770.600151 18.018256 1.313362 0.423130 0.024026 0.214641 -0.043374 0.975434
1735690770.700198 18.092255 1.328628 0.417471 0.015328 0.215020 -0.047512 0.975333
1735690770.800039 18.164105 1.343162 0.414171 0.000864 0.232336 -0.053126 0.971183
1735690770.900358 18.227892 1.351530 0.422313 -0.007071 0.218521 -0.061826 0.973846
1735690771.000219 18.289136 1.349714 0.425580 -0.000221 0.227432 -0.070300 0.971253
1735690771.100074 18.354250 1.345384 0.424618 0.000833 0.229674 -0.069720 0.970767
1735690771.200394 18.423535 1.341960 0.419474 -0.004371 0.226759 -0.057696 0.972231
1735690771.300234 18.497612 1.331204 0.412836 -0.002368 0.228047 -0.048528 0.972437
1735690771.400114 18.586054 1.316385 0.411200 0.011046 0.221611 -0.041859 0.974174
1735690771.500434 18.673033 1.299977 0.413944 0.021478 0.233287 -0.033090 0.971607
1735690771.600274 18.757390 1.289025 0.420785 0.009831 0.221879 -0.025652 0.974687
1735690771.700134 18.830100 1.283023 0.420461 0.008457 0.236292 -0.019768 0.971444
1735690771.799994 18.899018 1.271825 0.421350 0.011898 0.236430 -0.019708 0.971376
1735690771.900314 18.976354 1.260858 0.414485 0.012103 0.227537 -0.035578 0.973044
1735690772.000194 19.052294 1.252768 0.404667 0.008337 0.227910 -0.056892 0.971983
1735690772.100084 19.127602 1.240470 0.404025 -0.001228 0.228676 -0.077389 0.970421
1735690772.200404 19.207261 1.231869 0.412824 0.005663 0.215638 -0.099707 0.971353
1735690772.300294 19.271440 1.220442 0.415754 0.022787 0.237507 -0.111141 0.964738
1735690772.400144 19.338392 1.215800 0.411363 0.017481 0.228262 -0.111502 0.967036
1735690772.500474 19.416225 1.203451 0.408565 0.017402 0.222103 -0.104350 0.969267
1735690772.600304 19.493507 1.185616 0.399843 0.016546 0.229981 -0.102023 0.967691
1735690772.700164 19.573169 1.168951 0.401850 0.012043 0.225180 -0.102504 0.968835
1735690772.800009 19.648237 1.153587 0.414266 -0.005654 0.222100 -0.084990 0.971296
1735690772.900384 19.720939 1.135790 0.429238 -0.001989 0.221658 -0.086767 0.971255
1735690773.000222 19.788695 1.123213 0.432020 0.006096 0.221692 -0.077347 0.972025
1735690773.100112 19.856703 1.117146 0.424779 -0.003923 0.230150 -0.075432 0.970219
1735690773.200042 19.930950 1.116778 0.414089 -0.004240 0.227681 -0.078845 0.970529
1735690773.300412 20.007398 1.120195 0.398273 -0.020675 0.239867 -0.084214 0.966925
1735690773.400292 20.082331 1.121883 0.395397 -0.009365 0.257268 -0.097992 0.961313
1735690773.500202 20.149382 1.129016 0.402452 -0.017333 0.235696 -0.102940 0.966204
1735690773.600032 20.211171 1.133836 0.408977 -0.010816 0.240099 -0.113767 0.963998
1735690773.700372 20.270331 1.138235 0.411479 -0.009959 0.243832 -0.118061 0.962553
1735690773.800212 20.338727 1.141497 0.411520 -0.001300 0.237736 -0.108924 0.965202
1735690773.900052 20.405569 1.143996 0.411003 0.012346 0.226723 -0.095127 0.969224
1735690774.000372 20.478982 1.139498 0.414842 0.008045 0.217945 -0.072543 0.973228
1735690774.100232 20.558852 1.131731 0.422365 0.020032 0.219521 -0.058303 0.973658
1735690774.200112 20.637439 1.124875 0.431729 0.009743 0.200096 -0.045159 0.978687
1735690774.299992 20.699330 1.121989 0.433710 0.010949 0.207571 -0.031661 0.977646
1735690774.400352 20.763158 1.117357 0.422194 0.005014 0.205753 -0.029060 0.978159
1735690774.500232 20.832453 1.107069 0.415266 0.001640 0.202491 -0.033966 0.978693
1735690774.600162 20.914403 1.098350 0.406031 -0.007565 0.204284 -0.045178 0.977839
1735690774.700032 20.999865 1.091002 0.404573 -0.000744 0.200468 -0.060760 0.977814
1735690774.800392 21.074272 1.086956 0.411517 -0.008855 0.198329 -0.067854 0.977744
1735690774.900257 21.139163 1.074355 0.418721 -0.005065 0.208643 -0.083981 0.974366
1735690775.000117 21.209344 1.062326 0.422723 -0.009544 0.205446 -0.083777 0.975029
1735690775.100002 21.280457 1.044652 0.418884 -0.012723 0.201064 -0.078303 0.976361
1735690775.200362 21.350834 1.024588 0.411741 -0.008019 0.203937 -0.068923 0.976522
1735690775.300251 21.423023 1.003716 0.417526 -0.004893 0.205891 -0.068692 0.976149
1735690775.400121 21.495980 0.987892 0.423225 -0.010884 0.198469 -0.052427 0.978643
1735690775.500006 21.577253 0.972941 0.421749 -0.001704 0.220071 -0.046519 0.974373
1735690775.600322 21.648609 0.973085 0.418534 -0.009194 0.213321 -0.031753 0.976423
1735690775.700182 21.727699 0.968483 0.407037 -0.003049 0.215234 -0.028800 0.976133
1735690775.800042 21.810085 0.973556 0.396050 -0.014229 0.215207 -0.039289 0.975674
1735690775.900382 21.893201 0.975802 0.394015 -0.025705 0.192742 -0.040260 0.980086
1735690776.000245 21.964169 0.969786 0.388629 -0.016765 0.216165 -0.055134 0.974655
1735690776.100071 22.039643 0.961072 0.391058 -0.008127 0.231376 -0.071196 0.970222
1735690776.200451 22.108578 0.952646 0.387765 -0.006840 0.231781 -0.075945 0.969775
1735690776.300406 22.182517 0.943590 0.380838 -0.007647 0.232411 -0.074385 0.969739
1735690776.400246 22.261416 0.928746 0.376787 -0.012277 0.226654 -0.060456 0.972020
1735690776.500086 22.342783 0.908634 0.377196 0.002346 0.216571 -0.052314 0.974861
1735690776.600406 22.431896 0.896643 0.383107 0.007981 0.224307 -0.037638 0.973759
1735690776.700266 22.515639 0.886201 0.393873 -0.014149 0.221465 -0.024635 0.974754
1735690776.800106 22.590000 0.882984 0.400166 -0.009161 0.228301 -0.012638 0.973465
1735690776.900446 22.665979 0.882353 0.401499 0.000426 0.222120 -0.009923 0.974969
1735690777.000008 22.748271 0.883973 0.393987 -0.004951 0.223762 -0.016681 0.974488
1735690777.100191 22.830864 0.884261 0.385061 -0.007418 0.224880 -0.025577 0.974022
1735690777.200032 22.920140 0.889216 0.375542 -0.004711 0.230631 -0.045160 0.971981
1735690777.300352 22.999202 0.888856 0.386441 -0.005661 0.215950 -0.060785 0.974494
1735690777.400192 23.067998 0.888476 0.389799 0.004679 0.242864 -0.068274 0.967643
1735690777.500032 23.135691 0.884508 0.386166 -0.003275 0.240230 -0.067844 0.968337
1735690777.600361 23.215859 0.875098 0.374298 -0.003573 0.249755 -0.064192 0.966172
1735690777.700191 23.298408 0.866862 0.368634 -0.000138 0.241780 -0.053770 0.968840
1735690777.800032 23.384097 0.855423 0.370967 0.005718 0.236871 -0.045267 0.970469
1735690777.900188 23.474639 0.847698 0.376735 0.005420 0.242464 -0.030533 0.969665
1735690778.000198 23.574869 0.842005 0.375917 -0.008635 0.238335 -0.019432 0.970950
1735690778.100043 23.660010 0.838886 0.376056 -0.006939 0.242187 -0.010967 0.970143
1735690778.200388 23.746558 0.840777 0.380107 -0.008903 0.231806 -0.004433 0.972711
1735690778.300243 23.835856 0.842348 0.378269 -0.002790 0.227127 -0.018160 0.973692
1735690778.400083 23.919192 0.843074 0.373498 0.001080 0.234422 -0.032636 0.971586
1735690778.500403 23.999250 0.842238 0.375953 0.007042 0.242323 -0.047845 0.968990
1735690778.600303 24.075912 0.838466 0.381874 0.007216 0.238016 -0.067252 0.968903
1735690778.700163 24.147357 0.832887 0.386484 0.014033 0.239648 -0.080294 0.967432
1735690778.800003 24.220570 0.829719 0.384594 0.012373 0.229110 -0.078230 0.970173
1735690778.900348 24.294153 0.822873 0.374151 0.011883 0.220182 -0.074623 0.972528
1735690779.000198 24.383403 0.807896 0.375122 0.022098 0.223025 -0.063920 0.972464
1735690779.100074 24.471355 0.797690 0.378654 0.030291 0.233038 -0.054651 0.970458
1735690779.200201 24.569571 0.789401 0.386493 0.009626 0.222679 -0.045800 0.973768
1735690779.300274 24.654156 0.786708 0.391947 0.016346 0.231345 -0.036331 0.972056
1735690779.400134 24.736827 0.791353 0.387479 0.007646 0.230643 -0.034855 0.972384
1735690779.500072 24.820199 0.798185 0.374710 0.003956 0.226710 -0.037035 0.973250
1735690779.599551 24.916194 0.798583 0.369971 -0.002330 0.224334 -0.043224 0.973550
1735690779.699372 25.011307 0.798839 0.367050 -0.010470 0.244311 -0.046160 0.968541
1735690779.800009 25.100932 0.799152 0.372045 -0.008861 0.234331 -0.050377 0.970810
1735690779.900373 25.178183 0.795149 0.375373 -0.000895 0.241090 -0.053962 0.969001
1735690780.000214 25.259248 0.785652 0.374122 -0.000456 0.238131 -0.054875 0.969681
1735690780.100044 25.340903 0.771294 0.364747 0.004859 0.229393 -0.048702 0.972103
1735690780.200374 25.427246 0.749401 0.364369 0.012333 0.227257 -0.043003 0.972807
1735690780.300214 25.518959 0.721372 0.366605 0.014309 0.231011 -0.038828 0.972071
1735690780.400054 25.616243 0.698994 0.375506 0.005168 0.230272 -0.023921 0.972819
1735690780.500374 25.698489 0.694556 0.383410 0.001591 0.240793 -0.020204 0.970365
1735690780.600214 25.779373 0.695968 0.382941 -0.003331 0.238227 -0.011448 0.971136
1735690780.700054 25.870840 0.698102 0.382194 -0.005242 0.231457 -0.010683 0.972772
1735690780.800374 25.959941 0.694398 0.379785 -0.004125 0.224101 -0.021563 0.974319
1735690780.900214 26.049969 0.693915 0.372892 -0.009388 0.224235 -0.032499 0.973948
1735690781.000056 26.135481 0.697704 0.370186 -0.002792 0.226209 -0.045596 0.973007
1735690781.100391 26.213621 0.697207 0.377670 0.008645 0.238320 -0.060869 0.969239
1735690781.200221 26.297223 0.694597 0.378042 0.009976 0.231453 -0.068869 0.970354
1735690781.300061 26.384193 0.692336 0.374695 0.011798 0.231679 -0.062978 0.970680
1735690781.400381 26.472894 0.683809 0.369393 0.005792 0.228834 -0.055618 0.971858
1735690781.500221 26.565214 0.674718 0.372124 0.016626 0.226285 -0.050340 0.972617
1735690781.600061 26.654114 0.665883 0.379111 0.016396 0.230698 -0.038429 0.972128
1735690781.700352 26.743361 0.658794 0.391582 -0.001917 0.231793 -0.031322 0.972259
1735690781.800231 26.824600 0.657657 0.393160 -0.007623 0.230006 -0.022765 0.972893
1735690781.900061 26.909191 0.656843 0.387103 -0.008634 0.225609 -0.022806 0.973913
1735690782.000385 26.995201 0.656561 0.380238 -0.012982 0.219071 -0.034498 0.975012
1735690782.100240 27.088486 0.658569 0.368894 -0.008663 0.219654 -0.048001 0.974358
1735690782.200080 27.164662 0.668624 0.367582 -0.011845 0.234746 -0.052293 0.970577
1735690782.300370 27.246618 0.668987 0.377784 -0.004798 0.229739 -0.056238 0.971614
1735690782.399958 27.329395 0.665082 0.385871 0.000110 0.223145 -0.061774 0.972826
1735690782.500021 27.406637 0.660270 0.380506 0.001509 0.220639 -0.064365 0.973228
1735690782.600400 27.484297 0.650720 0.365537 0.001750 0.223051 -0.064307 0.972682
1735690782.700240 27.570520 0.637978 0.357872 0.015939 0.226287 -0.059117 0.972134
1735690782.800080 27.663660 0.620868 0.364031 0.023295 0.233003 -0.060406 0.970318
1735690782.900400 27.752251 0.603315 0.377027 0.010223 0.215502 -0.054948 0.974903
1735690783.000250 27.836767 0.591200 0.388303 0.009042 0.226756 -0.050356 0.972607
1735690783.100085 27.911862 0.586791 0.395997 0.008957 0.220751 -0.044369 0.974279
1735690783.200405 27.997659 0.585659 0.396950 0.007281 0.216537 -0.050111 0.974960
1735690783.300185 28.090906 0.583378 0.389845 0.007486 0.213471 -0.062801 0.974900
1735690783.400095 28.181522 0.590578 0.377633 -0.000974 0.212222 -0.074160 0.974403
1735690783.500405 28.266703 0.593896 0.379727 0.003437 0.222661 -0.081162 0.971506
1735690783.600245 28.345284 0.595264 0.380532 0.009901 0.219974 -0.087388 0.971533
1735690783.700085 28.421384 0.591668 0.385846 0.009145 0.222932 -0.088436 0.970771
1735690783.800405 28.503418 0.585142 0.379769 0.002490 0.222091 -0.086325 0.971194
1735690783.900245 28.594398 0.577516 0.372254 -0.001283 0.222258 -0.079673 0.971726
1735690784.000089 28.691695 0.567088 0.366434 0.013614 0.218367 -0.069863 0.973268
1735690784.100419 28.786977 0.561362 0.369076 0.021845 0.221515 -0.065609 0.972702
1735690784.200259 28.881449 0.558011 0.384630 0.008372 0.212733 -0.062369 0.975082
1735690784.300099 28.966721 0.552633 0.396888 0.010571 0.219717 -0.046264 0.974409
1735690784.400428 29.055334 0.555977 0.394881 0.005921 0.212130 -0.050238 0.975931
1735690784.500259 29.147815 0.556978 0.387203 0.009566 0.203820 -0.057101 0.977295
1735690784.600103 29.245854 0.557059 0.377570 -0.000048 0.210408 -0.067991 0.975247
1735690784.700419 29.337309 0.567631 0.375924 0.004425 0.228296 -0.082604 0.970071
1735690784.800259 29.415252 0.572806 0.384013 0.013433 0.214532 -0.096304 0.971865
1735690784.900099 29.495452 0.573801 0.385584 0.017658 0.224644 -0.100871 0.969045
1735690785.000416 29.581672 0.567329 0.374194 0.020623 0.222045 -0.095188 0.970160
1735690785.100255 29.666999 0.559933 0.361448 0.007709 0.213126 -0.089056 0.972927
1735690785.200096 29.761566 0.548482 0.360340 0.017584 0.215394 -0.074032 0.973558
1735690785.300416 29.854929 0.538673 0.363122 0.001432 0.223962 -0.058020 0.972868
1735690785.400260 29.951674 0.532965 0.376462 -0.012117 0.204426 -0.039244 0.978020
1735690785.500096 30.041079 0.532862 0.382491 -0.006794 0.218087 -0.026239 0.975553
1735690785.600415 30.131117 0.536580 0.381317 -0.002238 0.212033 -0.022838 0.976993
1735690785.700256 30.212750 0.540457 0.371144 -0.002053 0.204336 -0.025433 0.978568
1735690785.800100 30.306699 0.541290 0.360272 -0.003838 0.206739 -0.039895 0.977575
1735690785.900415 30.395623 0.541479 0.346134 -0.007949 0.237747 -0.053956 0.969795
1735690786.000257 30.475041 0.539391 0.358690 -0.012675 0.213324 -0.062110 0.974923
1735690786.100102 30.549178 0.535057 0.358033 0.003678 0.222353 -0.080736 0.971611
1735690786.200378 30.630938 0.533107 0.356333 0.004075 0.217527 -0.084398 0.972390
1735690786.300262 30.713026 0.525669 0.348661 0.001372 0.215350 -0.078987 0.973336
1735690786.400102 30.798588 0.518002 0.349008 0.015206 0.212817 -0.068758 0.974551
1735690786.500422 30.897641 0.506579 0.357130 0.017308 0.209425 -0.052960 0.976236
1735690786.600262 30.998926 0.492653 0.365220 0.022247 0.208695 -0.036678 0.977040
1735690786.700102 31.096574 0.486813 0.372476 0.016925 0.212774 -0.034146 0.976358
1735690786.800432 31.180698 0.485725 0.371143 0.008544 0.213957 -0.018017 0.976639
1735690786.900262 31.272128 0.483656 0.366823 0.003493 0.205869 -0.022762 0.978309
1735690787.000103 31.359942 0.482025 0.359008 0.007110 0.202252 -0.026708 0.978943
1735690787.100424 31.449726 0.477144 0.343275 -0.007494 0.212130 -0.034917 0.976589
1735690787.200264 31.538606 0.474810 0.329695 -0.009537 0.227532 -0.048705 0.972505
1735690787.300103 31.623222 0.465762 0.323458 -0.009413 0.232610 -0.063493 0.970450
1735690787.400424 31.692849 0.458473 0.334950 -0.003950 0.231448 -0.075353 0.969917
1735690787.500263 31.770048 0.444292 0.344761 -0.002566 0.236717 -0.080583 0.968228
1735690787.600104 31.855468 0.431712 0.343969 -0.008491 0.228101 -0.077072 0.970545
1735690787.700423 31.944381 0.420201 0.344424 0.009549 0.229330 -0.075396 0.970377
1735690787.800219 32.035832 0.408487 0.342338 0.016330 0.238035 -0.074720 0.968240
1735690787.900104 32.132744 0.401731 0.353218 0.010119 0.227519 -0.067865 0.971353
1735690788.000422 32.224226 0.396276 0.355280 0.018131 0.237654 -0.067527 0.968830
1735690788.100272 32.307353 0.394090 0.359690 0.015429 0.225155 -0.060282 0.972334
1735690788.200107 32.389538 0.391807 0.347832 0.015533 0.225793 -0.066147 0.971803
1735690788.300422 32.479869 0.386661 0.337059 0.015986 0.220983 -0.081088 0.971769
1735690788.400263 32.578958 0.388751 0.328148 0.013447 0.224159 -0.096751 0.969645
1735690788.500103 32.660842 0.388501 0.331904 0.020794 0.225594 -0.107915 0.968003
1735690788.600422 32.741494 0.379146 0.338149 0.018765 0.232307 -0.120818 0.964927
1735690788.700263 32.812358 0.375343 0.339945 0.018904 0.232726 -0.128471 0.963834
1735690788.800112 32.898662 0.358471 0.329718 0.019027 0.232039 -0.130853 0.963677
1735690788.900408 32.989068 0.338196 0.319396 0.017906 0.230530 -0.127765 0.964475
1735690789.000070 33.083678 0.316491 0.316354 0.030467 0.237428 -0.122376 0.963184
1735690789.099524 33.176972 0.292776 0.323085 0.043694 0.254999 -0.119353 0.958552
1735690789.200443 33.270011 0.271568 0.337783 0.026858 0.239669 -0.118812 0.963183
1735690789.300031 33.349088 0.260248 0.347455 0.021521 0.235888 -0.108364 0.965480
1735690789.399392 33.431149 0.249008 0.347713 0.018765 0.234746 -0.102889 0.966414
1735690789.500098 33.519681 0.243370 0.338020 0.021620 0.238507 -0.104820 0.965225
1735690789.599998 33.603487 0.243046 0.325941 0.013515 0.251643 -0.107262 0.961763
1735690789.700318 33.688606 0.235719 0.329517 0.013658 0.275559 -0.116537 0.954096
1735690789.800198 33.766250 0.231806 0.353901 0.020567 0.281813 -0.122076 0.951449
1735690789.900059 33.837598 0.225573 0.383706 0.024888 0.280019 -0.127732 0.951133
1735690789.999953 33.905191 0.210908 0.413105 0.019849 0.264954 -0.124706 0.955957
1735690790.100280 33.974361 0.194485 0.422422 0.017157 0.247290 -0.124085 0.960810
1735690790.200170 34.049132 0.169303 0.420391 0.019920 0.246946 -0.122861 0.961003
1735690790.300050 34.130948 0.138402 0.425713 0.026068 0.227636 -0.121376 0.965800
1735690790.400420 34.212286 0.105263 0.429771 0.030985 0.231498 -0.118563 0.965086
1735690790.500275 34.281596 0.075970 0.443480 0.027356 0.226129 -0.125262 0.965623
1735690790.600210 34.345299 0.045737 0.448360 0.027178 0.238414 -0.129187 0.962149
1735690790.700070 34.401226 0.020158 0.438436 0.025752 0.237435 -0.137579 0.961267
1735690790.800430 34.460808 -0.000047 0.424064 0.030459 0.243705 -0.152903 0.957236
1735690790.900310 34.519134 -0.014567 0.415165 0.024163 0.246178 -0.167126 0.954401
1735690790.999918 34.587737 -0.033255 0.417358 0.026171 0.240615 -0.191556 0.951171
1735690791.100097 34.658900 -0.046937 0.422356 0.027155 0.238445 -0.203038 0.949306
1735690791.200467 34.727740 -0.065368 0.424696 0.022438 0.241544 -0.213298 0.946392
1735690791.300372 34.793805 -0.080516 0.425568 0.024066 0.246787 -0.213113 0.945040
1735690791.400247 34.857063 -0.102239 0.422830 0.015314 0.244592 -0.204765 0.947635
1735690791.500147 34.930942 -0.126108 0.411076 0.015915 0.239514 -0.185258 0.952921
1735690791.600472 35.004835 -0.148448 0.403422 0.011434 0.236659 -0.160613 0.958157
1735690791.700327 35.071932 -0.174025 0.402440 0.014204 0.254593 -0.149750 0.955278
1735690791.800192 35.140449 -0.200027 0.410084 0.005661 0.248182 -0.137000 0.958960
1735690791.900047 35.194841 -0.221397 0.407244 0.010705 0.261749 -0.128932 0.956425
1735690792.000366 35.250199 -0.242586 0.399054 0.021225 0.266759 -0.130530 0.954647
1735690792.100251 35.313955 -0.260033 0.387763 0.024993 0.270565 -0.138072 0.952421
1735690792.200151 35.383847 -0.275407 0.379286 0.018184 0.278450 -0.154592 0.947753
1735690792.300051 35.455033 -0.293347 0.383004 0.005944 0.262536 -0.168220 0.950127
1735690792.400392 35.527560 -0.312731 0.391955 0.014837 0.267147 -0.186356 0.945348
1735690792.500311 35.586648 -0.334882 0.407946 0.009602 0.255502 -0.198001 0.946267
1735690792.600152 35.652876 -0.358862 0.420617 0.009757 0.244959 -0.207914 0.946927
1735690792.700032 35.724329 -0.390770 0.418796 0.015162 0.238843 -0.214261 0.947004
1735690792.800372 35.789682 -0.425192 0.413836 0.019695 0.228915 -0.215960 0.948984
1735690792.900291 35.851897 -0.468369 0.411918 0.032518 0.222354 -0.218877 0.949523
1735690793.000193 35.919252 -0.515178 0.409937 0.055413 0.230983 -0.228151 0.944205
1735690793.100118 35.972729 -0.564793 0.408420 0.064388 0.243704 -0.226357 0.940864
1735690793.200058 36.015208 -0.603113 0.396700 0.074624 0.272686 -0.249560 0.926171
1735690793.300438 36.037883 -0.631584 0.390946 0.069825 0.273199 -0.263082 0.922645
1735690793.400298 36.064506 -0.651647 0.383827 0.068292 0.286693 -0.277606 0.914373
1735690793.500138 36.100061 -0.671409 0.380369 0.044308 0.275624 -0.286224 0.916594
1735690793.599998 36.140358 -0.691363 0.393985 0.026095 0.246632 -0.296238 0.922353
1735690793.700338 36.182685 -0.704196 0.407254 0.035108 0.218784 -0.307315 0.925450
1735690793.800178 36.224448 -0.711845 0.406333 0.033818 0.232915 -0.316626 0.918888
1735690793.900023 36.255487 -0.716828 0.415132 0.031339 0.225166 -0.310636 0.922943
1735690794.000345 36.290170 -0.721197 0.409242 0.018727 0.224937 -0.297827 0.927551
1735690794.100205 36.327884 -0.729527 0.403359 0.029564 0.239175 -0.288079 0.926786
1735690794.200065 36.369848 -0.741863 0.397243 0.029431 0.241304 -0.272615 0.930907
1735690794.300385 36.421955 -0.756411 0.391065 0.029515 0.250796 -0.252695 0.934010
1735690794.400270 36.472190 -0.773141 0.384509 0.021545 0.248294 -0.232310 0.940169
1735690794.500105 36.529761 -0.796738 0.383554 0.027024 0.255297 -0.218957 0.941356
1735690794.600475 36.589502 -0.813515 0.385256 0.013049 0.257667 -0.198633 0.945506
1735690794.700315 36.644426 -0.827740 0.388524 0.009457 0.263597 -0.183263 0.947017
1735690794.800185 36.707888 -0.843789 0.384219 0.006863 0.263117 -0.168637 0.949886
1735690794.900075 36.774679 -0.854212 0.379835 0.001191 0.261447 -0.164136 0.951159
1735690795.000388 36.850114 -0.866747 0.374759 -0.002650 0.251378 -0.164286 0.953841
1735690795.100242 36.923214 -0.875350 0.375149 -0.005441 0.246961 -0.168774 0.954199
1735690795.200078 36.992035 -0.877997 0.374926 -0.007910 0.250298 -0.168355 0.953386
1735690795.300398 37.052298 -0.884555 0.378104 -0.005012 0.258464 -0.172726 0.950440
1735690795.400238 37.111001 -0.896701 0.380241 -0.003898 0.260264 -0.170419 0.950371
1735690795.500083 37.173692 -0.918765 0.380116 -0.001307 0.250835 -0.162433 0.954304
1735690795.600447 37.236864 -0.949946 0.374993 0.006259 0.244772 -0.155318 0.957039
1735690795.700318 37.300953 -0.977157 0.370199 0.018485 0.244090 -0.140800 0.959299
1735690795.800178 37.370303 -1.005488 0.373011 0.016311 0.245951 -0.123095 0.961296
1735690795.900028 37.438074 -1.028555 0.387283 0.016315 0.238910 -0.103992 0.965319
1735690796.000339 37.499732 -1.051648 0.395005 0.004129 0.243455 -0.090938 0.965631
1735690796.100199 37.562272 -1.070236 0.398715 0.009761 0.242122 -0.083411 0.966605
1735690796.200054 37.633523 -1.084122 0.395631 0.007498 0.237762 -0.081985 0.967828
1735690796.300414 37.712690 -1.091112 0.392467 -0.001024 0.232477 -0.084277 0.968943
1735690796.400051 37.794372 -1.092413 0.394974 -0.014333 0.217843 -0.086335 0.972052
1735690796.500174 37.871523 -1.091041 0.401068 -0.006509 0.227102 -0.089467 0.969731
1735690796.600074 37.939598 -1.088983 0.413355 -0.018482 0.212794 -0.083280 0.973366
1735690796.700394 38.006131 -1.096200 0.420751 -0.005736 0.215951 -0.081882 0.972948
1735690796.800234 38.070935 -1.102174 0.421112 -0.001832 0.214583 -0.071265 0.974101
1735690796.900074 38.143320 -1.102720 0.411489 -0.008259 0.216713 -0.052806 0.974771
1735690797.000423 38.212700 -1.110783 0.402997 -0.006845 0.220809 -0.033780 0.974708
1735690797.100322 38.289003 -1.114609 0.403871 -0.007455 0.215940 -0.016071 0.976246
1735690797.200163 38.364503 -1.114572 0.408704 -0.000935 0.226197 0.005728 0.974064
1735690797.300033 38.424774 -1.104746 0.405928 -0.012674 0.241032 0.021688 0.970192
1735690797.400353 38.480009 -1.085039 0.402575 -0.015960 0.243784 0.042453 0.968768
1735690797.500223 38.540068 -1.073416 0.392530 -0.019700 0.250260 0.052075 0.966576
1735690797.600163 38.609929 -1.054215 0.383726 -0.032773 0.254994 0.052050 0.964984
1735690797.700068 38.687588 -1.025093 0.386091 -0.034994 0.247430 0.053959 0.966769
1735690797.800423 38.761341 -0.984627 0.391594 -0.033821 0.233489 0.064879 0.969603
1735690797.900283 38.829729 -0.952954 0.395316 -0.026737 0.244518 0.071722 0.966619
1735690798.000148 38.890387 -0.917949 0.396512 -0.033851 0.240016 0.090407 0.965957
1735690798.100098 38.955496 -0.875841 0.392583 -0.035741 0.239923 0.114292 0.963378
1735690798.200007 39.024604 -0.820744 0.382683 -0.047031 0.241740 0.142860 0.958614
1735690798.299616 39.087003 -0.767349 0.376724 -0.048186 0.245208 0.173166 0.952662
1735690798.400268 39.158023 -0.717864 0.378798 -0.041556 0.245400 0.192738 0.949160
1735690798.500147 39.228280 -0.677273 0.386718 -0.030916 0.242514 0.206749 0.947357
1735690798.600133 39.292091 -0.631665 0.391938 -0.038540 0.236671 0.215201 0.946673
1735690798.700468 39.342749 -0.592474 0.389438 -0.048395 0.242173 0.226343 0.942220
1735690798.800328 39.391943 -0.538896 0.386268 -0.051266 0.240428 0.226481 0.942482
1735690798.900233 39.447809 -0.483972 0.382087 -0.050470 0.221960 0.215710 0.949556
1735690799.000146 39.503562 -0.426443 0.376645 -0.045243 0.222733 0.195926 0.953916
1735690799.100071 39.555715 -0.365186 0.383180 -0.034633 0.232179 0.175443 0.956093
1735690799.199862 39.606097 -0.300157 0.390809 -0.037945 0.222383 0.164877 0.960167
1735690799.299272 39.656068 -0.243234 0.392946 -0.039253 0.234336 0.156206 0.958721
1735690799.400231 39.714380 -0.191748 0.388587 -0.049331 0.226784 0.154069 0.960416
1735690799.499938 39.779182 -0.143078 0.378303 -0.043488 0.226689 0.153359 0.960834
1735690799.599299 39.840665 -0.091753 0.371363 -0.036852 0.225681 0.159933 0.960277
1735690799.700391 39.908323 -0.044065 0.370260 -0.026367 0.241696 0.157929 0.957051
1735690799.800351 39.974021 -0.001367 0.381597 -0.032414 0.226939 0.168448 0.958683
1735690799.900236 40.033115 0.046899 0.391264 -0.034839 0.229964 0.175559 0.956599
1735690800.000136 40.095921 0.097341 0.396359 -0.039179 0.219007 0.185586 0.957109
1735690800.100061 40.155163 0.147371 0.390094 -0.036709 0.217061 0.185226 0.957720
1735690800.199768 40.216912 0.208174 0.379797 -0.038031 0.216500 0.175428 0.959639
1735690800.300356 40.276855 0.263222 0.375886 -0.037820 0.223407 0.165458 0.959835
1735690800.400196 40.341698 0.326149 0.385036 -0.034915 0.219837 0.157837 0.962050
1735690800.500046 40.400001 0.377332 0.391304 -0.036648 0.228836 0.151228 0.960948
1735690800.600396 40.463492 0.425010 0.393656 -0.037176 0.230543 0.146654 0.961229
1735690800.700236 40.528428 0.466337 0.389369 -0.036477 0.226167 0.147000 0.962242
1735690800.800116 40.602038 0.509429 0.377839 -0.037938 0.222712 0.154279 0.961851
1735690800.900026 40.678839 0.547829 0.375205 -0.023185 0.219143 0.157099 0.962683
1735690801.000377 40.758781 0.586035 0.372338 -0.026575 0.236103 0.160156 0.958071
1735690801.100233 40.830008 0.623431 0.375870 -0.034474 0.238158 0.152351 0.958583
1735690801.200093 40.893556 0.658898 0.380303 -0.016557 0.239075 0.153788 0.958602
1735690801.300412 40.948750 0.700180 0.374497 -0.018611 0.236296 0.146740 0.960357
1735690801.400292 41.009398 0.742708 0.366716 -0.012506 0.234898 0.126530 0.963668
1735690801.500153 41.066322 0.785298 0.361981 -0.007133 0.231702 0.106286 0.966937
1735690801.600013 41.128297 0.836008 0.366312 -0.008523 0.236356 0.087936 0.967642
1735690801.700372 41.194082 0.887195 0.374847 -0.008013 0.216694 0.078912 0.973012
1735690801.800213 41.254899 0.930184 0.380954 -0.013614 0.228755 0.068736 0.970959
1735690801.900073 41.318357 0.965234 0.382812 -0.022315 0.217007 0.067725 0.973562
1735690802.000413 41.390055 0.993881 0.377206 -0.014702 0.218072 0.065323 0.973633
1735690802.100268 41.464235 1.026730 0.366922 -0.013143 0.221178 0.074045 0.972330
1735690802.200168 41.538331 1.052531 0.360299 0.000861 0.223788 0.080766 0.971285
1735690802.300033 41.611896 1.088107 0.362370 0.000772 0.228643 0.092346 0.969120
1735690802.400348 41.683301 1.110949 0.358270 -0.011775 0.242753 0.095658 0.965289
1735690802.500208 41.746464 1.131750 0.356737 -0.012895 0.253919 0.093091 0.962649
1735690802.600048 41.802739 1.150471 0.354301 -0.003786 0.256168 0.075203 0.963695
1735690802.700393 41.858019 1.178444 0.350651 -0.006351 0.249391 0.057472 0.966675
1735690802.800228 41.919553 1.210926 0.351933 -0.005746 0.238304 0.036175 0.970500
1735690802.900068 41.977312 1.252873 0.356907 0.010632 0.245810 0.017923 0.969094
1735690803.000407 42.029748 1.293116 0.363002 0.005401 0.227402 0.011482 0.973718
1735690803.100261 42.085112 1.327824 0.372110 0.003039 0.226023 0.006792 0.974094
1735690803.200101 42.139383 1.357938 0.375560 -0.009175 0.214674 0.012068 0.976568
1735690803.300421 42.197019 1.383092 0.372704 -0.008221 0.217315 0.016419 0.975929
1735690803.400281 42.262952 1.412966 0.367105 -0.019488 0.217750 0.027004 0.975436
1735690803.500121 42.334752 1.438472 0.361979 -0.007736 0.220150 0.034232 0.974835
1735690803.600441 42.409731 1.466381 0.360907 0.003415 0.229847 0.036654 0.972530
1735690803.700306 42.484815 1.486133 0.374272 0.002976 0.210611 0.047280 0.976421
1735690803.800162 42.553834 1.507378 0.376493 -0.005445 0.226080 0.042610 0.973161
1735690803.900041 42.616428 1.526624 0.377554 -0.009552 0.216086 0.041271 0.975455
1735690804.000364 42.687832 1.549559 0.373105 -0.008140 0.210728 0.030663 0.977030
1735690804.100264 42.761060 1.564978 0.367735 -0.004971 0.201859 0.011074 0.979339
1735690804.200124 42.833579 1.588359 0.365052 -0.006387 0.195886 -0.007060 0.980580
1735690804.300444 42.906029 1.607073 0.367952 -0.000368 0.209455 -0.022857 0.977551
1735690804.400284 42.979165 1.623990 0.375989 -0.003291 0.200455 -0.037594 0.978976
1735690804.500129 43.046903 1.630168 0.373702 0.007551 0.214185 -0.051652 0.975397
1735690804.600444 43.119350 1.631248 0.366001 0.000452 0.219058 -0.051601 0.974346
1735690804.700289 43.198380 1.635097 0.354763 0.000073 0.220773 -0.047382 0.974174
1735690804.800144 43.285537 1.636707 0.347273 -0.001751 0.222174 -0.034739 0.974386
1735690804.900464 43.370440 1.632800 0.347412 -0.002554 0.243584 -0.030027 0.969411
1735690805.000306 43.456526 1.632837 0.351522 -0.037071 0.238392 -0.031725 0.969942
1735690805.100151 43.538935 1.625649 0.355094 -0.026291 0.244444 -0.040012 0.968481
1735690805.200001 43.605239 1.626208 0.353881 -0.024583 0.236095 -0.044503 0.970399
1735690805.300311 43.679214 1.631604 0.343709 -0.019312 0.237787 -0.060158 0.969260
1735690805.400161 43.751961 1.642768 0.339659 -0.012600 0.227670 -0.070019 0.971136
1735690805.499991 43.816598 1.657520 0.337435 -0.007453 0.245773 -0.081396 0.965875
1735690805.600311 43.889023 1.678578 0.344333 -0.006666 0.239828 -0.083976 0.967154
1735690805.700136 43.961155 1.696761 0.350529 -0.000345 0.236490 -0.080919 0.968259
1735690805.799996 44.041560 1.717773 0.348092 -0.005562 0.236679 -0.071395 0.968945
1735690805.900311 44.117044 1.739538 0.337141 -0.010811 0.251609 -0.056633 0.966110
1735690806.000152 44.202182 1.755451 0.323199 -0.006829 0.259138 -0.036708 0.965118
1735690806.100002 44.287955 1.770060 0.315538 -0.000302 0.260139 -0.012128 0.965495
1735690806.200327 44.373088 1.786283 0.312554 0.004833 0.273497 0.005708 0.961844
1735690806.300162 44.456502 1.801095 0.319211 0.005793 0.266385 0.013288 0.963758
1735690806.400002 44.536995 1.818168 0.319454 -0.000398 0.276628 0.020170 0.960765
1735690806.500322 44.611943 1.838080 0.315784 0.003567 0.276509 0.018436 0.960828
1735690806.599880 44.688108 1.862140 0.310003 0.003015 0.264271 0.008304 0.964408
1735690806.700002 44.758342 1.892889 0.304966 0.005002 0.260798 -0.009720 0.965331
1735690806.800322 44.841285 1.924030 0.302737 0.014003 0.273079 -0.025621 0.961548
1735690806.900167 44.916758 1.951372 0.308346 0.006818 0.257575 -0.033211 0.965663
1735690807.000000 44.992331 1.979544 0.314766 0.009919 0.264791 -0.042981 0.963296
1735690807.100320 45.077049 2.004902 0.319232 0.005650 0.253701 -0.045609 0.966190
1735690807.200160 45.165233 2.017228 0.320523 0.014137 0.246080 -0.045833 0.968062
1735690807.300000 45.256140 2.025687 0.313521 0.026695 0.242380 -0.043751 0.968827
1735690807.400325 45.335259 2.036677 0.309262 0.036819 0.258129 -0.045113 0.964354
1735690807.500101 45.421069 2.048522 0.308718 0.027349 0.259813 -0.038275 0.964513
1735690807.600000 45.498570 2.060057 0.310667 0.015788 0.273174 -0.040341 0.960989
1735690807.700320 45.576691 2.075713 0.317029 0.021308 0.267128 -0.043217 0.962456
1735690807.800160 45.647913 2.093094 0.316163 0.023882 0.257845 -0.051225 0.964532
1735690807.900000 45.723395 2.116985 0.311038 0.020278 0.258935 -0.068464 0.963252
1735690808.000321 45.803812 2.148099 0.314543 0.031280 0.253938 -0.085922 0.962889
1735690808.100167 45.878335 2.178827 0.323812 0.038424 0.247560 -0.093311 0.963603
1735690808.200006 45.954555 2.204785 0.331402 0.035690 0.252868 -0.101510 0.961499
1735690808.300346 46.027800 2.213655 0.331342 0.033244 0.257665 -0.108820 0.959511
1735690808.400172 46.103699 2.216267 0.326848 0.030259 0.257172 -0.115803 0.958925
1735690808.499537 46.178672 2.220260 0.318118 0.032403 0.250396 -0.113617 0.960908
1735690808.600387 46.252584 2.217216 0.307023 0.039833 0.259390 -0.113090 0.958301
1735690808.700247 46.324329 2.215230 0.305023 0.040035 0.264945 -0.108840 0.957265
1735690808.800087 46.402849 2.212380 0.306018 0.016233 0.271612 -0.105856 0.956430
1735690808.900412 46.478488 2.213792 0.306400 0.013245 0.275400 -0.102025 0.955809
1735690809.000255 46.551807 2.217236 0.301007 0.019320 0.276904 -0.102500 0.955220
1735690809.100155 46.632496 2.229056 0.296468 0.017678 0.264549 -0.107465 0.958203
1735690809.200015 46.714191 2.238498 0.299425 0.011281 0.252256 -0.113181 0.960952
1735690809.300340 46.799276 2.249315 0.307195 0.022084 0.254760 -0.124970 0.958641
1735690809.399814 46.877694 2.256401 0.319291 0.021271 0.240232 -0.136511 0.960834
1735690809.499248 46.951981 2.258198 0.327596 0.028604 0.244968 -0.145661 0.958100
1735690809.600405 47.036649 2.252922 0.329938 0.023245 0.236903 -0.154774 0.958844
1735690809.700275 47.114587 2.234338 0.324924 0.037538 0.239643 -0.164239 0.956132
1735690809.800175 47.200989 2.219881 0.316639 0.044641 0.240838 -0.165546 0.955300
1735690809.900040 47.284764 2.197923 0.312072 0.057031 0.249490 -0.171488 0.951364
1735690810.000371 47.368877 2.184339 0.315902 0.050058 0.248919 -0.164450 0.953147
1735690810.100222 47.454884 2.169141 0.321007 0.044750 0.258577 -0.163604 0.950983
1735690810.200082 47.529327 2.155936 0.321495 0.048106 0.255921 -0.164917 0.951311
1735690810.300214 47.604910 2.137270 0.318893 0.049218 0.245973 -0.169948 0.952991
1735690810.399712 47.686113 2.117173 0.311667 0.055484 0.244490 -0.183793 0.950456
1735690810.500121 47.752344 2.098278 0.299698 0.066247 0.254200 -0.209790 0.941797
1735690810.600041 47.813634 2.089057 0.291790 0.070459 0.272594 -0.220256 0.933925
1735690810.700366 47.876489 2.079419 0.290706 0.071826 0.284515 -0.233933 0.926913
1735690810.800202 47.937999 2.059787 0.297838 0.061157 0.278424 -0.243319 0.927112
1735690810.900051 48.004576 2.035959 0.298541 0.057713 0.275118 -0.242281 0.928590
1735690811.000366 48.064821 2.008915 0.302734 0.054032 0.262403 -0.236385 0.933995
1735690811.100211 48.132370 1.988516 0.309884 0.068978 0.264069 -0.232843 0.933431
1735690811.200061 48.194602 1.972262 0.321247 0.059892 0.248822 -0.224041 0.940375
1735690811.300223 48.255025 1.960279 0.319665 0.047958 0.267014 -0.217833 0.937525
1735690811.400211 48.312973 1.953705 0.317974 0.047072 0.263230 -0.205907 0.941327
1735690811.500051 48.375056 1.952750 0.308725 0.046718 0.270455 -0.200717 0.940417
1735690811.600381 48.445439 1.946366 0.300150 0.040317 0.275996 -0.202729 0.938670
1735690811.700211 48.524981 1.954307 0.295653 0.030288 0.276694 -0.206038 0.938121
1735690811.800051 48.601360 1.964014 0.299849 0.035701 0.285076 -0.208271 0.934923
1735690811.900371 48.674321 1.969688 0.307322 0.036004 0.280364 -0.209019 0.936168
1735690812.000209 48.743293 1.974343 0.316067 0.029154 0.270449 -0.202668 0.940709
1735690812.100059 48.812672 1.972384 0.314978 0.026301 0.274163 -0.195678 0.941198
1735690812.200319 48.882591 1.964807 0.310554 0.028055 0.271902 -0.187520 0.943461
1735690812.300219 48.957396 1.952130 0.298485 0.044479 0.278265 -0.186839 0.941107
1735690812.400069 49.041131 1.934753 0.288602 0.054119 0.280226 -0.183166 0.940741
1735690812.500379 49.125018 1.908576 0.292182 0.067026 0.287493 -0.182693 0.937805
1735690812.600219 49.203805 1.889885 0.302444 0.045725 0.269417 -0.177630 0.945395
1735690812.700059 49.280027 1.881358 0.305554 0.046314 0.276879 -0.170339 0.944551
1735690812.800379 49.352528 1.871158 0.310444 0.043390 0.268435 -0.156955 0.949434
1735690812.900219 49.428116 1.865960 0.310795 0.042217 0.258786 -0.153259 0.952764
1735690813.000062 49.506347 1.856681 0.307470 0.044043 0.254934 -0.155846 0.953300
1735690813.100397 49.587899 1.849177 0.302928 0.039050 0.259234 -0.162249 0.951288
1735690813.200237 49.664111 1.844876 0.305098 0.031572 0.271130 -0.163356 0.948054
1735690813.300077 49.745361 1.848523 0.305939 0.029027 0.272510 -0.165328 0.947398
1735690813.400397 49.826748 1.845958 0.312701 0.030316 0.264201 -0.164667 0.949823
1735690813.500237 49.915199 1.841597 0.314885 0.023949 0.254569 -0.160873 0.953279
1735690813.600077 50.003300 1.836635 0.308982 0.023434 0.251261 -0.152616 0.955525
1735690813.700397 50.090188 1.831745 0.300239 0.037090 0.254853 -0.143020 0.955625
1735690813.800237 50.169671 1.827952 0.294471 0.046336 0.283295 -0.134003 0.948494
1735690813.900077 50.241079 1.825908 0.283738 0.047234 0.308619 -0.142150 0.939317
1735690814.000393 50.303378 1.832434 0.280261 0.039304 0.325157 -0.142861 0.933980
1735690814.100248 50.366138 1.841364 0.281989 0.037922 0.315697 -0.144459 0.937032
1735690814.200089 50.432199 1.860721 0.283797 0.034263 0.305548 -0.156358 0.938626
1735690814.300408 50.510603 1.884290 0.293245 0.035881 0.276031 -0.166830 0.945879
1735690814.400249 50.577645 1.909120 0.305877 0.039517 0.265146 -0.170279 0.948231
1735690814.500088 50.637327 1.928837 0.316497 0.037667 0.267107 -0.167914 0.948177
1735690814.600408 50.679647 1.947312 0.331426 0.023892 0.245878 -0.158221 0.956002
1735690814.700248 50.726431 1.951665 0.335134 0.024270 0.244506 -0.153858 0.957056
1735690814.800088 50.772732 1.954900 0.336522 0.025511 0.239691 -0.151501 0.958616
1735690814.900408 50.820841 1.951159 0.336086 0.028878 0.241162 -0.144647 0.959210
1735690815.000253 50.875594 1.947133 0.341149 0.028455 0.230324 -0.127119 0.964356
1735690815.100108 50.931903 1.941769 0.342260 0.030791 0.239951 -0.107423 0.964332
1735690815.200428 50.990782 1.946690 0.344471 0.015859 0.234342 -0.085250 0.968279
1735690815.300268 51.044045 1.945968 0.339014 0.018228 0.248033 -0.078676 0.965380
1735690815.400108 51.093820 1.951580 0.334676 0.022672 0.246869 -0.075362 0.965848
1735690815.500428 51.149349 1.964396 0.326973 0.020657 0.250402 -0.078842 0.964705
1735690815.600268 51.209003 1.996372 0.321015 0.018404 0.251504 -0.081590 0.964236
1735690815.700108 51.279112 2.035007 0.311174 0.011269 0.249585 -0.081149 0.964881
1735690815.800176 51.349253 2.085499 0.303416 0.015195 0.266699 -0.082639 0.960110
1735690815.900268 51.416723 2.139801 0.305612 0.014619 0.263423 -0.075772 0.961589
1735690816.000113 51.487733 2.181319 0.308717 0.002400 0.265878 -0.060808 0.962084
1735690816.100438 51.563557 2.222008 0.309486 -0.004638 0.255068 -0.052541 0.965484
1735690816.200273 51.636579 2.257604 0.303525 -0.001626 0.253618 -0.049688 0.966026
1735690816.300113 51.712156 2.288992 0.294096 0.006045 0.253439 -0.043617 0.966349
1735690816.400443 51.800448 2.316647 0.285651 0.013013 0.258547 -0.040404 0.965066
1735690816.500273 51.887073 2.338786 0.287923 0.016565 0.260701 -0.038502 0.964509
1735690816.600113 51.969264 2.361943 0.289286 0.000506 0.269680 -0.037609 0.962215
1735690816.700329 52.049510 2.388913 0.295925 0.003781 0.268749 -0.039004 0.962413
1735690816.800273 52.133819 2.421731 0.292169 0.000750 0.256993 -0.038626 0.965641
1735690816.900113 52.217344 2.458330 0.285350 -0.003036 0.258116 -0.043897 0.965111
1735690817.000432 52.303692 2.501161 0.284075 -0.000504 0.263196 -0.056271 0.963100
1735690817.100292 52.383615 2.545601 0.292732 -0.003721 0.248356 -0.062071 0.966671
1735690817.200132 52.468296 2.570292 0.302130 0.008834 0.251951 -0.069101 0.965229
1735690817.300447 52.550270 2.586269 0.305846 0.009493 0.248700 -0.073512 0.965740
1735690817.400287 52.623973 2.594356 0.298010 0.009325 0.250714 -0.068260 0.965607
1735690817.500127 52.704208 2.591865 0.286719 0.026553 0.255139 -0.064917 0.964357
1735690817.600254 52.786827 2.588153 0.283050 0.027675 0.269176 -0.067459 0.960327
1735690817.699584 52.869029 2.584966 0.285833 0.016386 0.273120 -0.073103 0.959058
1735690817.800127 52.947751 2.575588 0.285157 0.021142 0.283347 -0.079642 0.955471
1735690817.900447 53.030123 2.571139 0.279023 0.024179 0.284523 -0.089825 0.954145
1735690818.000283 53.108500 2.571789 0.272155 0.020896 0.279839 -0.101819 0.954404
1735690818.100123 53.186368 2.570208 0.270753 0.022581 0.277532 -0.118044 0.953169
1735690818.200453 53.258896 2.563551 0.274017 0.026745 0.280029 -0.133362 0.950307
1735690818.300283 53.323691 2.563107 0.276357 0.039798 0.289650 -0.147864 0.944804
1735690818.400123 53.397247 2.554846 0.278743 0.035646 0.278632 -0.158585 0.946543
1735690818.500359 53.478693 2.532097 0.273859 0.042611 0.276882 -0.166519 0.945406
1735690818.599654 53.553421 2.509266 0.265293 0.043748 0.273101 -0.161899 0.947254
1735690818.699148 53.639570 2.477507 0.262092 0.047860 0.279342 -0.159109 0.945707
1735690818.800443 53.723170 2.454052 0.267251 0.041985 0.264902 -0.163670 0.949356
1735690818.900293 53.792526 2.437709 0.266752 0.037098 0.283374 -0.171193 0.942876
1735690819.000125 53.869893 2.422158 0.266506 0.044196 0.286742 -0.179091 0.940081
1735690819.100455 53.963838 2.408327 0.263766 0.040176 0.274668 -0.191626 0.941394
1735690819.200275 54.056897 2.401715 0.257028 0.036159 0.267900 -0.208296 0.939966
1735690819.300139 54.162996 2.402515 0.250229 0.031879 0.267543 -0.230656 0.934988
1735690819.400459 54.262070 2.409121 0.256364 0.030109 0.265522 -0.238316 0.933701
1735690819.500171 54.349498 2.417375 0.271997 0.025032 0.268238 -0.231087 0.934891
1735690819.599620 54.434163 2.422179 0.286735 0.016347 0.248370 -0.221279 0.942911
1735690819.700454 54.523887 2.422667 0.288222 0.018165 0.242643 -0.212129 0.946465
1735690819.800290 54.617601 2.419351 0.275615 0.016185 0.244364 -0.201497 0.948379
1735690819.900139 54.713307 2.409549 0.266396 0.024702 0.240341 -0.198991 0.949752
1735690820.000450 54.811483 2.395557 0.267878 0.037012 0.253522 -0.204306 0.944784
1735690820.100305 54.904230 2.381548 0.273484 0.024152 0.249512 -0.205886 0.945923
1735690820.200135 54.998376 2.367712 0.274961 0.028639 0.257815 -0.211980 0.942218
1735690820.300465 55.095318 2.359868 0.274166 0.030153 0.250411 -0.218952 0.942574
1735690820.400300 55.191315 2.353034 0.271800 0.031570 0.235852 -0.235989 0.942171
1735690820.500046 55.285298 2.350666 0.270316 0.036824 0.223162 -0.259357 0.938923
1735690820.600455 55.376875 2.350652 0.276650 0.056982 0.228031 -0.282886 0.929909
1735690820.700295 55.470178 2.358125 0.284425 0.047635 0.221687 -0.286780 0.930775
1735690820.800145 55.550576 2.365685 0.287824 0.046549 0.225621 -0.286541 0.929958
1735690820.900465 55.634472 2.365463 0.283344 0.038506 0.232849 -0.284375 0.929209
1735690821.000303 55.724057 2.356650 0.281224 0.038812 0.227727 -0.281558 0.931321
1735690821.100143 55.812311 2.342560 0.276427 0.048256 0.214032 -0.278884 0.934925
1735690821.200459 55.902756 2.327632 0.274810 0.050796 0.229911 -0.274653 0.932270
1735690821.300308 55.992008 2.316609 0.269000 0.044184 0.242614 -0.265829 0.931945
1735690821.400139 56.072776 2.306385 0.268444 0.039153 0.257956 -0.254930 0.931094
1735690821.500429 56.154764 2.295400 0.266387 0.033009 0.253148 -0.251892 0.933476
1735690821.600299 56.244035 2.282596 0.261148 0.034407 0.250455 -0.261909 0.931392
1735690821.700143 56.324744 2.265851 0.256797 0.039454 0.243740 -0.278437 0.928174
1735690821.800468 56.403199 2.258773 0.254944 0.059630 0.264966 -0.292366 0.916929
1735690821.900299 56.477305 2.247979 0.256852 0.042463 0.263989 -0.278410 0.922494
1735690822.000145 56.536807 2.233814 0.258806 0.044869 0.272097 -0.276076 0.920724
1735690822.100000 56.605469 2.205562 0.260878 0.043031 0.262313 -0.274576 0.924093
1735690822.200320 56.670868 2.169860 0.256048 0.048536 0.256964 -0.274018 0.925488
1735690822.300155 56.737954 2.118678 0.256362 0.046827 0.248849 -0.266870 0.929872
1735690822.399996 56.800259 2.057657 0.261608 0.059171 0.250787 -0.260804 0.930369
1735690822.500315 56.858541 2.009713 0.268680 0.046043 0.248561 -0.256910 0.932789
1735690822.600165 56.910917 1.956548 0.269414 0.060214 0.261116 -0.267452 0.925560
1735690822.700005 56.966034 1.911879 0.259297 0.065519 0.260334 -0.277334 0.922507
1735690822.800320 57.021729 1.857382 0.241048 0.067316 0.267209 -0.295859 0.914623
1735690822.900160 57.078712 1.801055 0.232833 0.068103 0.267154 -0.322699 0.905459
1735690823.000005 57.138533 1.750714 0.228464 0.078090 0.273332 -0.356350 0.890059
1735690823.100324 57.203075 1.702048 0.240900 0.078014 0.265429 -0.379805 0.882729
1735690823.200169 57.259256 1.647179 0.250501 0.080807 0.262587 -0.399086 0.874785
1735690823.299999 57.309662 1.586282 0.258218 0.077841 0.253123 -0.415080 0.870390
1735690823.400319 57.356642 1.523223 0.250916 0.083535 0.244955 -0.429493 0.865191
1735690823.500164 57.407154 1.445470 0.245337 0.087150 0.235500 -0.438910 0.862730
1735690823.600004 57.456238 1.369099 0.241088 0.111351 0.238948 -0.455682 0.850211
1735690823.700319 57.511088 1.296723 0.250714 0.107156 0.232388 -0.460985 0.849709
1735690823.800169 57.573521 1.227985 0.258729 0.102331 0.250970 -0.455213 0.848130
1735690823.899945 57.640831 1.161694 0.257982 0.103859 0.250990 -0.454277 0.848439
1735690824.000334 57.711873 1.090208 0.245203 0.111519 0.241688 -0.459685 0.847254
1735690824.100179 57.782099 1.022671 0.228281 0.106493 0.249299 -0.467660 0.841311
1735690824.200024 57.848566 0.961261 0.228305 0.118602 0.254324 -0.478951 0.831780
1735690824.300339 57.915463 0.903610 0.240599 0.112865 0.243722 -0.490068 0.829274
1735690824.400174 57.977057 0.841335 0.244045 0.121777 0.248028 -0.496993 0.822588
1735690824.500014 58.027348 0.771317 0.244242 0.117269 0.244518 -0.504961 0.819435
1735690824.600334 58.086460 0.691624 0.242764 0.120145 0.238921 -0.508888 0.818239
1735690824.700174 58.125517 0.602876 0.243752 0.116469 0.224685 -0.511182 0.821368
1735690824.799910 58.159253 0.520530 0.246105 0.130731 0.235387 -0.510845 0.816419
1735690824.900339 58.208996 0.444243 0.259556 0.108610 0.233760 -0.510518 0.820324
1735690825.000181 58.250162 0.371881 0.267134 0.125466 0.235559 -0.512850 0.815938
1735690825.100036 58.296981 0.308553 0.269382 0.115510 0.233624 -0.509651 0.819959
1735690825.200346 58.354365 0.248390 0.262898 0.109831 0.226873 -0.514805 0.819416
1735690825.300191 58.417840 0.183392 0.258343 0.108355 0.228252 -0.526208 0.811952
1735690825.400031 58.489065 0.120139 0.261920 0.112902 0.237830 -0.536664 0.801674
1735690825.500346 58.559248 0.057566 0.271164 0.116044 0.231789 -0.539239 0.801267
1735690825.600191 58.625522 -0.006116 0.276709 0.121268 0.227429 -0.538683 0.802116
1735690825.700026 58.693762 -0.073774 0.280395 0.114245 0.220354 -0.534757 0.807730
1735690825.800346 58.756718 -0.140491 0.280258 0.111138 0.216954 -0.525401 0.815189
1735690825.900196 58.820448 -0.212080 0.273475 0.111545 0.217094 -0.514000 0.822333
1735690825.999963 58.883537 -0.289951 0.275579 0.126705 0.217757 -0.518975 0.816819
1735690826.100348 58.948046 -0.360246 0.286380 0.118684 0.207832 -0.516974 0.821862
1735690826.200193 59.010876 -0.416457 0.287023 0.114821 0.228170 -0.507396 0.822985
1735690826.300028 59.074776 -0.471313 0.280915 0.112622 0.222571 -0.502705 0.827687
1735690826.400353 59.144772 -0.528312 0.274627 0.112552 0.218105 -0.504955 0.827516
1735690826.500193 59.220799 -0.587838 0.264173 0.113036 0.213776 -0.517796 0.820616
1735690826.600033 59.304887 -0.644250 0.275392 0.110274 0.218687 -0.531292 0.811015
1735690826.700353 59.380167 -0.700801 0.288863 0.119914 0.205412 -0.539850 0.807458
1735690826.800188 59.446423 -0.755876 0.299851 0.125758 0.203202 -0.547359 0.802055
1735690826.900033 59.505683 -0.814539 0.303860 0.118512 0.204209 -0.549167 0.801667
1735690827.000351 59.569979 -0.882093 0.302123 0.123179 0.192314 -0.548556 0.804319
1735690827.100196 59.616266 -0.950146 0.297672 0.128607 0.184076 -0.551482 0.803395
1735690827.200016 59.661705 -1.013822 0.306069 0.139391 0.182673 -0.555927 0.798840
1735690827.300307 59.700903 -1.077341 0.312381 0.143624 0.194623 -0.565248 0.788663
1735690827.400201 59.736075 -1.141152 0.313062 0.145776 0.192258 -0.581907 0.776641
1735690827.500032 59.787468 -1.208456 0.302116 0.151826 0.187359 -0.608890 0.755711
1735690827.600352 59.833039 -1.272568 0.297288 0.145453 0.167016 -0.638796 0.736809
1735690827.700181 59.880103 -1.322631 0.286873 0.177224 0.174313 -0.665337 0.703941
1735690827.799948 59.913678 -1.363765 0.283752 0.182812 0.174980 -0.681692 0.686482
1735690827.900361 59.934975 -1.404158 0.282741 0.184953 0.165718 -0.698144 0.671510
1735690828.000195 59.948507 -1.457954 0.280863 0.186529 0.157813 -0.712956 0.657264
1735690828.099995 59.947197 -1.518131 0.287088 0.181041 0.140988 -0.728416 0.645568
1735690828.200365 59.926578 -1.588444 0.287696 0.190449 0.120957 -0.746057 0.626496
1735690828.300215 59.899840 -1.651380 0.293488 0.191891 0.112112 -0.765516 0.603816
1735690828.400040 59.878849 -1.705877 0.297780 0.197718 0.115924 -0.787914 0.571543
1735690828.500370 59.858168 -1.744815 0.295484 0.206492 0.117371 -0.813241 0.531248
1735690828.600210 59.842876 -1.772922 0.290361 0.207211 0.118773 -0.839580 0.487916
1735690828.699723 59.820531 -1.800792 0.290861 0.210132 0.106907 -0.867715 0.437591
1735690828.798049 59.797842 -1.836099 0.284892 0.200287 0.100213 -0.896344 0.382636
1735690828.900215 59.786552 -1.881791 0.275429 0.221981 0.111814 -0.909018 0.334527
1735690829.000044 59.781062 -1.923503 0.272814 0.215946 0.107163 -0.920392 0.307835
1735690829.099582 59.757829 -1.956385 0.260940 0.222472 0.098922 -0.924698 0.292667
1735690829.199927 59.741604 -1.998872 0.265868 0.218418 0.097499 -0.923890 0.298688
1735690829.299771 59.719648 -2.044673 0.256583 0.229725 0.098415 -0.919133 0.304525
1735690829.400363 59.698302 -2.088389 0.255407 0.219504 0.098673 -0.917086 0.317859
1735690829.500204 59.652998 -2.127243 0.258856 0.230657 0.087889 -0.917376 0.312242
1735690829.600039 59.609991 -2.160506 0.259755 0.229360 0.084479 -0.918305 0.311405
1735690829.699646 59.567025 -2.186329 0.265207 0.231701 0.085585 -0.919231 0.306600
1735690829.799199 59.534411 -2.207944 0.270199 0.238605 0.087790 -0.919728 0.299101
1735690829.900009 59.510688 -2.237393 0.273558 0.244541 0.088227 -0.920660 0.291208
1735690830.000348 59.496958 -2.271233 0.273051 0.243123 0.099438 -0.921246 0.286895
1735690830.100198 59.476061 -2.311233 0.270616 0.240978 0.111802 -0.924832 0.272242
1735690830.199662 59.440143 -2.354844 0.269577 0.242240 0.105838 -0.933304 0.243025
1735690830.300368 59.416031 -2.415650 0.277949 0.235868 0.098335 -0.941025 0.221738
1735690830.400213 59.390959 -2.471181 0.282699 0.236662 0.100913 -0.943713 0.207877
1735690830.500052 59.376692 -2.522549 0.290561 0.234951 0.086010 -0.946285 0.204805
1735690830.600368 59.355662 -2.574240 0.286800 0.232114 0.094923 -0.945602 0.207244
1735690830.699787 59.331611 -2.620759 0.288976 0.228097 0.094885 -0.945418 0.212495
1735690830.799187 59.297768 -2.654768 0.282853 0.226510 0.091797 -0.945445 0.215405
1735690830.900308 59.260097 -2.699288 0.274757 0.223254 0.078637 -0.945784 0.222412
1735690831.000202 59.215263 -2.749503 0.275229 0.226825 0.059688 -0.947310 0.218154
1735690831.100067 59.162021 -2.784778 0.284250 0.223916 0.047954 -0.948244 0.219991
1735690831.200382 59.111636 -2.816138 0.289294 0.218247 0.065454 -0.948969 0.218042
1735690831.300227 59.072200 -2.843471 0.297702 0.214674 0.058876 -0.952312 0.208689
1735690831.400072 59.033255 -2.870831 0.298388 0.218510 0.056731 -0.954528 0.194708
1735690831.500387 59.002572 -2.910441 0.293736 0.215779 0.067800 -0.957683 0.178004
1735690831.600049 58.972152 -2.960686 0.293038 0.205375 0.067328 -0.963483 0.158077
1735690831.699775 58.934825 -3.004896 0.305976 0.197396 0.053298 -0.971259 0.121860
1735690831.800382 58.890938 -3.046825 0.309694 0.202812 0.034201 -0.973946 0.095532
1735690831.900227 58.858750 -3.088378 0.322069 0.200731 0.038593 -0.975509 0.081243
1735690832.000076 58.822563 -3.129898 0.323766 0.202735 0.046128 -0.974771 0.081191
1735690832.100396 58.781101 -3.169451 0.321348 0.201341 0.057644 -0.973664 0.090091
1735690832.200291 58.730151 -3.221089 0.312349 0.203224 0.058486 -0.971688 0.105369
1735690832.300127 58.665324 -3.269561 0.307875 0.198221 0.048392 -0.970638 0.127392
1735690832.400456 58.602443 -3.320372 0.307468 0.190470 0.039459 -0.970074 0.145329
1735690832.500287 58.538952 -3.364462 0.310497 0.203414 0.032796 -0.964624 0.164464
1735690832.599993 58.476275 -3.407428 0.314694 0.190956 0.055743 -0.962970 0.181979
1735690832.700452 58.429273 -3.448657 0.318279 0.203913 0.048042 -0.958583 0.192952
1735690832.800291 58.385000 -3.494112 0.315884 0.208547 0.047476 -0.956000 0.200796
1735690832.900126 58.344914 -3.544371 0.303753 0.213795 0.048425 -0.954909 0.200238
1735690833.000454 58.295476 -3.601563 0.295565 0.210213 0.062039 -0.954622 0.201637
1735690833.100303 58.247006 -3.660569 0.298694 0.197648 0.067940 -0.958305 0.194859
1735690833.200134 58.193523 -3.715583 0.303724 0.200448 0.054969 -0.960394 0.185589
1735690833.300463 58.146468 -3.765302 0.308927 0.195661 0.060285 -0.961741 0.182036
1735690833.400299 58.104923 -3.807050 0.316825 0.195857 0.059914 -0.961705 0.182137
1735690833.500134 58.054815 -3.851048 0.315305 0.199233 0.069596 -0.960656 0.180561
1735690833.600459 58.001790 -3.896453 0.309801 0.200473 0.070012 -0.960460 0.180073
1735690833.700299 57.944176 -3.938719 0.308447 0.195804 0.052093 -0.963352 0.175782
1735690833.800138 57.880740 -3.983046 0.312976 0.198906 0.042118 -0.964179 0.170358
1735690833.900459 57.815632 -4.022547 0.321297 0.193450 0.034543 -0.965359 0.171654
1735690834.000303 57.752673 -4.061781 0.327587 0.192033 0.046627 -0.965050 0.172128
1735690834.100143 57.698944 -4.100752 0.328399 0.208151 0.048506 -0.961188 0.174464
1735690834.200468 57.641346 -4.139648 0.322874 0.208288 0.048977 -0.961476 0.172570
1735690834.300303 57.580891 -4.181957 0.318039 0.197756 0.048009 -0.965668 0.161469
1735690834.400113 57.515515 -4.225768 0.316299 0.188952 0.051163 -0.969304 0.148756
1735690834.500463 57.445850 -4.265442 0.319181 0.189486 0.050848 -0.971910 0.129999
1735690834.600307 57.387285 -4.303166 0.329670 0.188710 0.035674 -0.974729 0.114103
1735690834.700152 57.331285 -4.338356 0.330975 0.207829 0.039046 -0.972238 0.100179
1735690834.800463 57.271852 -4.367595 0.337148 0.197266 0.043968 -0.974590 0.096576
1735690834.900303 57.207203 -4.392536 0.336489 0.196088 0.038773 -0.976118 0.085081
1735690835.000147 57.138454 -4.413891 0.329860 0.190574 0.035417 -0.978045 0.076524
1735690835.099997 57.065739 -4.421897 0.331499 0.183038 0.023912 -0.980606 0.065862
1735690835.200317 56.992877 -4.438593 0.337801 0.198430 0.010060 -0.978387 0.057293
1735690835.300147 56.917913 -4.447572 0.345102 0.190157 0.020990 -0.980035 0.054138
1735690835.399997 56.848874 -4.457877 0.344118 0.203619 0.020464 -0.977605 0.049082
1735690835.500327 56.787399 -4.473228 0.344438 0.200422 0.014727 -0.978848 0.038355
1735690835.600162 56.716310 -4.491332 0.333613 0.198824 0.009081 -0.979764 0.021180
1735690835.700007 56.643710 -4.516511 0.325983 0.200067 0.011877 -0.979707 0.002655
1735690835.800322 56.567462 -4.543062 0.330398 0.189074 0.011621 -0.981691 -0.019955
1735690835.900157 56.490194 -4.567691 0.336750 0.190328 0.001117 -0.980969 -0.038393
1735690835.999996 56.421712 -4.592131 0.344792 0.195927 0.003575 -0.979275 -0.051189
1735690836.100336 56.355688 -4.608132 0.348653 0.191782 0.007551 -0.979838 -0.055493
1735690836.200180 56.281231 -4.617220 0.347510 0.193503 0.007518 -0.979222 -0.060197
1735690836.300015 56.200792 -4.621774 0.341333 0.194983 0.003581 -0.979069 -0.058254
1735690836.400331 56.110340 -4.624364 0.335829 0.191665 -0.006891 -0.979957 -0.053858
1735690836.500171 56.020125 -4.621183 0.331907 0.213465 -0.015000 -0.975403 -0.052884
1735690836.600011 55.941393 -4.608581 0.338669 0.206993 -0.009892 -0.977055 -0.049192
1735690836.700330 55.871075 -4.606780 0.336745 0.223930 -0.007639 -0.973464 -0.046522
1735690836.800180 55.805838 -4.612009 0.331111 0.229884 -0.010385 -0.972186 -0.043591
1735690836.900011 55.736065 -4.615046 0.319802 0.236560 -0.013172 -0.970478 -0.045143
1735690837.000332 55.666563 -4.612860 0.306921 0.250646 -0.008269 -0.966638 -0.052147
1735690837.099762 55.604727 -4.603000 0.302607 0.252858 -0.014385 -0.964738 -0.071673
1735690837.200022 55.539234 -4.594211 0.308192 0.253932 -0.017403 -0.963432 -0.083755
1735690837.300342 55.479626 -4.586058 0.313853 0.250579 -0.004210 -0.963416 -0.094981
1735690837.400177 55.423946 -4.570337 0.312086 0.245081 -0.012791 -0.963535 -0.106641
1735690837.500013 55.367846 -4.549493 0.304421 0.244100 -0.019962 -0.962791 -0.114239
1735690837.600332 55.304832 -4.523507 0.300893 0.232112 -0.024062 -0.965826 -0.112804
1735690837.700182 55.239005 -4.503033 0.309210 0.229893 -0.034506 -0.965329 -0.118740
1735690837.800003 55.182299 -4.491178 0.316012 0.219459 -0.022884 -0.968706 -0.113682
1735690837.900249 55.128832 -4.494542 0.316003 0.234274 -0.026492 -0.965418 -0.111271
1735690837.999648 55.067002 -4.491561 0.311831 0.225818 -0.013390 -0.967872 -0.109774
1735690838.099115 54.992888 -4.498206 0.306491 0.221752 -0.020509 -0.967556 -0.119336
1735690838.200340 54.921555 -4.503732 0.304181 0.228393 -0.016522 -0.965889 -0.120919
1735690838.300185 54.844875 -4.510940 0.311422 0.226195 -0.003911 -0.966008 -0.125099
1735690838.400020 54.777714 -4.524809 0.322001 0.216447 -0.018455 -0.969341 -0.114838
1735690838.500345 54.720189 -4.538111 0.323657 0.228606 -0.022261 -0.967085 -0.109503
1735690838.600180 54.656450 -4.540978 0.325341 0.225739 -0.029093 -0.969511 -0.090791
1735690838.700015 54.590143 -4.538657 0.321408 0.228921 -0.027491 -0.968686 -0.092125
1735690838.800335 54.516805 -4.524639 0.310958 0.230859 -0.028860 -0.968761 -0.085863
1735690838.899913 54.437358 -4.510798 0.309005 0.227697 -0.027671 -0.970306 -0.076778
1735690838.999293 54.357163 -4.489290 0.316512 0.223090 -0.023721 -0.971980 -0.070163
1735690839.100354 54.280471 -4.470551 0.331265 0.204375 -0.011343 -0.976493 -0.067561
1735690839.200194 54.208597 -4.461984 0.338841 0.212945 -0.007469 -0.974995 -0.063110
1735690839.300034 54.143610 -4.463839 0.336984 0.221202 -0.012391 -0.973224 -0.061251
1735690839.400349 54.071543 -4.470854 0.328614 0.226928 -0.008196 -0.971908 -0.061905
1735690839.500199 53.995226 -4.483148 0.315905 0.229525 -0.008799 -0.970524 -0.072964
1735690839.600034 53.914279 -4.490021 0.306917 0.221962 0.000297 -0.970600 -0.093105
1735690839.700349 53.842842 -4.502125 0.316758 0.230767 -0.005378 -0.966803 -0.109587
1735690839.800189 53.770038 -4.508069 0.328528 0.228685 0.000304 -0.966397 -0.117389
1735690839.899752 53.704129 -4.513573 0.336432 0.224648 -0.017788 -0.967411 -0.115464
1735690839.999206 53.631679 -4.510402 0.336052 0.223567 -0.009569 -0.968555 -0.108754
1735690840.100192 53.553154 -4.496158 0.326871 0.222109 -0.035678 -0.968898 -0.103106
1735690840.200027 53.475321 -4.473800 0.323407 0.211796 -0.028940 -0.972002 -0.097554
1735690840.300357 53.387566 -4.456517 0.326637 0.208159 -0.039256 -0.971930 -0.102373
1735690840.400197 53.307098 -4.434044 0.338366 0.196631 -0.042933 -0.974642 -0.097810
1735690840.500032 53.236122 -4.422837 0.341519 0.209811 -0.025573 -0.972894 -0.093822
1735690840.600352 53.163501 -4.417937 0.339561 0.213932 -0.024593 -0.972588 -0.087760
1735690840.700192 53.091185 -4.411630 0.335319 0.219329 -0.031434 -0.970667 -0.093335
1735690840.800037 53.019646 -4.405110 0.328015 0.216540 -0.034737 -0.969487 -0.109539
1735690840.899545 52.942167 -4.409168 0.324361 0.209889 -0.027051 -0.969483 -0.123767
1735690841.000187 52.861376 -4.417169 0.329968 0.221587 -0.032899 -0.964291 -0.141278
1735690841.100042 52.786876 -4.414956 0.340632 0.210622 -0.035344 -0.965161 -0.151170
1735690841.200362 52.712360 -4.413938 0.345396 0.218614 -0.045582 -0.962611 -0.153333
1735690841.300202 52.639818 -4.398795 0.343323 0.221435 -0.031036 -0.962729 -0.152173
1735690841.400042 52.570365 -4.375961 0.337443 0.215842 -0.034134 -0.963710 -0.153333
1735690841.500352 52.500328 -4.352107 0.333033 0.205933 -0.032132 -0.966341 -0.150814
1735690841.600192 52.423461 -4.324559 0.337272 0.211617 -0.046407 -0.964560 -0.150626
1735690841.700037 52.353607 -4.293644 0.349470 0.199482 -0.032801 -0.968123 -0.147880
1735690841.800244 52.286324 -4.263330 0.356788 0.206659 -0.025413 -0.966453 -0.150385
1735690841.900192 52.224605 -4.244125 0.362321 0.201108 -0.024591 -0.967685 -0.150121
1735690842.000028 52.153467 -4.226794 0.358027 0.201412 -0.018974 -0.967000 -0.154868
1735690842.100368 52.076036 -4.209400 0.352510 0.200043 -0.016186 -0.964913 -0.169306
1735690842.200208 52.001556 -4.200079 0.351785 0.194365 -0.004190 -0.965263 -0.174561
1735690842.300053 51.923770 -4.194587 0.353798 0.206529 -0.003582 -0.960134 -0.188350
1735690842.400373 51.846839 -4.191246 0.371176 0.181342 -0.008919 -0.964249 -0.193029
1735690842.500213 51.782500 -4.189604 0.376514 0.192812 -0.019347 -0.960542 -0.199519
1735690842.600053 51.716758 -4.191165 0.375670 0.201833 -0.004278 -0.960380 -0.192135
1735690842.700314 51.641837 -4.175441 0.368080 0.204756 0.001418 -0.960711 -0.187368
1735690842.800208 51.562888 -4.153823 0.354128 0.206726 -0.005212 -0.960377 -0.186852
1735690842.900043 51.481936 -4.133655 0.344065 0.209245 -0.012817 -0.960841 -0.181210
1735690843.000366 51.393979 -4.115429 0.350621 0.217349 -0.017894 -0.961114 -0.169408
1735690843.100211 51.313177 -4.104963 0.347731 0.232359 0.000633 -0.959358 -0.160127
1735690843.200051 51.230539 -4.098920 0.345505 0.235485 -0.001802 -0.960389 -0.148987
1735690843.300371 51.146467 -4.095804 0.338049 0.234954 0.000911 -0.961891 -0.139863
1735690843.400216 51.060613 -4.093130 0.332804 0.222533 0.009304 -0.965235 -0.136797
1735690843.500056 50.978349 -4.108504 0.337485 0.224933 0.006213 -0.965275 -0.132707
1735690843.600371 50.904379 -4.119057 0.347063 0.217716 0.010027 -0.968111 -0.123531
1735690843.700216 50.833141 -4.118020 0.357889 0.216850 0.000254 -0.969930 -0.110505
1735690843.800051 50.765448 -4.115273 0.363165 0.213947 0.007457 -0.971868 -0.098205
1735690843.900376 50.686391 -4.108667 0.352585 0.214027 0.010918 -0.973548 -0.079233
1735690844.000211 50.601520 -4.099395 0.335665 0.221624 0.007228 -0.973024 -0.063671
1735690844.100052 50.514294 -4.083721 0.327573 0.232812 -0.008151 -0.970904 -0.055474
1735690844.200377 50.431785 -4.077848 0.335803 0.223432 -0.006302 -0.973683 -0.044486
1735690844.300216 50.353108 -4.081440 0.347500 0.230082 -0.000068 -0.972631 -0.032414
1735690844.400061 50.281063 -4.086899 0.352278 0.223260 0.019833 -0.974480 -0.012285
1735690844.500376 50.204783 -4.100089 0.343552 0.235799 0.018341 -0.971615 -0.005265
1735690844.600216 50.130609 -4.115822 0.341456 0.234649 0.019799 -0.971878 0.000687
1735690844.700056 50.050742 -4.126582 0.333721 0.221040 0.027067 -0.974888 -0.001428
1735690844.800361 49.960883 -4.136554 0.331834 0.230245 0.022650 -0.972642 -0.021002
1735690844.900212 49.878144 -4.148928 0.337265 0.231309 0.004062 -0.972441 -0.028962
1735690845.000053 49.803397 -4.155894 0.340407 0.238861 0.011474 -0.969940 -0.045059
1735690845.100384 49.730564 -4.160605 0.338576 0.229692 0.025086 -0.971685 -0.049396
1735690845.200233 49.653549 -4.147592 0.320729 0.237058 0.024912 -0.969442 -0.058013
1735690845.300073 49.568620 -4.137351 0.306015 0.234270 0.011710 -0.970279 -0.059483
1735690845.400260 49.482783 -4.127771 0.317755 0.238643 0.003719 -0.969028 -0.063406
1735690845.500224 49.389901 -4.121099 0.340030 0.211832 0.015952 -0.975851 -0.050872
1735690845.600068 49.305858 -4.126896 0.352482 0.211258 0.018330 -0.976190 -0.045691
1735690845.700383 49.228217 -4.143551 0.357724 0.208670 0.020965 -0.976882 -0.041458
1735690845.800228 49.150144 -4.165758 0.354235 0.201453 0.024386 -0.978283 -0.042232
1735690845.900073 49.070584 -4.190475 0.354733 0.193079 0.026632 -0.979519 -0.050527
1735690846.000395 48.989047 -4.220377 0.360695 0.202536 0.017037 -0.977618 -0.054341
1735690846.100245 48.920149 -4.252323 0.366491 0.196350 0.022081 -0.978801 -0.053924
1735690846.200080 48.860100 -4.265197 0.365915 0.215021 0.007193 -0.975117 -0.053486
1735690846.300257 48.799518 -4.279549 0.360655 0.216885 0.020877 -0.974891 -0.045966
1735690846.400245 48.724920 -4.288364 0.354757 0.212333 0.017214 -0.976228 -0.039963
1735690846.500085 48.644320 -4.285121 0.348614 0.204880 0.011463 -0.978120 -0.034271
1735690846.600410 48.565951 -4.284580 0.351199 0.200894 0.002203 -0.979228 -0.027359
1735690846.700250 48.482103 -4.281704 0.364188 0.198357 0.001124 -0.980012 -0.015158
1735690846.800085 48.405842 -4.283350 0.373761 0.193370 0.019093 -0.980929 -0.004715
1735690846.900410 48.339552 -4.281983 0.371241 0.206314 0.018886 -0.978296 0.003839
1735690847.000240 48.269341 -4.295911 0.359302 0.214812 0.021587 -0.976404 0.005078
1735690847.100085 48.181765 -4.315059 0.349736 0.205687 0.027924 -0.978218 0.001676
1735690847.199985 48.097752 -4.325672 0.344134 0.210609 0.024509 -0.977194 -0.011620
1735690847.300255 48.019281 -4.348688 0.346616 0.225026 0.013161 -0.973960 -0.024328
1735690847.400095 47.937287 -4.363798 0.358800 0.195517 0.016316 -0.980145 -0.028691
1735690847.500415 47.859771 -4.367899 0.358778 0.204960 0.005247 -0.978140 -0.034738
1735690847.600250 47.783274 -4.366701 0.358205 0.200738 0.016010 -0.979071 -0.029473
1735690847.700090 47.701480 -4.359822 0.353246 0.191663 0.007648 -0.981128 -0.024382
1735690847.800405 47.614030 -4.344826 0.353415 0.191838 0.006450 -0.981110 -0.024078
1735690847.900250 47.531350 -4.333818 0.368170 0.197375 -0.003949 -0.980118 -0.019902
1735690848.000093 47.453228 -4.323078 0.382565 0.186331 0.014283 -0.982311 -0.011935
1735690848.100171 47.378660 -4.314250 0.394931 0.189758 0.012493 -0.981692 -0.010792
1735690848.199630 47.303699 -4.319798 0.393372 0.184430 0.009806 -0.982668 -0.015936
1735690848.299050 47.218649 -4.325197 0.382127 0.178528 0.012078 -0.983377 -0.030842
1735690848.400419 47.135314 -4.332350 0.371374 0.177559 0.012757 -0.982853 -0.048061
1735690848.500259 47.053673 -4.343234 0.374402 0.199162 0.009010 -0.977611 -0.067308
1735690848.600099 46.990119 -4.351782 0.385459 0.188499 0.014612 -0.978523 -0.082146
1735690848.700423 46.924882 -4.350011 0.392923 0.186293 0.007604 -0.978622 -0.086811
1735690848.800254 46.863466 -4.350639 0.391448 0.185471 0.017530 -0.978730 -0.085909
1735690848.900099 46.789286 -4.352711 0.382210 0.185379 0.013694 -0.979153 -0.081888
1735690849.000420 46.709235 -4.345543 0.376275 0.183020 0.001591 -0.979851 -0.079957
1735690849.099914 46.624899 -4.331241 0.375385 0.174529 -0.006278 -0.981704 -0.075874
1735690849.199313 46.533360 -4.314287 0.385866 0.178923 -0.015816 -0.981286 -0.069380
1735690849.300272 46.449544 -4.309287 0.395310 0.164126 0.004198 -0.984565 -0.060638
1735690849.400270 46.376499 -4.302497 0.395069 0.179537 0.000730 -0.982277 -0.053840
1735690849.500105 46.303897 -4.302318 0.392491 0.177545 -0.001767 -0.982742 -0.051888
1735690849.600425 46.230023 -4.304331 0.383997 0.178109 -0.001339 -0.982436 -0.055635
1735690849.700260 46.149321 -4.310333 0.378382 0.179571 0.006375 -0.981898 -0.059911
1735690849.800100 46.071310 -4.314456 0.383176 0.170302 0.013744 -0.982637 -0.072335
1735690849.900425 45.993454 -4.317680 0.393138 0.169422 -0.001597 -0.982068 -0.082682
1735690850.000233 45.925525 -4.317691 0.397492 0.177290 0.002736 -0.980428 -0.085571
1735690850.099682 45.857030 -4.313339 0.403538 0.174382 0.000326 -0.980885 -0.086344
1735690850.200442 45.784741 -4.308919 0.398454 0.180301 -0.000448 -0.980376 -0.079714
1735690850.300267 45.708784 -4.307019 0.390308 0.177222 0.004547 -0.982068 -0.064148
1735690850.400117 45.635610 -4.306147 0.390578 0.166351 -0.002519 -0.985075 -0.044130
1735690850.500437 45.563497 -4.310060 0.393485 0.178922 -0.002595 -0.983644 -0.020613
1735690850.600277 45.496000 -4.320242 0.406606 0.157980 0.034118 -0.986853 0.000566
1735690850.700122 45.437329 -4.332578 0.411439 0.166471 0.026588 -0.985581 0.014489
1735690850.800442 45.388146 -4.361813 0.410748 0.170066 0.028515 -0.984647 0.027120
1735690850.900282 45.341177 -4.406600 0.403370 0.172763 0.035855 -0.983357 0.043307
1735690851.000010 45.293424 -4.457065 0.396986 0.172119 0.047171 -0.982406 0.055027
1735690851.099450 45.241227 -4.518775 0.395895 0.171819 0.047579 -0.982258 0.058173
1735690851.200279 45.193188 -4.591506 0.400276 0.172890 0.046326 -0.981186 0.072366
1735690851.300119 45.152349 -4.668140 0.409093 0.155946 0.046700 -0.982083 0.094934
1735690851.400439 45.108778 -4.733437 0.416311 0.169019 0.029494 -0.979506 0.105498
1735690851.500284 45.080418 -4.792067 0.416662 0.167577 0.038479 -0.976518 0.129805
1735690851.600119 45.052054 -4.855422 0.413320 0.170309 0.027922 -0.971642 0.161641
1735690851.700439 45.035268 -4.918487 0.412637 0.150925 0.053385 -0.967087 0.197772
1735690851.800279 45.019905 -4.976535 0.412486 0.167215 0.062859 -0.959547 0.217617
1735690851.900119 45.010415 -5.040169 0.420546 0.160280 0.062840 -0.956485 0.235578
1735690852.000133 45.008250 -5.112419 0.419144 0.150588 0.070512 -0.957810 0.234418
1735690852.100290 45.018221 -5.208973 0.415721 0.139798 0.068566 -0.960757 0.229569
1735690852.200130 45.036801 -5.302055 0.409513 0.145426 0.065950 -0.959458 0.232253
1735690852.300450 45.058127 -5.395142 0.412372 0.155219 0.069301 -0.956483 0.237160
1735690852.400280 45.080086 -5.479521 0.420414 0.160151 0.072808 -0.950841 0.254858
1735690852.500130 45.096376 -5.551954 0.424715 0.149842 0.080036 -0.947417 0.271187
1735690852.600450 45.108560 -5.623852 0.422913 0.147319 0.083178 -0.944032 0.283163
1735690852.700290 45.118454 -5.699524 0.417745 0.145286 0.087575 -0.941104 0.292482
1735690852.800130 45.119981 -5.779017 0.409121 0.144312 0.084986 -0.938681 0.301380
1735690852.900109 45.122754 -5.866157 0.403904 0.144629 0.076314 -0.936309 0.310779
1735690853.000288 45.127549 -5.951541 0.411143 0.156434 0.071248 -0.930949 0.322158
1735690853.100138 45.137575 -6.028100 0.419005 0.160401 0.077627 -0.924631 0.336606
1735690853.200458 45.145176 -6.100119 0.424586 0.156313 0.080239 -0.919513 0.351602
1735690853.300293 45.151568 -6.171085 0.422614 0.155277 0.070640 -0.921387 0.349206
1735690853.400138 45.162593 -6.252103 0.415226 0.150203 0.066180 -0.925589 0.341094
1735690853.500453 45.173223 -6.337981 0.409082 0.144848 0.067569 -0.932546 0.323745
1735690853.600289 45.183175 -6.422503 0.409518 0.162780 0.057096 -0.940022 0.294281
1735690853.700138 45.195729 -6.505941 0.413531 0.160722 0.056529 -0.943873 0.282979
1735690853.800439 45.199757 -6.581466 0.420198 0.175021 0.051195 -0.946352 0.266766
1735690853.900298 45.199328 -6.659607 0.419925 0.163394 0.054951 -0.950283 0.259318
1735690854.000137 45.192520 -6.736111 0.413489 0.160305 0.065426 -0.950677 0.257361
1735690854.100477 45.173729 -6.817208 0.406943 0.163747 0.060335 -0.953931 0.244056
1735690854.200317 45.153306 -6.899020 0.408809 0.174363 0.041603 -0.958831 0.220248
1735690854.300147 45.135632 -6.977340 0.423028 0.165031 0.023374 -0.962755 0.212888
1735690854.400472 45.125697 -7.056018 0.432353 0.173866 0.037081 -0.960139 0.215706
1735690854.500317 45.120725 -7.139651 0.434727 0.159232 0.044296 -0.962250 0.216237
1735690854.600152 45.118091 -7.231523 0.429109 0.154235 0.040040 -0.966323 0.202060
1735690854.700472 45.116129 -7.323634 0.429425 0.139402 0.025865 -0.973554 0.179139
1735690854.800307 45.114201 -7.410905 0.436653 0.156806 0.002556 -0.975389 0.154989
1735690854.900147 45.111251 -7.491419 0.436042 0.163858 0.017029 -0.976253 0.140677
1735690855.000477 45.094524 -7.561243 0.434100 0.170609 0.017065 -0.975763 0.135971
1735690855.100314 45.070329 -7.634264 0.432506 0.160445 0.011776 -0.977573 0.135902
1735690855.200159 45.033883 -7.709944 0.429569 0.147927 0.018309 -0.978943 0.139477
1735690855.300474 44.996324 -7.784774 0.424800 0.146762 0.026260 -0.979762 0.133562
1735690855.400309 44.953789 -7.860326 0.435863 0.150891 0.016336 -0.979640 0.131420
1735690855.500159 44.917120 -7.929875 0.451302 0.138663 0.029203 -0.980405 0.136842
1735690855.600469 44.880945 -7.999368 0.456546 0.137393 0.025678 -0.981033 0.134303
1735690855.700309 44.834992 -8.075229 0.449817 0.133848 0.027595 -0.983119 0.121652
1735690855.800154 44.794451 -8.153323 0.438177 0.128999 0.031789 -0.986100 0.099774
1735690855.900479 44.756171 -8.231649 0.439563 0.124289 0.023765 -0.989389 0.071392
1735690856.000484 44.715111 -8.305623 0.441407 0.143464 0.012259 -0.988450 0.047263
1735690856.100323 44.676482 -8.373004 0.438615 0.165378 0.022857 -0.985308 0.035996
1735690856.200168 44.632491 -8.432638 0.431127 0.158940 0.026328 -0.986502 0.029313
1735690856.299999 44.571831 -8.488280 0.424207 0.153806 0.015267 -0.987832 0.017297
1735690856.400319 44.508845 -8.540649 0.414504 0.157080 -0.001298 -0.987560 0.007094
1735690856.500134 44.444297 -8.585607 0.411923 0.167163 -0.005904 -0.985901 -0.004639
1735690856.600008 44.389099 -8.631048 0.418242 0.167873 -0.005092 -0.985678 -0.015223
1735690856.700324 44.343907 -8.670212 0.427915 0.166196 0.003906 -0.985905 -0.018823
1735690856.800163 44.294365 -8.719592 0.432986 0.149371 0.004526 -0.988193 -0.033806
1735690856.900008 44.248038 -8.771951 0.434243 0.144071 0.003218 -0.987818 -0.058729
1735690857.000273 44.202448 -8.821143 0.428619 0.139494 -0.002377 -0.986833 -0.081826
1735690857.100163 44.142358 -8.879592 0.428403 0.141291 -0.010024 -0.983832 -0.109598
1735690857.200008 44.084492 -8.928975 0.438781 0.154523 -0.022098 -0.978769 -0.132837
1735690857.300333 44.030826 -8.973320 0.439004 0.167852 -0.019988 -0.973701 -0.152749
1735690857.400020 43.970606 -9.008613 0.441675 0.171646 -0.009537 -0.971442 -0.163545
1735690857.499399 43.904158 -9.032969 0.435610 0.170690 -0.002072 -0.968843 -0.179455
1735690857.600323 43.835678 -9.053810 0.425010 0.167391 -0.001024 -0.966895 -0.192597
1735690857.700163 43.752815 -9.075185 0.422523 0.159335 -0.015995 -0.964931 -0.208003
1735690857.800003 43.675354 -9.101019 0.428925 0.161644 -0.032351 -0.961546 -0.219667
1735690857.900328 43.604543 -9.126249 0.436876 0.166054 -0.020899 -0.959786 -0.225390
1735690858.000161 43.543226 -9.145767 0.444274 0.161520 -0.027062 -0.959417 -0.229559
1735690858.100021 43.475618 -9.159627 0.439533 0.151582 -0.027114 -0.955770 -0.250584
1735690858.200346 43.400825 -9.176442 0.428407 0.150299 -0.023331 -0.945621 -0.287519
1735690858.300112 43.325490 -9.193229 0.426836 0.136077 -0.031262 -0.936603 -0.321372
1735690858.399556 43.248084 -9.217034 0.428099 0.157397 -0.056516 -0.921752 -0.349865
1735690858.500341 43.175712 -9.231223 0.433085 0.158880 -0.042351 -0.917233 -0.362833
1735690858.600176 43.111152 -9.231975 0.429244 0.165250 -0.037275 -0.913013 -0.371093
1735690858.700016 43.044211 -9.221469 0.426655 0.165030 -0.031635 -0.908057 -0.383663
1735690858.800336 42.972299 -9.197188 0.425155 0.153284 -0.039677 -0.905865 -0.392859
1735690858.900181 42.900276 -9.173621 0.423734 0.158249 -0.051856 -0.903122 -0.395776
1735690859.000019 42.840047 -9.150474 0.429684 0.161405 -0.054717 -0.906802 -0.385569
1735690859.100349 42.771812 -9.131685 0.426567 0.188616 -0.046490 -0.906920 -0.373843
1735690859.200179 42.699485 -9.121247 0.425276 0.174849 -0.034909 -0.919624 -0.350002
1735690859.299534 42.616844 -9.108510 0.415917 0.174853 -0.009990 -0.925685 -0.335312
1735690859.399042 42.538186 -9.089183 0.416049 0.158438 -0.010294 -0.927114 -0.339488
1735690859.500149 42.467280 -9.071418 0.417678 0.175838 -0.032382 -0.923679 -0.338893
1735690859.600019 42.402286 -9.048838 0.420074 0.204797 -0.017119 -0.917621 -0.340200
1735690859.700339 42.342972 -9.018010 0.421382 0.197264 -0.006954 -0.920054 -0.338436
1735690859.800179 42.281727 -8.983406 0.416628 0.199752 -0.000475 -0.922738 -0.329627
1735690859.900024 42.216260 -8.942888 0.414563 0.179280 0.012600 -0.928629 -0.324572
1735690860.000351 42.156072 -8.917631 0.417626 0.182127 -0.013386 -0.929248 -0.321169
1735690860.100191 42.091840 -8.901930 0.408299 0.191079 -0.018537 -0.926473 -0.323717
1735690860.199951 42.026303 -8.891931 0.402911 0.179778 -0.035579 -0.927587 -0.325571
1735690860.299421 41.952737 -8.887289 0.395607 0.163003 -0.033079 -0.928018 -0.333344
1735690860.398919 41.872029 -8.884829 0.388071 0.162707 -0.042788 -0.921161 -0.350937
1735690860.500021 41.783291 -8.876037 0.389444 0.162127 -0.051847 -0.910810 -0.376102
1735690860.600346 41.704442 -8.875570 0.399807 0.165484 -0.065226 -0.901418 -0.394724
1735690860.700191 41.626137 -8.875455 0.413604 0.164082 -0.063575 -0.903238 -0.391404
1735690860.800031 41.547936 -8.867823 0.418440 0.164389 -0.043117 -0.908328 -0.382175
1735690860.900346 41.471169 -8.847475 0.410831 0.164710 -0.044985 -0.910476 -0.376670
1735690861.000179 41.389360 -8.826099 0.402817 0.163609 -0.046436 -0.915485 -0.364640
1735690861.100044 41.300592 -8.795092 0.402805 0.153872 -0.052382 -0.919577 -0.357711
1735690861.199874 41.214937 -8.757097 0.413183 0.149467 -0.052911 -0.921265 -0.355148
1735690861.299318 41.135948 -8.732200 0.422761 0.151075 -0.036451 -0.925744 -0.344741
1735690861.400034 41.066766 -8.706817 0.431730 0.141498 -0.033306 -0.929602 -0.338688
1735690861.500354 40.996435 -8.693928 0.428608 0.141060 -0.031349 -0.927288 -0.345336
1735690861.600199 40.920926 -8.683584 0.415383 0.147627 -0.029214 -0.922928 -0.354340
1735690861.700038 40.838815 -8.683634 0.406377 0.153210 -0.024015 -0.916254 -0.369363
1735690861.800359 40.762780 -8.671991 0.409722 0.165447 -0.048942 -0.900562 -0.399025
1735690861.900198 40.687593 -8.666793 0.416889 0.168072 -0.050926 -0.898377 -0.402588
1735690862.000040 40.618522 -8.664640 0.421948 0.176971 -0.053178 -0.899069 -0.396899
1735690862.100360 40.543784 -8.643325 0.428637 0.165734 -0.030647 -0.909823 -0.379230
1735690862.200196 40.472237 -8.617861 0.429620 0.159069 -0.014944 -0.917351 -0.364611
1735690862.300035 40.391284 -8.586501 0.430189 0.128894 -0.022589 -0.930297 -0.342671
1735690862.400365 40.313079 -8.543286 0.428976 0.145130 -0.013343 -0.930384 -0.336370
1735690862.500200 40.231065 -8.511077 0.434522 0.129957 -0.026381 -0.936762 -0.323872
1735690862.600040 40.154474 -8.474706 0.439429 0.147769 -0.029185 -0.936869 -0.315576
1735690862.700365 40.078990 -8.442798 0.437617 0.140471 -0.032484 -0.939652 -0.310269
1735690862.800171 39.996044 -8.416450 0.430476 0.142334 -0.028893 -0.939707 -0.309606
1735690862.900035 39.908278 -8.384782 0.425633 0.141819 -0.014236 -0.939528 -0.311404
1735690863.000361 39.823287 -8.349385 0.423558 0.139348 -0.011773 -0.935070 -0.325711
1735690863.099959 39.743134 -8.319843 0.423672 0.149467 -0.030635 -0.927766 -0.340546
1735690863.200051 39.668054 -8.291072 0.431141 0.165043 -0.037265 -0.922252 -0.347596
1735690863.300371 39.593200 -8.246371 0.426357 0.157438 -0.022049 -0.923202 -0.349894
1735690863.400211 39.518933 -8.194898 0.412179 0.160974 -0.032558 -0.920385 -0.354852
1735690863.500056 39.440276 -8.150853 0.406577 0.156471 -0.026676 -0.922918 -0.350752
1735690863.600371 39.353984 -8.093911 0.407991 0.164410 -0.037015 -0.921859 -0.348964
1735690863.700211 39.277927 -8.044610 0.412327 0.158433 -0.036608 -0.924236 -0.345467
1735690863.800051 39.209264 -8.003463 0.418815 0.178539 -0.047760 -0.920521 -0.344215
1735690863.900381 39.138163 -7.968658 0.419318 0.171989 -0.036122 -0.919919 -0.350520
1735690864.000003 39.068057 -7.934518 0.407190 0.176611 -0.032229 -0.909940 -0.373870
1735690864.100060 38.984872 -7.906776 0.403336 0.172004 -0.034244 -0.901144 -0.396462
1735690864.200375 38.891905 -7.889138 0.406464 0.177684 -0.048232 -0.892045 -0.412745
1735690864.300215 38.794937 -7.874808 0.417117 0.165257 -0.042585 -0.892218 -0.418120
1735690864.400050 38.706507 -7.863251 0.430491 0.163487 -0.053107 -0.894256 -0.413230
1735690864.500380 38.620480 -7.843254 0.435430 0.162495 -0.030897 -0.902735 -0.397128
1735690864.600215 38.531087 -7.816130 0.432339 0.156689 -0.022333 -0.910277 -0.382552
1735690864.700050 38.435456 -7.790046 0.425071 0.151133 -0.030336 -0.913512 -0.376477
1735690864.800380 38.341042 -7.764478 0.420921 0.153393 -0.051646 -0.913338 -0.373654
1735690864.900220 38.251217 -7.755064 0.418360 0.152605 -0.051855 -0.922162 -0.351623
1735690865.000062 38.161725 -7.747237 0.421393 0.175167 -0.044775 -0.925290 -0.333392
1735690865.100386 38.076670 -7.737661 0.421684 0.164076 -0.046521 -0.929119 -0.328105
1735690865.200222 37.983805 -7.734693 0.415426 0.148594 -0.043619 -0.930695 -0.331398
1735690865.300061 37.891416 -7.733669 0.413735 0.144202 -0.034766 -0.927519 -0.343083
1735690865.400386 37.790911 -7.736893 0.417851 0.140535 -0.040196 -0.921500 -0.359821
1735690865.500226 37.696158 -7.734909 0.426139 0.138819 -0.041270 -0.917603 -0.370178
1735690865.600057 37.621821 -7.722135 0.433216 0.149304 -0.055812 -0.911161 -0.379973
1735690865.700352 37.548463 -7.710935 0.434677 0.146381 -0.045410 -0.909934 -0.385396
1735690865.800221 37.474094 -7.685206 0.429720 0.145880 -0.046064 -0.905941 -0.394800
1735690865.900061 37.390957 -7.659025 0.420383 0.149667 -0.038485 -0.903597 -0.399539
1735690866.000375 37.305102 -7.625952 0.417715 0.150764 -0.052870 -0.899177 -0.407376
1735690866.100230 37.211881 -7.594723 0.427056 0.137664 -0.049414 -0.903424 -0.403029
1735690866.200079 37.116122 -7.574229 0.439026 0.149425 -0.036249 -0.906825 -0.392462
1735690866.300390 37.024527 -7.550773 0.440181 0.147572 -0.018884 -0.912375 -0.381363
1735690866.400239 36.926564 -7.531253 0.435366 0.144322 -0.017714 -0.910182 -0.387849
1735690866.500079 36.830701 -7.503909 0.428224 0.142599 -0.020764 -0.900657 -0.409940
1735690866.600365 36.748653 -7.486744 0.433073 0.144916 -0.044746 -0.887046 -0.436059
1735690866.700081 36.677613 -7.466010 0.437638 0.145694 -0.034309 -0.878629 -0.453439
1735690866.800074 36.614569 -7.441333 0.435724 0.163891 -0.066762 -0.861967 -0.475073
1735690866.900394 36.551840 -7.410762 0.437706 0.156574 -0.058490 -0.857594 -0.486412
1735690867.000236 36.493700 -7.380603 0.433602 0.146814 -0.052615 -0.855369 -0.493985
1735690867.100086 36.429960 -7.328388 0.422351 0.140630 -0.060090 -0.850841 -0.502675
1735690867.200416 36.362232 -7.266846 0.412199 0.154386 -0.076362 -0.838587 -0.516823
1735690867.300256 36.297395 -7.203028 0.423584 0.141775 -0.070369 -0.841233 -0.516986
1735690867.400091 36.228377 -7.134727 0.428197 0.159611 -0.065864 -0.842119 -0.510902
1735690867.500144 36.157317 -7.078213 0.419260 0.161390 -0.070148 -0.835382 -0.520739
1735690867.599583 36.092225 -7.020606 0.412795 0.145797 -0.061335 -0.832461 -0.531028
1735690867.699042 36.027246 -6.955978 0.408138 0.137457 -0.068597 -0.824403 -0.544757
1735690867.800416 35.960043 -6.894477 0.409573 0.149077 -0.100288 -0.803733 -0.567214
1735690867.900246 35.907177 -6.834408 0.427226 0.135362 -0.071323 -0.796338 -0.585181
1735690868.000092 35.858119 -6.758305 0.435426 0.136112 -0.083403 -0.782488 -0.601855
1735690868.100412 35.819828 -6.692968 0.432683 0.141263 -0.077622 -0.772231 -0.614556
1735690868.200262 35.786113 -6.607772 0.419987 0.140811 -0.077966 -0.763536 -0.625385
1735690868.300102 35.750305 -6.522879 0.408449 0.149672 -0.081194 -0.749808 -0.639369
1735690868.400412 35.704063 -6.443314 0.411250 0.139546 -0.095621 -0.747192 -0.642719
1735690868.499891 35.666755 -6.366905 0.415601 0.154984 -0.106025 -0.740181 -0.645656
1735690868.599290 35.629538 -6.296448 0.423248 0.147224 -0.091854 -0.744387 -0.644807
1735690868.700417 35.590458 -6.209189 0.415727 0.142138 -0.090794 -0.738715 -0.652575
1735690868.800252 35.545680 -6.135422 0.402056 0.144748 -0.088819 -0.725854 -0.666554
1735690868.900101 35.501481 -6.052786 0.399763 0.147164 -0.096429 -0.713156 -0.678567
1735690869.000409 35.457000 -5.966379 0.415671 0.142277 -0.097962 -0.705560 -0.687274
1735690869.100274 35.421092 -5.895801 0.427873 0.137762 -0.103624 -0.694743 -0.698295
1735690869.200114 35.387519 -5.825688 0.424469 0.143229 -0.096978 -0.695723 -0.697173
1735690869.300434 35.362516 -5.737163 0.409162 0.155848 -0.093210 -0.694290 -0.696408
1735690869.400150 35.343609 -5.645742 0.397212 0.155699 -0.090115 -0.698740 -0.692387
1735690869.499560 35.325846 -5.547208 0.393728 0.156843 -0.094805 -0.703353 -0.686809
1735690869.600429 35.311167 -5.451624 0.402048 0.148537 -0.094145 -0.714463 -0.677212
1735690869.700274 35.295671 -5.362440 0.405339 0.171708 -0.102248 -0.717759 -0.666996
1735690869.800114 35.277034 -5.273521 0.399271 0.180383 -0.103723 -0.725876 -0.655597
1735690869.900434 35.252117 -5.191000 0.381979 0.185888 -0.102512 -0.723330 -0.657062
1735690870.000270 35.230824 -5.106855 0.371963 0.184568 -0.096671 -0.719068 -0.662971
1735690870.100111 35.213875 -5.010708 0.378211 0.173422 -0.114230 -0.705969 -0.677114
1735690870.200440 35.202888 -4.920672 0.387238 0.162395 -0.108860 -0.700606 -0.686242
1735690870.300280 35.202310 -4.845854 0.388782 0.167074 -0.128562 -0.691083 -0.691349
1735690870.399848 35.204675 -4.763073 0.381082 0.166594 -0.128102 -0.678912 -0.703502
1735690870.499312 35.215720 -4.676799 0.375431 0.152208 -0.125578 -0.676587 -0.709431
1735690870.600275 35.231474 -4.583158 0.369441 0.147882 -0.122188 -0.671123 -0.716097
1735690870.700110 35.249972 -4.490736 0.374348 0.144735 -0.136536 -0.661892 -0.722709
1735690870.800430 35.262285 -4.404276 0.389071 0.146481 -0.116968 -0.667054 -0.721041
1735690870.900280 35.266279 -4.321264 0.392310 0.157403 -0.129485 -0.668833 -0.714927
1735690871.000119 35.270352 -4.249522 0.391761 0.162847 -0.121001 -0.668756 -0.715265
1735690871.100454 35.277279 -4.156789 0.384943 0.162004 -0.111140 -0.660758 -0.724432
1735690871.200294 35.283307 -4.070895 0.384276 0.156155 -0.103919 -0.648452 -0.737785
1735690871.300139 35.291274 -3.982947 0.388660 0.166778 -0.124153 -0.627230 -0.750569
1735690871.399672 35.297665 -3.900209 0.401695 0.150360 -0.105206 -0.620500 -0.762433
1735690871.500294 35.307845 -3.822240 0.402990 0.152688 -0.127347 -0.602890 -0.772653
1735690871.600134 35.316620 -3.750091 0.398377 0.163586 -0.121646 -0.601408 -0.772496
1735690871.700454 35.331019 -3.663824 0.390500 0.163715 -0.116904 -0.606019 -0.769592
1735690871.800294 35.353627 -3.572135 0.387365 0.150393 -0.122339 -0.608610 -0.769421
1735690871.900129 35.372948 -3.483499 0.392917 0.141016 -0.136269 -0.611649 -0.766440
1735690872.000456 35.389768 -3.392275 0.404345 0.132696 -0.112496 -0.626336 -0.759895
1735690872.100305 35.401983 -3.314236 0.409644 0.140647 -0.133120 -0.628622 -0.753214
1735690872.200150 35.415695 -3.223721 0.404384 0.137441 -0.127873 -0.634451 -0.749821
1735690872.300273 35.435047 -3.127361 0.385855 0.143832 -0.130869 -0.626919 -0.754426
1735690872.400311 35.446066 -3.036015 0.371372 0.152023 -0.138362 -0.614071 -0.762011
1735690872.500145 35.461824 -2.943278 0.364362 0.161383 -0.148843 -0.600591 -0.768825
1735690872.600461 35.473712 -2.860220 0.366873 0.154047 -0.149816 -0.595820 -0.773837
1735690872.700301 35.480863 -2.773377 0.376298 0.152755 -0.153562 -0.603509 -0.767373
1735690872.800141 35.489105 -2.690916 0.373340 0.160136 -0.141376 -0.615515 -0.758625
1735690872.900465 35.507598 -2.602421 0.364967 0.157752 -0.140372 -0.631346 -0.746199
1735690873.000300 35.532044 -2.510411 0.362929 0.154830 -0.128072 -0.650804 -0.732175
1735690873.100155 35.545516 -2.418076 0.373505 0.154524 -0.128960 -0.667154 -0.717215
1735690873.200005 35.556821 -2.326626 0.374750 0.171063 -0.107639 -0.685032 -0.699916
1735690873.300325 35.560774 -2.247333 0.377566 0.172579 -0.121662 -0.691982 -0.690345
1735690873.400165 35.565152 -2.162728 0.367228 0.176457 -0.115134 -0.696922 -0.685498
1735690873.500005 35.564285 -2.073312 0.354771 0.170313 -0.118329 -0.693905 -0.689556
1735690873.600320 35.563046 -1.979040 0.347435 0.167449 -0.120534 -0.696025 -0.687736
1735690873.700160 35.554644 -1.894074 0.359665 0.173672 -0.127859 -0.698132 -0.682716
1735690873.799995 35.547705 -1.810725 0.373727 0.162473 -0.110287 -0.702465 -0.684092
1735690873.900320 35.540601 -1.723701 0.378783 0.147324 -0.119474 -0.706401 -0.681923
1735690874.000157 35.539453 -1.635088 0.374548 0.148459 -0.115525 -0.715221 -0.673107
1735690874.100017 35.537400 -1.540310 0.361942 0.153335 -0.110269 -0.727296 -0.659825
1735690874.200337 35.537746 -1.445353 0.363167 0.146850 -0.103987 -0.740986 -0.646964
1735690874.300177 35.536881 -1.341562 0.376561 0.151337 -0.108744 -0.750002 -0.634641
1735690874.400017 35.526441 -1.240942 0.387029 0.148872 -0.091564 -0.764812 -0.620094
1735690874.500337 35.503004 -1.145855 0.382773 0.170882 -0.113021 -0.772683 -0.600822
1735690874.600167 35.458839 -1.065453 0.375516 0.174929 -0.100021 -0.794166 -0.573320
1735690874.700002 35.398932 -0.983191 0.361795 0.185705 -0.097904 -0.809893 -0.547725
1735690874.800332 35.341049 -0.912463 0.359511 0.192196 -0.094753 -0.816788 -0.535668
1735690874.900172 35.273531 -0.839370 0.370842 0.177506 -0.106821 -0.826560 -0.523336
1735690875.000006 35.221833 -0.773555 0.384805 0.183379 -0.094955 -0.836636 -0.507343
1735690875.100336 35.168234 -0.708610 0.389714 0.182468 -0.082240 -0.849417 -0.488295
1735690875.200166 35.113761 -0.637924 0.382177 0.189961 -0.080508 -0.862071 -0.462890
1735690875.300016 35.054538 -0.570819 0.376002 0.185228 -0.066408 -0.881889 -0.428429
1735690875.400336 35.002919 -0.496614 0.376222 0.179276 -0.063601 -0.894772 -0.403978
1735690875.500117 34.958312 -0.433321 0.384212 0.181437 -0.065410 -0.906948 -0.374495
1735690875.600011 34.897941 -0.380864 0.383840 0.196021 -0.038707 -0.917626 -0.343571
1735690875.700331 34.835680 -0.343261 0.376394 0.201406 -0.045524 -0.926300 -0.315169
1735690875.800171 34.759828 -0.316340 0.364592 0.205860 -0.033983 -0.935654 -0.284638
1735690875.900011 34.678695 -0.294717 0.358975 0.201519 -0.020970 -0.942625 -0.265347
1735690876.000334 34.593682 -0.280507 0.364973 0.194919 -0.013791 -0.947367 -0.253597
1735690876.100184 34.515977 -0.256725 0.379457 0.186559 -0.024865 -0.950585 -0.246914
1735690876.200024 34.433850 -0.236314 0.386816 0.182700 -0.015982 -0.951728 -0.246129
1735690876.300339 34.355069 -0.220253 0.398568 0.177500 -0.016576 -0.955262 -0.235994
1735690876.400179 34.277997 -0.207305 0.405535 0.163256 -0.000541 -0.962169 -0.218122
1735690876.500019 34.194436 -0.194622 0.400696 0.164868 0.011871 -0.965579 -0.200836
1735690876.600324 34.108543 -0.180757 0.396314 0.156063 0.021596 -0.971594 -0.176585
1735690876.700174 34.037909 -0.162225 0.394444 0.151838 0.005494 -0.975004 -0.162116
1735690876.799713 33.953535 -0.140697 0.397867 0.155855 -0.014244 -0.977404 -0.142084
1735690876.900339 33.869865 -0.134627 0.394156 0.169954 0.001865 -0.977972 -0.121173
1735690877.000183 33.795258 -0.132132 0.390451 0.179491 0.000468 -0.978670 -0.099939
1735690877.100018 33.725186 -0.130649 0.380722 0.185541 0.001356 -0.978194 -0.093325
1735690877.200343 33.645433 -0.133122 0.378412 0.180859 -0.005007 -0.978633 -0.097683
1735690877.300183 33.558001 -0.134258 0.369049 0.175403 0.008039 -0.979314 -0.100568
1735690877.400023 33.457356 -0.133216 0.371742 0.183461 0.016954 -0.977165 -0.105841
1735690877.500328 33.384526 -0.135271 0.393537 0.154887 0.018324 -0.982040 -0.106165
1735690877.600188 33.316951 -0.135488 0.398504 0.168468 0.008967 -0.979949 -0.106007
1735690877.699880 33.247414 -0.136278 0.397475 0.167676 0.021140 -0.981287 -0.092270
1735690877.799339 33.182032 -0.129258 0.386802 0.176342 0.014320 -0.980768 -0.082420
1735690877.900183 33.115838 -0.123543 0.377107 0.179747 0.010328 -0.981151 -0.070200
1735690878.000035 33.054399 -0.110524 0.371629 0.185609 0.002899 -0.980906 -0.057995
1735690878.100355 32.991152 -0.099777 0.362691 0.192388 0.010704 -0.980111 -0.047477
1735690878.200185 32.932804 -0.097004 0.354642 0.212852 0.022517 -0.975806 -0.044604
1735690878.300035 32.882401 -0.095012 0.351330 0.226414 0.014758 -0.973219 -0.036932
1735690878.400350 32.826883 -0.096865 0.343506 0.224882 0.014253 -0.973657 -0.034893
1735690878.500185 32.768519 -0.109195 0.330998 0.223234 0.015777 -0.973623 -0.044447
1735690878.600025 32.693102 -0.118665 0.317482 0.222149 0.007978 -0.973208 -0.058764
1735690878.699563 32.603548 -0.127708 0.305695 0.208648 -0.006834 -0.975761 -0.065646
1735690878.798681 32.515313 -0.148735 0.291848 0.200496 -0.000568 -0.976742 -0.076000
1735690878.900020 32.424156 -0.169673 0.289039 0.207818 -0.000470 -0.974911 -0.079750
1735690879.000357 32.354164 -0.187066 0.285118 0.218358 -0.001485 -0.972871 -0.076416
1735690879.100192 32.269314 -0.197770 0.277522 0.218335 -0.002890 -0.973532 -0.067510
1735690879.200032 32.180167 -0.206374 0.263948 0.225829 0.004897 -0.972690 -0.053404
1735690879.300352 32.082206 -0.209716 0.260325 0.222256 -0.007445 -0.973872 -0.046038
1735690879.399945 31.990118 -0.206990 0.270999 0.205113 -0.021120 -0.977899 -0.034574
1735690879.500037 31.891904 -0.211698 0.278522 0.202720 -0.005000 -0.979013 -0.020327
1735690879.599892 31.802293 -0.216223 0.279086 0.204035 0.000391 -0.978961 -0.002268
1735690879.699326 31.729242 -0.218915 0.271576 0.202041 0.013898 -0.979278 -0.000223
1735690879.798829 31.642197 -0.227365 0.261697 0.185772 0.011790 -0.982426 -0.013741
1735690879.900357 31.552390 -0.232569 0.255656 0.183544 0.010958 -0.982276 -0.036415
1735690880.000188 31.466757 -0.242899 0.270289 0.187782 -0.005420 -0.980699 -0.054201
1735690880.100028 31.395946 -0.251454 0.277925 0.190391 -0.007011 -0.979274 -0.068738
1735690880.200348 31.320420 -0.254580 0.278715 0.197750 -0.015684 -0.976580 -0.083311
1735690880.300193 31.236134 -0.252970 0.271457 0.202332 -0.009592 -0.974958 -0.091799
1735690880.400023 31.143656 -0.243771 0.261197 0.205330 -0.007020 -0.974313 -0.092215
1735690880.500279 31.041923 -0.223912 0.258494 0.204025 -0.012423 -0.972857 -0.108481
1735690880.599703 30.935471 -0.200134 0.269065 0.190494 -0.025474 -0.974052 -0.119528
1735690880.699157 30.828323 -0.182224 0.276646 0.190332 -0.014122 -0.974497 -0.118023
1735690880.800353 30.737542 -0.169400 0.279693 0.196647 -0.018197 -0.973609 -0.114385
1735690880.900183 30.652292 -0.157226 0.273366 0.200732 -0.022223 -0.971967 -0.120388
1735690881.000030 30.558040 -0.145561 0.264917 0.192284 -0.020907 -0.972745 -0.127892
1735690881.100355 30.467887 -0.141887 0.263730 0.196647 -0.021007 -0.970819 -0.135646
1735690881.200185 30.379221 -0.130537 0.268757 0.198382 -0.022605 -0.970166 -0.137518
1735690881.300025 30.302754 -0.117186 0.281283 0.200215 -0.045543 -0.967352 -0.148562
1735690881.400345 30.228037 -0.097414 0.282433 0.199552 -0.040809 -0.967145 -0.152134
1735690881.500081 30.146538 -0.072590 0.284838 0.184425 -0.026733 -0.970527 -0.152808
1735690881.599495 30.063726 -0.040912 0.284218 0.180568 -0.024723 -0.971599 -0.150928
1735690881.700350 29.976054 -0.017290 0.286913 0.183227 -0.031194 -0.971722 -0.145638
1735690881.800190 29.897257 0.007041 0.292833 0.183329 -0.029930 -0.973746 -0.131580
1735690881.900030 29.815897 0.021945 0.299092 0.198126 -0.018116 -0.973574 -0.112119
1735690882.000331 29.737775 0.037484 0.306990 0.195496 -0.013823 -0.975794 -0.097037
1735690882.100201 29.659952 0.047938 0.301958 0.200896 -0.018377 -0.974757 -0.095670
1735690882.200041 29.579251 0.055670 0.297414 0.201359 -0.000685 -0.974362 -0.100366
1735690882.300361 29.495584 0.072470 0.308280 0.191971 0.002886 -0.974936 -0.112422
1735690882.400191 29.412560 0.089614 0.318114 0.184055 0.007683 -0.974134 -0.130874
1735690882.500036 29.333385 0.108339 0.320013 0.199278 -0.002029 -0.968804 -0.147322
1735690882.600351 29.260978 0.129008 0.309679 0.193537 0.002483 -0.968539 -0.156424
1735690882.700201 29.193646 0.160186 0.303169 0.198501 -0.004022 -0.966084 -0.165116
1735690882.800031 29.127653 0.196195 0.294498 0.194620 -0.015298 -0.966588 -0.166123
1735690882.899876 29.049879 0.234719 0.300562 0.189334 -0.030220 -0.966710 -0.169443
1735690883.000195 28.968146 0.273793 0.309776 0.198881 -0.037826 -0.965146 -0.165854
1735690883.100050 28.888282 0.311488 0.309575 0.192519 -0.026569 -0.968357 -0.156576
1735690883.200375 28.807627 0.347863 0.306814 0.202554 -0.014955 -0.966826 -0.154909
1735690883.300210 28.732336 0.384815 0.305208 0.198212 -0.019858 -0.966865 -0.159652
1735690883.400055 28.661771 0.422949 0.284881 0.191217 -0.025206 -0.965949 -0.172464
1735690883.500365 28.573971 0.452869 0.266018 0.208427 -0.029399 -0.959292 -0.188289
1735690883.600210 28.487355 0.485004 0.268537 0.216415 -0.017911 -0.955233 -0.200931
1735690883.700035 28.407550 0.517436 0.275881 0.198365 -0.023752 -0.955779 -0.215808
1735690883.800375 28.336093 0.555595 0.296821 0.199436 -0.034645 -0.951696 -0.230866
1735690883.900210 28.255328 0.586348 0.304275 0.191592 -0.030539 -0.953111 -0.232250
1735690884.000057 28.180476 0.622898 0.308746 0.184264 -0.031762 -0.958028 -0.217303
1735690884.100372 28.094094 0.663989 0.316184 0.188505 -0.022284 -0.961701 -0.197739
1735690884.200212 28.009015 0.708461 0.324947 0.185807 -0.016923 -0.965360 -0.182400
1735690884.299973 27.925072 0.757712 0.338492 0.174882 -0.013965 -0.967261 -0.183380
1735690884.400372 27.841481 0.806329 0.339406 0.192429 -0.012725 -0.963347 -0.186474
1735690884.500183 27.765473 0.842402 0.335157 0.194450 -0.010516 -0.963128 -0.185645
1735690884.599577 27.690149 0.876679 0.333764 0.197102 -0.014605 -0.963186 -0.182235
1735690884.700372 27.593321 0.900185 0.333875 0.194989 -0.009963 -0.964257 -0.179132
1735690884.800217 27.508052 0.925012 0.344642 0.204166 -0.010811 -0.962772 -0.176831
1735690884.900057 27.426415 0.955003 0.360829 0.183457 0.000221 -0.967143 -0.176007
1735690885.000384 27.365430 0.978692 0.372044 0.177592 -0.015781 -0.967756 -0.177936
1735690885.100219 27.296553 1.004625 0.372130 0.176499 -0.014192 -0.970389 -0.164291
1735690885.199792 27.225064 1.034835 0.360952 0.182331 -0.001726 -0.972382 -0.145691
1735690885.300344 27.155061 1.072432 0.350152 0.191656 0.012332 -0.973197 -0.126503
1735690885.400224 27.092658 1.109093 0.347694 0.201985 0.000130 -0.973271 -0.109294
1735690885.500059 27.031101 1.134520 0.349537 0.197433 0.011324 -0.975830 -0.092989
1735690885.600379 26.975432 1.164286 0.346502 0.215899 0.001357 -0.972774 -0.084243
1735690885.700214 26.915098 1.179605 0.351625 0.213318 -0.006408 -0.973746 -0.079208
1735690885.800064 26.854917 1.198558 0.343800 0.217415 -0.009841 -0.972819 -0.079102
1735690885.900384 26.783092 1.211073 0.332669 0.221527 0.004335 -0.971891 -0.079591
1735690886.000228 26.705546 1.216432 0.325542 0.223173 0.006037 -0.971201 -0.083221
1735690886.099900 26.625745 1.220864 0.324320 0.217502 0.000147 -0.972853 -0.079055
1735690886.200393 26.552912 1.222791 0.319763 0.230677 -0.004164 -0.969874 -0.078205
1735690886.300223 26.486589 1.214840 0.316565 0.214972 -0.004395 -0.974533 -0.063671
1735690886.400023 26.412291 1.216129 0.302474 0.224916 -0.001146 -0.973282 -0.046181
1735690886.500383 26.332877 1.219407 0.285918 0.230732 -0.001936 -0.972487 -0.032059
1735690886.600233 26.244997 1.233270 0.285748 0.221537 -0.002414 -0.974946 -0.019887
1735690886.700068 26.157786 1.241987 0.299692 0.212740 -0.009172 -0.976872 -0.019441
1735690886.800393 26.083459 1.249097 0.306306 0.216022 -0.004739 -0.976264 -0.014874
1735690886.900233 26.013039 1.252009 0.308889 0.221284 -0.009377 -0.975092 -0.011872
1735690886.999707 25.958795 1.242311 0.304770 0.223365 0.001562 -0.974690 -0.009222
1735690887.100359 25.904183 1.224019 0.296519 0.224043 0.021684 -0.974321 -0.005799
1735690887.200194 25.838834 1.202572 0.297646 0.217258 0.018231 -0.975836 -0.014493
1735690887.299732 25.756929 1.174103 0.300599 0.217520 0.013275 -0.975526 -0.029297
1735690887.400383 25.685612 1.139389 0.314575 0.200088 0.024807 -0.979128 -0.025637
1735690887.500233 25.604698 1.097797 0.324682 0.207922 0.010848 -0.977740 -0.025966
1735690887.600064 25.525229 1.061466 0.331595 0.200758 0.023388 -0.979317 -0.009376
1735690887.700393 25.439901 1.040665 0.333711 0.190991 0.023252 -0.981316 0.001088
1735690887.800224 25.344401 1.028986 0.331349 0.182844 0.023176 -0.982824 0.009344
1735690887.899762 25.264820 1.016492 0.333040 0.173757 0.022888 -0.984382 0.016642
1735690888.000382 25.170453 0.999529 0.345297 0.176064 0.019964 -0.983772 0.028206
1735690888.100232 25.087739 0.979247 0.348481 0.175969 0.046367 -0.982339 0.043532
1735690888.200082 25.024621 0.957924 0.345782 0.175359 0.043693 -0.981579 0.061987
1735690888.300397 24.948433 0.937618 0.330413 0.178410 0.037992 -0.981448 0.059049
1735690888.400242 24.872124 0.904968 0.316507 0.184855 0.037538 -0.980919 0.047084
1735690888.500072 24.786447 0.869453 0.305039 0.181824 0.044719 -0.981687 0.035094
1735690888.600397 24.707496 0.834239 0.313273 0.192324 0.026941 -0.980838 0.015550
1735690888.700232 24.634375 0.803972 0.326903 0.192342 0.026474 -0.980967 0.002882
1735690888.800067 24.560911 0.779029 0.339059 0.184425 0.016990 -0.982698 0.001817
1735690888.899472 24.489263 0.753430 0.336421 0.182554 0.031432 -0.982682 0.004719
1735690889.000243 24.404540 0.727027 0.332105 0.184656 0.028555 -0.982315 0.012018
1735690889.099747 24.325113 0.701669 0.324272 0.174731 0.018393 -0.984320 0.015645
1735690889.200393 24.242972 0.680151 0.322254 0.194035 0.003549 -0.980813 0.018524
1735690889.300243 24.154815 0.653221 0.316146 0.193866 0.016315 -0.980670 0.020909
1735690889.400083 24.082991 0.631924 0.320489 0.208904 0.007770 -0.977526 0.027250
1735690889.500403 24.007022 0.613327 0.316978 0.205059 0.015452 -0.978518 0.014656
1735690889.599991 23.928503 0.593231 0.306825 0.196440 0.015386 -0.980366 -0.007571
1735690889.699410 23.853989 0.568343 0.299863 0.190537 0.013999 -0.981229 -0.026243
1735690889.799864 23.771200 0.541530 0.298777 0.209725 0.012834 -0.976677 -0.044200
1735690889.899318 23.691618 0.516974 0.305447 0.198098 0.007790 -0.978602 -0.055091
1735690890.000087 23.616992 0.496838 0.311560 0.205739 -0.004549 -0.976640 -0.061852
1735690890.100402 23.542412 0.485017 0.309754 0.206769 0.004151 -0.976573 -0.059454
1735690890.200246 23.458496 0.486990 0.305519 0.200791 0.003596 -0.977947 -0.057361
1735690890.300086 23.373217 0.495133 0.302165 0.194221 0.004295 -0.979640 -0.050652
1735690890.400406 23.278080 0.502812 0.314182 0.201082 -0.001615 -0.978391 -0.048101
1735690890.500242 23.187371 0.505001 0.334926 0.191471 0.002911 -0.980887 -0.034508
1735690890.600077 23.094204 0.502408 0.346481 0.193032 0.006687 -0.980936 -0.021395
1735690890.700174 23.011393 0.495409 0.347964 0.187732 0.007613 -0.981955 -0.021527
1735690890.799633 22.925014 0.482846 0.342708 0.176479 0.015006 -0.983749 -0.029472
1735690890.899092 22.838103 0.462998 0.337398 0.172998 0.020234 -0.983858 -0.041046
1735690891.000403 22.753723 0.441227 0.332878 0.184978 0.017383 -0.981098 -0.054102
1735690891.100258 22.654120 0.416090 0.338790 0.173042 0.016352 -0.983083 -0.057759
1735690891.200089 22.578923 0.398873 0.343264 0.185742 0.003255 -0.980930 -0.057149
1735690891.300414 22.504073 0.386812 0.338163 0.189168 0.011719 -0.980477 -0.052374
1735690891.400259 22.421209 0.380896 0.328986 0.184882 0.013772 -0.981702 -0.043476
1735690891.500098 22.323788 0.376778 0.324140 0.179835 0.007509 -0.983006 -0.036077
1735690891.600414 22.226715 0.372938 0.328198 0.183066 -0.006096 -0.982599 -0.030811
1735690891.700021 22.137818 0.370264 0.336320 0.170567 0.000619 -0.985130 -0.020628
1735690891.799579 22.052089 0.364258 0.339907 0.183988 0.009167 -0.982850 -0.008368
1735690891.900414 21.959233 0.350865 0.343231 0.182057 0.016677 -0.983146 0.000682
1735690892.000260 21.870738 0.335985 0.335921 0.176310 0.017999 -0.984167 -0.002656
1735690892.100095 21.781322 0.322963 0.325964 0.172784 0.018223 -0.984644 -0.017012
1735690892.200405 21.696319 0.319301 0.331666 0.175142 0.010788 -0.983887 -0.034290
1735690892.300260 21.606736 0.311688 0.341602 0.172752 0.000069 -0.984000 -0.043588
1735690892.400100 21.533223 0.313652 0.339277 0.178711 -0.008273 -0.982428 -0.053183
1735690892.500420 21.456840 0.315675 0.343308 0.177388 0.001110 -0.982706 -0.053107
1735690892.600250 21.369891 0.323152 0.340502 0.173212 0.000403 -0.983367 -0.054659
1735690892.699877 21.286248 0.334099 0.339502 0.167278 0.002260 -0.984489 -0.052858
1735690892.800420 21.194895 0.347853 0.346128 0.160672 -0.000896 -0.985692 -0.050942
1735690892.900250 21.109909 0.360646 0.351902 0.159941 -0.001837 -0.986049 -0.046081
1735690893.000095 21.024688 0.368124 0.360227 0.175829 0.005365 -0.983430 -0.043836
1735690893.100415 20.944065 0.375065 0.359758 0.179312 0.005363 -0.982994 -0.039252
1735690893.200265 20.856311 0.379870 0.360050 0.174537 0.009784 -0.983527 -0.046000
1735690893.300100 20.764262 0.381505 0.362845 0.164650 0.012736 -0.984456 -0.059795
1735690893.400420 20.676701 0.382464 0.364315 0.150630 0.020830 -0.985704 -0.072554
1735690893.500260 20.591130 0.382023 0.374126 0.162075 0.011121 -0.982924 -0.086418
1735690893.599868 20.518474 0.385330 0.375929 0.164361 0.004299 -0.981966 -0.093325
1735690893.700425 20.444949 0.381615 0.377702 0.162108 0.004995 -0.982440 -0.092238
1735690893.800265 20.366101 0.388149 0.368969 0.167154 0.012425 -0.981959 -0.087537
1735690893.900096 20.287489 0.399026 0.360497 0.159719 0.014852 -0.983535 -0.083241
1735690894.000416 20.205178 0.415743 0.366652 0.151054 -0.000010 -0.985260 -0.080279
1735690894.100275 20.121339 0.428451 0.371954 0.159781 -0.019480 -0.983881 -0.077908
1735690894.200106 20.039274 0.437636 0.376625 0.165562 -0.008155 -0.983630 -0.070667
1735690894.300426 19.959529 0.443439 0.374201 0.176399 -0.011050 -0.982146 -0.064418
1735690894.400275 19.883741 0.448415 0.368544 0.179633 -0.007736 -0.981488 -0.065979
1735690894.499705 19.796526 0.458557 0.352250 0.168293 -0.000937 -0.982622 -0.078294
1735690894.600430 19.710482 0.461448 0.347155 0.165963 -0.005094 -0.981561 -0.094702
1735690894.700270 19.625372 0.458655 0.348195 0.178261 0.000479 -0.978105 -0.107392
1735690894.800106 19.540916 0.457981 0.361053 0.160376 -0.003909 -0.980597 -0.112667
1735690894.900430 19.470045 0.451366 0.367549 0.162739 -0.008746 -0.979960 -0.114536
1735690895.000273 19.392516 0.455647 0.368972 0.167178 -0.004724 -0.979339 -0.113686
1735690895.100113 19.307630 0.469777 0.360266 0.157821 -0.005071 -0.981559 -0.107746
1735690895.200428 19.220154 0.489226 0.355264 0.156620 -0.008496 -0.981953 -0.105674
1735690895.300238 19.132696 0.520916 0.348447 0.162210 -0.015711 -0.980035 -0.113896
1735690895.399618 19.050218 0.545427 0.362931 0.157073 -0.009114 -0.981309 -0.110804
1735690895.500428 18.965112 0.564262 0.361719 0.171947 -0.002037 -0.979341 -0.106400
1735690895.600263 18.873743 0.577534 0.358085 0.171654 0.011885 -0.979653 -0.103313
1735690895.700113 18.798474 0.582490 0.350633 0.161172 0.030704 -0.981307 -0.100589
1735690895.800428 18.710513 0.581816 0.350606 0.153498 0.030403 -0.981649 -0.108990
1735690895.900268 18.635179 0.578491 0.355439 0.153633 0.024919 -0.980279 -0.121777
1735690896.000111 18.558777 0.570812 0.364972 0.139430 0.019496 -0.982239 -0.124039
1735690896.100431 18.490960 0.567245 0.368152 0.144562 0.011501 -0.981646 -0.123859
1735690896.200197 18.417382 0.563842 0.374776 0.138224 0.010512 -0.983539 -0.115906
1735690896.300101 18.348299 0.562587 0.385386 0.131083 0.010362 -0.985207 -0.109895
1735690896.400431 18.271366 0.575540 0.386453 0.130350 0.009641 -0.986117 -0.102416
1735690896.500266 18.191691 0.596691 0.391369 0.118171 -0.003952 -0.988598 -0.093242
1735690896.600101 18.112284 0.609349 0.400395 0.125379 -0.014492 -0.988057 -0.088395
1735690896.700421 18.036573 0.613381 0.406402 0.118275 -0.009485 -0.989685 -0.080277
1735690896.800266 17.965519 0.617558 0.403932 0.141491 -0.019174 -0.987127 -0.072055
1735690896.900101 17.899635 0.621793 0.393389 0.156451 -0.014049 -0.984859 -0.073337
1735690897.000422 17.823830 0.632418 0.381890 0.150025 -0.006511 -0.985119 -0.083607
1735690897.100094 17.734668 0.641384 0.378386 0.142001 0.000427 -0.985413 -0.093792
1735690897.199493 17.655457 0.644133 0.379422 0.155740 0.000672 -0.981950 -0.107325
1735690897.300442 17.578491 0.642363 0.390602 0.142534 0.002615 -0.983785 -0.108832
1735690897.400282 17.508188 0.649551 0.393933 0.149297 -0.000129 -0.982226 -0.113767
1735690897.500117 17.440487 0.660316 0.389212 0.147370 0.006436 -0.982071 -0.117376
1735690897.600442 17.374350 0.679240 0.377994 0.151950 0.002320 -0.980930 -0.121173
1735690897.700277 17.294723 0.693224 0.375690 0.141771 -0.009593 -0.982688 -0.118885
1735690897.800122 17.221836 0.705014 0.373923 0.144510 -0.019334 -0.982258 -0.117951
1735690897.900432 17.148255 0.708171 0.384131 0.138762 -0.018422 -0.983576 -0.113946
1735690898.000201 17.084960 0.720215 0.393173 0.146291 -0.014075 -0.982920 -0.110770
1735690898.099621 17.017054 0.728446 0.398324 0.141952 -0.015624 -0.983932 -0.107156
1735690898.200455 16.947290 0.736912 0.388539 0.152431 -0.005263 -0.981718 -0.113873
1735690898.300286 16.873215 0.731931 0.375831 0.152720 -0.000052 -0.980491 -0.123746
1735690898.400130 16.794553 0.724535 0.369850 0.150715 -0.005669 -0.980434 -0.126496
1735690898.500450 16.714170 0.714822 0.375930 0.151433 -0.001628 -0.980559 -0.124774
1735690898.600295 16.639368 0.703746 0.379154 0.162141 -0.010828 -0.977818 -0.132155
1735690898.700135 16.563312 0.703329 0.376240 0.157364 -0.015983 -0.979003 -0.128589
1735690898.800451 16.484552 0.704512 0.372167 0.163210 -0.010479 -0.979074 -0.121106
1735690898.900285 16.404128 0.712774 0.364832 0.151586 -0.007104 -0.982352 -0.109345
1735690898.999921 16.317360 0.720140 0.357622 0.145032 -0.012820 -0.984685 -0.095902
1735690899.099280 16.240847 0.737197 0.362682 0.162258 -0.026305 -0.982867 -0.083385
1735690899.200114 16.167782 0.743742 0.370622 0.158284 -0.013590 -0.984986 -0.067557
1735690899.300122 16.091221 0.749404 0.375196 0.170676 -0.011890 -0.983959 -0.050533
1735690899.400447 16.013130 0.753306 0.366440 0.174302 -0.004218 -0.983691 -0.044186
1735690899.500287 15.934926 0.746160 0.355177 0.171948 -0.002489 -0.983910 -0.048465
1735690899.600127 15.852013 0.740938 0.352260 0.169360 0.006007 -0.984135 -0.052524
1735690899.700442 15.767351 0.735492 0.349575 0.178690 0.015701 -0.981981 -0.059463
1735690899.800282 15.688926 0.728113 0.355229 0.172667 0.011027 -0.983278 -0.056831
1735690899.900122 15.605507 0.724705 0.357405 0.184922 0.008068 -0.980705 -0.062896
1735690899.999661 15.528520 0.719483 0.350092 0.192613 0.010806 -0.979542 -0.057280
1735690900.100316 15.445487 0.718090 0.338778 0.195713 0.022813 -0.978983 -0.052618
1735690900.200161 15.350109 0.717776 0.326023 0.191911 0.021347 -0.979818 -0.051690
1735690900.300005 15.257692 0.725277 0.322535 0.188450 0.012471 -0.980564 -0.053144
1735690900.400306 15.168301 0.734935 0.329902 0.197187 0.008755 -0.978985 -0.051277
1735690900.500165 15.080010 0.740296 0.342140 0.188899 0.030541 -0.980598 -0.042571
1735690900.599996 14.992189 0.740559 0.340975 0.201131 0.039675 -0.978155 -0.034428
1735690900.700321 14.904688 0.739277 0.337505 0.199773 0.036673 -0.978644 -0.031648
1735690900.800160 14.806315 0.736995 0.327962 0.194463 0.036480 -0.979375 -0.040964
1735690900.900006 14.711214 0.729735 0.322554 0.194288 0.047067 -0.978454 -0.051617
1735690900.999603 14.613682 0.726456 0.321496 0.208826 0.043013 -0.974902 -0.064090
1735690901.100171 14.522847 0.721969 0.329343 0.213836 0.045811 -0.972922 -0.074825
1735690901.200001 14.435708 0.718039 0.330159 0.210097 0.040872 -0.973487 -0.080696
1735690901.300326 14.345027 0.723711 0.322232 0.207052 0.049637 -0.973390 -0.084717
1735690901.400166 14.253192 0.735769 0.314764 0.199629 0.048376 -0.975158 -0.082919
1735690901.499996 14.158486 0.756791 0.310183 0.203179 0.040124 -0.974918 -0.081504
1735690901.600326 14.066562 0.769730 0.328117 0.206718 0.029270 -0.974956 -0.076627
1735690901.700161 13.971935 0.776370 0.344544 0.211115 0.044846 -0.974235 -0.065464
1735690901.800001 13.885179 0.775186 0.351943 0.209354 0.046703 -0.975233 -0.053951
1735690901.900291 13.798089 0.774892 0.347744 0.210849 0.046332 -0.974958 -0.053411
1735690902.000166 13.714741 0.773502 0.334726 0.210850 0.037407 -0.975001 -0.059298
1735690902.100011 13.622301 0.764293 0.322197 0.209212 0.045150 -0.974632 -0.065453
1735690902.200297 13.521228 0.756876 0.322370 0.213149 0.040251 -0.972961 -0.079332
1735690902.300171 13.434658 0.753202 0.332742 0.213722 0.034215 -0.972259 -0.088682
1735690902.400011 13.349647 0.748146 0.344778 0.199565 0.029304 -0.974999 -0.093232
1735690902.500336 13.261598 0.748487 0.341452 0.197109 0.027111 -0.975312 -0.095810
1735690902.600171 13.164689 0.751871 0.333306 0.195893 0.027096 -0.975340 -0.097999
1735690902.700016 13.067003 0.757467 0.335975 0.187106 0.015427 -0.977272 -0.098452
1735690902.800331 12.971151 0.760898 0.347396 0.185894 0.004945 -0.978151 -0.092954
1735690902.900141 12.880512 0.761670 0.358666 0.174179 0.035276 -0.980856 -0.079611
1735690903.000013 12.796273 0.756699 0.365640 0.179144 0.036647 -0.981127 -0.062880
1735690903.100333 12.711700 0.748645 0.358313 0.182378 0.043227 -0.980497 -0.059124
1735690903.200173 12.622709 0.741565 0.340614 0.182785 0.052146 -0.979428 -0.067759
1735690903.300023 12.530636 0.727909 0.336058 0.182824 0.037067 -0.979110 -0.080903
1735690903.400333 12.443033 0.716416 0.339950 0.189457 0.022059 -0.977576 -0.089244
1735690903.500173 12.356709 0.711622 0.347111 0.195252 0.014776 -0.975915 -0.096171
1735690903.600018 12.273727 0.710677 0.350621 0.187702 0.007999 -0.977751 -0.093312
1735690903.700343 12.181038 0.712814 0.344779 0.190154 0.011642 -0.977300 -0.092683
1735690903.800183 12.083624 0.720731 0.332435 0.188772 0.012293 -0.977990 -0.088038
1735690903.900018 11.988741 0.736079 0.327023 0.195122 0.010738 -0.977408 -0.080538
1735690904.000340 11.896687 0.755637 0.332289 0.201263 0.008103 -0.976734 -0.073612
1735690904.100185 11.813994 0.777402 0.337237 0.210336 0.023353 -0.974485 -0.074786
1735690904.200034 11.732772 0.793151 0.339404 0.213641 0.022038 -0.973401 -0.079758
1735690904.300345 11.645893 0.799474 0.330610 0.219070 0.018805 -0.971447 -0.089137
1735690904.400185 11.550730 0.803051 0.323601 0.209085 0.030272 -0.971737 -0.105329
1735690904.500025 11.458609 0.802141 0.325547 0.202731 0.033285 -0.970103 -0.129198
1735690904.600295 11.375482 0.798353 0.335532 0.196940 0.025369 -0.970740 -0.135033
1735690904.700189 11.287594 0.799430 0.339154 0.206495 0.029534 -0.969267 -0.130422
1735690904.800025 11.207476 0.804067 0.336088 0.205726 0.036134 -0.970293 -0.122076
1735690904.900345 11.125833 0.811813 0.325803 0.206426 0.033926 -0.971358 -0.112697
1735690905.000198 11.045336 0.819877 0.321957 0.204242 0.039456 -0.972873 -0.101222
1735690905.100028 10.952275 0.835640 0.319607 0.202356 0.028469 -0.974638 -0.091225
1735690905.200353 10.860088 0.854863 0.323441 0.205332 0.018363 -0.974964 -0.083344
1735690905.300198 10.774736 0.868073 0.326058 0.216047 0.028822 -0.973368 -0.071044
1735690905.400033 10.699434 0.881899 0.322080 0.221388 0.020590 -0.972983 -0.062192
1735690905.500105 10.615023 0.890801 0.311415 0.221915 0.016342 -0.972816 -0.064149
1735690905.600198 10.515589 0.904651 0.299769 0.216860 0.018496 -0.973143 -0.074981
1735690905.700032 10.411006 0.917305 0.293847 0.216520 0.025981 -0.972270 -0.084471
1735690905.800348 10.314196 0.926915 0.299304 0.216455 0.022891 -0.971348 -0.095428
1735690905.900183 10.217147 0.943380 0.310068 0.229853 0.018954 -0.966414 -0.113370
1735690906.000031 10.131178 0.957824 0.320024 0.211749 0.014839 -0.969757 -0.120469
1735690906.100361 10.041023 0.986410 0.315555 0.214501 0.017626 -0.969373 -0.118296
1735690906.200196 9.950579 1.010182 0.308435 0.203421 0.024450 -0.972345 -0.112106
1735690906.300017 9.859800 1.038055 0.304502 0.199060 0.014538 -0.973964 -0.107509
1735690906.400065 9.765630 1.071116 0.315153 0.206552 0.010886 -0.973352 -0.099012
1735690906.500192 9.682703 1.104551 0.324081 0.205031 0.028602 -0.974228 -0.089573
1735690906.600032 9.607112 1.125774 0.330124 0.206187 0.021318 -0.975000 -0.080046
1735690906.700351 9.521489 1.144406 0.321429 0.208176 0.028619 -0.974715 -0.075990
1735690906.800192 9.433387 1.153765 0.309605 0.208113 0.031891 -0.974165 -0.081700
1735690906.900041 9.348860 1.165383 0.304520 0.207479 0.029556 -0.973908 -0.087073
1735690907.000354 9.258963 1.178292 0.314071 0.212187 0.023154 -0.972075 -0.097521
1735690907.100199 9.176441 1.189247 0.318100 0.220367 0.017164 -0.968101 -0.118004
1735690907.200039 9.109157 1.202059 0.320786 0.227558 -0.000607 -0.965531 -0.126359
1735690907.299815 9.036739 1.211884 0.316996 0.230373 0.003076 -0.965422 -0.121983
1735690907.399174 8.957874 1.217497 0.317683 0.219505 0.009244 -0.968473 -0.117440
1735690907.500039 8.867280 1.230063 0.316207 0.216288 0.005542 -0.969611 -0.114206
1735690907.600359 8.781737 1.232213 0.319608 0.205039 0.015258 -0.973025 -0.104634
1735690907.700209 8.702111 1.226897 0.316811 0.219184 0.027922 -0.971385 -0.087125
1735690907.800039 8.635553 1.203250 0.312133 0.217009 0.042857 -0.972992 -0.066011
1735690907.900359 8.553405 1.176060 0.303689 0.212736 0.047551 -0.974338 -0.056106
1735690908.000206 8.469983 1.136117 0.293286 0.205836 0.052122 -0.975701 -0.054052
1735690908.100051 8.383066 1.088493 0.298211 0.200261 0.051264 -0.977261 -0.047200
1735690908.200039 8.289638 1.043223 0.312089 0.198134 0.040064 -0.978789 -0.033313
1735690908.299478 8.204941 1.000850 0.321347 0.197270 0.037230 -0.979438 -0.019995
1735690908.398937 8.128595 0.958728 0.324231 0.196423 0.040812 -0.979668 0.002032
1735690908.500366 8.044325 0.927967 0.316338 0.200799 0.045735 -0.978332 0.021342
1735690908.600206 7.959909 0.904960 0.307176 0.193011 0.042264 -0.979517 0.038819
1735690908.700041 7.863869 0.885190 0.303002 0.191535 0.032295 -0.980017 0.042876
1735690908.800370 7.769294 0.868265 0.308647 0.201180 0.022822 -0.978359 0.042662
1735690908.900201 7.685538 0.847737 0.318800 0.191456 0.028927 -0.979505 0.055482
1735690909.000052 7.610077 0.826580 0.320258 0.204281 0.026576 -0.976601 0.061752
1735690909.100368 7.525644 0.805484 0.313311 0.207121 0.030979 -0.975978 0.060065
1735690909.199857 7.438480 0.784358 0.303327 0.203631 0.029523 -0.977530 0.045793
1735690909.299286 7.353644 0.766243 0.295769 0.203109 0.033542 -0.978114 0.030257
1735690909.400378 7.281121 0.744148 0.296001 0.217250 0.039081 -0.975244 0.013220
1735690909.500212 7.195290 0.720376 0.313554 0.188733 0.033138 -0.981445 0.006913
1735690909.600048 7.126657 0.702132 0.320174 0.203263 0.022092 -0.978860 -0.005377
1735690909.700373 7.047352 0.684696 0.322514 0.203092 0.026715 -0.978784 -0.004726
1735690909.800217 6.967167 0.676782 0.311617 0.202778 0.026771 -0.978850 -0.004068
1735690909.900048 6.877077 0.674560 0.304065 0.199052 0.029730 -0.979533 -0.003032
1735690910.000375 6.781025 0.679320 0.303307 0.201778 0.022488 -0.979149 -0.006922
1735690910.100096 6.694992 0.680389 0.319692 0.188990 0.023053 -0.981706 -0.002014
1735690910.199525 6.608530 0.677933 0.329896 0.203405 0.039964 -0.978277 0.001852
1735690910.300380 6.526249 0.675026 0.335743 0.191717 0.036767 -0.980760 0.001457
1735690910.400229 6.441407 0.670653 0.326772 0.189971 0.039633 -0.980923 -0.011430
1735690910.500065 6.353553 0.659683 0.317347 0.195316 0.035740 -0.979365 -0.037662
1735690910.600375 6.267814 0.647679 0.320274 0.181529 0.030993 -0.981255 -0.056791
1735690910.700230 6.190341 0.633560 0.325686 0.196671 0.022630 -0.977097 -0.078033
1735690910.800070 6.111903 0.622189 0.332909 0.200863 0.020514 -0.975266 -0.089945
1735690910.900380 6.040109 0.613363 0.331137 0.209942 0.008191 -0.973111 -0.094404
1735690911.000224 5.956695 0.612271 0.321719 0.216423 0.014150 -0.970911 -0.101454
1735690911.100074 5.874076 0.614291 0.313122 0.207107 0.012956 -0.972943 -0.101595
1735690911.199459 5.786519 0.621363 0.310978 0.194568 0.010995 -0.975516 -0.101937
1735690911.300244 5.692955 0.634798 0.310802 0.209051 -0.006584 -0.971271 -0.113525
1735690911.400089 5.605294 0.643321 0.318751 0.197068 0.002085 -0.973787 -0.113569
1735690911.500404 5.530400 0.648854 0.321474 0.210505 0.026055 -0.970832 -0.111773
1735690911.600244 5.462546 0.653482 0.313746 0.221808 0.027757 -0.967835 -0.115434
1735690911.700089 5.400620 0.648380 0.304471 0.223513 0.030665 -0.966248 -0.124364
1735690911.800399 5.334263 0.637659 0.302907 0.216597 0.021378 -0.965876 -0.140401
1735690911.900249 5.259070 0.622570 0.306822 0.216561 0.015348 -0.964757 -0.148695
1735690912.000084 5.180254 0.607274 0.316166 0.197337 0.015921 -0.968742 -0.149477
1735690912.100404 5.114414 0.599134 0.324937 0.201260 0.003407 -0.968428 -0.147069
1735690912.200249 5.051985 0.594794 0.318793 0.203274 0.018111 -0.970625 -0.127433
1735690912.300084 4.977942 0.596937 0.305302 0.215906 0.026468 -0.969481 -0.113093
1735690912.400414 4.901895 0.600356 0.295225 0.217769 0.019155 -0.971835 -0.088009
1735690912.500244 4.829848 0.606855 0.283092 0.226369 0.024243 -0.971426 -0.067082
1735690912.600084 4.758926 0.616342 0.287350 0.227708 0.026187 -0.972142 -0.049021
1735690912.700404 4.695672 0.624463 0.289019 0.234487 0.030609 -0.971167 -0.030227
1735690912.800244 4.634568 0.626498 0.287002 0.228322 0.025596 -0.973043 -0.020013
1735690912.900089 4.570627 0.625614 0.276396 0.235210 0.022492 -0.971554 -0.015912
1735690913.000225 4.507015 0.615573 0.266960 0.244249 0.029698 -0.969127 -0.015910
1735690913.100268 4.437071 0.604842 0.265578 0.238447 0.048395 -0.969908 -0.008952
1735690913.200108 4.357363 0.590422 0.270427 0.229079 0.057924 -0.971592 -0.013300
1735690913.300428 4.278662 0.570178 0.284525 0.238391 0.050383 -0.969503 -0.026357
1735690913.400268 4.204123 0.549063 0.292504 0.220352 0.053872 -0.973433 -0.031154
1735690913.500103 4.137653 0.529717 0.301895 0.224157 0.045668 -0.973051 -0.028969
1735690913.600418 4.063470 0.514800 0.302137 0.213114 0.064667 -0.974812 -0.011939
1735690913.700268 3.989215 0.510143 0.293947 0.213885 0.064009 -0.974750 -0.004271
1735690913.800103 3.920832 0.498033 0.289997 0.209276 0.056309 -0.976228 0.003467
1735690913.900388 3.850166 0.494158 0.290452 0.225344 0.050576 -0.972959 0.003702
1735690914.000271 3.785577 0.489068 0.293535 0.213144 0.055521 -0.975258 0.018956
1735690914.100121 3.716230 0.488967 0.294447 0.239080 0.068015 -0.968429 0.018979
1735690914.200436 3.654197 0.492903 0.294512 0.238211 0.060737 -0.969250 0.011027
1735690914.300281 3.582391 0.492054 0.293205 0.232434 0.056841 -0.970906 -0.009235
1735690914.400101 3.506154 0.491368 0.293395 0.209322 0.058478 -0.975609 -0.030846
1735690914.500436 3.442518 0.492272 0.299400 0.204529 0.036384 -0.976274 -0.061092
1735690914.600276 3.402450 0.490651 0.312333 0.192082 0.061092 -0.977252 -0.065965
1735690914.700121 3.379823 0.478223 0.324005 0.182485 0.043479 -0.981523 -0.037712
1735690914.800441 3.372712 0.453859 0.327688 0.159676 0.061447 -0.985106 0.017135
1735690914.900276 3.358390 0.427929 0.324806 0.173698 0.063738 -0.980730 0.062737
1735690915.000126 3.354711 0.392663 0.322876 0.201814 0.058098 -0.972945 0.096295
1735690915.100412 3.343948 0.352272 0.319958 0.193241 0.068755 -0.969193 0.136367
1735690915.200286 3.310893 0.302793 0.306783 0.203415 0.080174 -0.962564 0.160206
1735690915.300122 3.269832 0.233828 0.301353 0.199464 0.080169 -0.960322 0.177677
1735690915.400441 3.233492 0.172685 0.298791 0.209973 0.061607 -0.960497 0.171935
1735690915.500281 3.190978 0.110480 0.305063 0.198536 0.067543 -0.961466 0.177779
1735690915.600121 3.153376 0.061777 0.307213 0.201938 0.070216 -0.959720 0.182289
1735690915.700446 3.119510 0.014164 0.307561 0.205022 0.073460 -0.957324 0.190001
1735690915.800291 3.073251 -0.024030 0.301198 0.207132 0.078591 -0.955891 0.192852
1735690915.900092 3.024077 -0.051682 0.292004 0.211789 0.076824 -0.955122 0.192318
1735690916.000441 2.968127 -0.072352 0.284256 0.214217 0.068097 -0.955529 0.190890
1735690916.100296 2.900836 -0.095036 0.282560 0.219827 0.063269 -0.956191 0.182682
1735690916.200126 2.831769 -0.114499 0.286858 0.222262 0.057640 -0.958181 0.170784
1735690916.300461 2.769605 -0.134090 0.289442 0.220242 0.066354 -0.958928 0.165973
1735690916.400301 2.723383 -0.154107 0.289047 0.224034 0.064131 -0.959636 0.157461
1735690916.500136 2.664699 -0.178786 0.282821 0.224333 0.060353 -0.963019 0.136477
1735690916.600461 2.600001 -0.196958 0.277483 0.220472 0.058605 -0.967648 0.107769
1735690916.700291 2.538179 -0.223036 0.275761 0.219350 0.058724 -0.971167 0.072606
1735690916.800141 2.476028 -0.255223 0.283307 0.224682 0.050423 -0.972389 0.037892
1735690916.900422 2.416908 -0.287374 0.289311 0.216194 0.033089 -0.975701 0.013156
1735690917.000299 2.365479 -0.315817 0.291754 0.237542 0.027870 -0.970919 -0.010603
1735690917.100135 2.309535 -0.333298 0.293818 0.235182 0.031224 -0.971156 -0.023898
1735690917.200464 2.251239 -0.343179 0.281715 0.240115 0.026887 -0.969417 -0.043028
1735690917.300294 2.176760 -0.346518 0.264146 0.240187 0.026814 -0.968400 -0.061580
1735690917.400016 2.097394 -0.346679 0.255108 0.240355 0.023111 -0.967202 -0.078835
1735690917.499529 2.020012 -0.339446 0.262914 0.246962 0.012879 -0.964132 -0.096404
1735690917.600304 1.947517 -0.336820 0.281892 0.235120 0.021948 -0.966707 -0.098561
1735690917.700115 1.880776 -0.331376 0.292187 0.234552 0.019614 -0.966748 -0.099998
1735690917.799767 1.810712 -0.337288 0.296895 0.220156 0.013245 -0.969516 -0.106748
1735690917.900240 1.739326 -0.348337 0.291130 0.214730 0.012258 -0.968880 -0.122525
1735690918.000147 1.659663 -0.355343 0.284855 0.204660 0.017324 -0.968254 -0.142469
1735690918.100462 1.582922 -0.372432 0.283970 0.203408 0.004799 -0.964524 -0.168216
1735690918.200312 1.509544 -0.386007 0.283673 0.208015 -0.001230 -0.961614 -0.178961
1735690918.300143 1.440084 -0.397286 0.284925 0.215277 -0.004134 -0.959139 -0.183551
1735690918.400002 1.371007 -0.397818 0.284544 0.211250 0.001406 -0.959777 -0.184933
1735690918.499461 1.301881 -0.392413 0.277023 0.213867 0.001052 -0.959567 -0.183006
1735690918.600152 1.224113 -0.378855 0.268279 0.203864 -0.000828 -0.962861 -0.177022
1735690918.700017 1.146969 -0.366490 0.266664 0.198418 -0.010517 -0.964004 -0.176681
1735690918.800312 1.069479 -0.357840 0.271802 0.205495 -0.017852 -0.963243 -0.172093
1735690918.900147 1.003208 -0.350179 0.274130 0.199339 0.001974 -0.967164 -0.157650
1735690919.000463 0.940342 -0.350992 0.276545 0.210751 -0.000657 -0.966625 -0.145672
1735690919.100313 0.883084 -0.354964 0.270343 0.213017 0.005744 -0.966766 -0.141257
1735690919.200154 0.819723 -0.359910 0.262671 0.211620 0.010812 -0.965882 -0.148904
1735690919.300281 0.750558 -0.366828 0.255279 0.212614 0.012279 -0.962628 -0.167309
1735690919.399734 0.676334 -0.377737 0.254257 0.205290 0.013649 -0.960895 -0.185339
1735690919.499209 0.599922 -0.389884 0.255721 0.217695 -0.006136 -0.953816 -0.206896
1735690919.600177 0.531841 -0.398638 0.257505 0.215264 -0.005612 -0.952392 -0.215822
1735690919.700304 0.468277 -0.411131 0.259579 0.218691 -0.008613 -0.951360 -0.216826
1735690919.800144 0.408810 -0.414204 0.255766 0.224798 0.003706 -0.950940 -0.212521
1735690919.900469 0.344660 -0.410817 0.251059 0.221152 0.006273 -0.951888 -0.212043
1735690920.000311 0.278836 -0.401248 0.246183 0.212731 0.000458 -0.952626 -0.217367
1735690920.100156 0.212143 -0.382178 0.242311 0.203775 -0.008330 -0.952220 -0.227338
1735690920.200001 0.146041 -0.365129 0.242054 0.209546 -0.025301 -0.948340 -0.236857
1735690920.300153 0.088040 -0.344437 0.240861 0.210344 -0.013442 -0.946118 -0.245834
1735690920.399612 0.037496 -0.326153 0.239288 0.219876 -0.021436 -0.939735 -0.260946
1735690920.499066 -0.009806 -0.310458 0.236358 0.218504 -0.024670 -0.932277 -0.287241
1735690920.600311 -0.048009 -0.292949 0.231571 0.212722 -0.027883 -0.921027 -0.325086
1735690920.700161 -0.086747 -0.281562 0.228522 0.208341 -0.041770 -0.905533 -0.367231
1735690920.799996 -0.124558 -0.271043 0.224092 0.203557 -0.055565 -0.889173 -0.406015
1735690920.900321 -0.159581 -0.254261 0.218876 0.201065 -0.075312 -0.872223 -0.439463
1735690921.000154 -0.187879 -0.238626 0.205377 0.197581 -0.098933 -0.852447 -0.473823
1735690921.100009 -0.212318 -0.210886 0.191489 0.193519 -0.100068 -0.838938 -0.498718
1735690921.200324 -0.233692 -0.178251 0.171914 0.187610 -0.104478 -0.829838 -0.515030
1735690921.300031 -0.248156 -0.150750 0.155779 0.168309 -0.087224 -0.835501 -0.515754
1735690921.399425 -0.254184 -0.121036 0.143437 0.150099 -0.109678 -0.833523 -0.520270
1735690921.500334 -0.258835 -0.104317 0.132547 0.146430 -0.106087 -0.829843 -0.527886
1735690921.600164 -0.252940 -0.094360 0.127987 0.138260 -0.089370 -0.822456 -0.544485
1735690921.700014 -0.252983 -0.085716 0.122519 0.087961 -0.170551 -0.815538 -0.545960
1735690921.799592 -0.249979 -0.072924 0.108278 0.092180 -0.155281 -0.804367 -0.566025
1735690921.900164 -0.251212 -0.060215 0.090433 0.108232 -0.150585 -0.786172 -0.589529
1735690922.000016 -0.247457 -0.052655 0.079878 0.114622 -0.143002 -0.776850 -0.602426
1735690922.100351 -0.239568 -0.047975 0.069606 0.118025 -0.132504 -0.763844 -0.620528
1735690922.200092 -0.245082 -0.042263 0.061157 0.132732 -0.121558 -0.760108 -0.624373
1735690922.299452 -0.255700 -0.044666 0.055193 0.091508 -0.106440 -0.756760 -0.638445
1735690922.400346 -0.257973 -0.048073 0.043425 0.086251 -0.092800 -0.750649 -0.648440
1735690922.500191 -0.261327 -0.042571 0.040523 0.091344 -0.081496 -0.749501 -0.650586
1735690922.600026 -0.263636 -0.031761 0.034531 0.092940 -0.083724 -0.753505 -0.645432
1735690922.699692 -0.269303 -0.030946 0.028324 0.125018 -0.061919 -0.777971 -0.612616
1735690922.799008 -0.269631 -0.039676 0.027151 0.125505 -0.058904 -0.782082 -0.607559
1735690922.900026 -0.266428 -0.038168 0.027002 0.124602 -0.057380 -0.775101 -0.616766
1735690923.000352 -0.262299 -0.046160 0.028595 0.105864 -0.060145 -0.779865 -0.613992
1735690923.099955 -0.269773 -0.030080 0.025384 0.070150 -0.042489 -0.815091 -0.573499
1735690923.199319 -0.279029 -0.013159 0.021418 0.033135 -0.037473 -0.820775 -0.569057
1735690923.300357 -0.278739 -0.001292 0.018912 0.014620 -0.044300 -0.813786 -0.579289
1735690923.400187 -0.275997 0.006189 0.012828 0.009535 -0.043693 -0.814632 -0.578251
1735690923.500027 -0.273367 0.012743 0.012861 -0.007506 -0.056004 -0.796472 -0.602030
1735690923.599728 -0.270831 0.007462 0.010392 -0.008362 -0.071909 -0.781558 -0.619618
1735690923.699192 -0.268686 0.002789 0.010390 -0.035102 -0.083134 -0.762946 -0.640133
1735690923.800027 -0.267212 0.003292 0.008094 -0.040533 -0.092198 -0.756274 -0.646456
1735690923.900357 -0.265018 0.013059 0.006414 -0.048684 -0.088637 -0.751383 -0.652071
1735690923.999904 -0.264858 0.010074 0.006672 -0.056135 -0.089508 -0.744303 -0.659431
1735690924.099303 -0.265362 0.016955 0.007777 -0.057735 -0.085724 -0.746839 -0.656925
1735690924.200350 -0.273183 0.019874 0.007511 -0.044528 -0.081569 -0.746220 -0.659180
1735690924.300195 -0.274041 0.025270 0.006845 -0.051802 -0.078683 -0.727926 -0.679153
1735690924.400025 -0.274733 0.031845 0.009271 -0.058835 -0.073484 -0.716460 -0.691248
1735690924.499791 -0.279880 0.026544 0.010897 -0.072366 -0.074419 -0.706979 -0.699576
1735690924.600185 -0.284983 0.031493 0.010878 -0.071877 -0.075858 -0.711707 -0.694660
1735690924.700030 -0.288094 0.039254 0.010464 -0.078483 -0.080075 -0.703646 -0.701649
1735690924.800345 -0.295158 0.030620 0.008439 -0.072889 -0.076782 -0.711080 -0.695095
1735690924.899928 -0.299680 0.031740 0.004762 -0.057316 -0.062995 -0.719365 -0.689392
1735690924.999283 -0.305832 0.029766 0.003767 -0.052078 -0.058489 -0.715936 -0.693760
1735690925.100364 -0.310110 0.024245 0.003240 -0.047284 -0.050482 -0.717406 -0.693213
1735690925.200200 -0.315151 0.019533 0.000905 -0.030849 -0.036546 -0.718960 -0.693404
1735690925.300049 -0.316338 0.016940 0.001391 0.015175 0.014293 -0.710553 -0.703335
1735690925.399588 -0.314872 0.012417 -0.000287 0.011731 0.009832 -0.707987 -0.706059
1735690925.500204 -0.313147 0.014165 -0.001987 0.012300 0.009089 -0.707174 -0.706874
1735690925.600049 -0.310139 0.015467 -0.003436 0.013482 0.008477 -0.705186 -0.708844
1735690925.700365 -0.301781 0.016453 -0.009091 0.011974 0.007566 -0.704629 -0.709434
1735690925.799997 -0.296446 0.016056 -0.008190 0.011798 0.008764 -0.704761 -0.709292
1735690925.899465 -0.302758 0.008387 -0.008979 0.011979 0.009880 -0.706401 -0.707641
1735690926.000374 -0.303661 0.005798 -0.009550 0.011961 0.009558 -0.706606 -0.707442
1735690926.100214 -0.305544 0.004113 -0.008085 0.012519 0.008815 -0.706828 -0.707220
1735690926.200054 -0.309234 -0.005742 -0.008812 0.011819 0.009342 -0.707272 -0.706781
1735690926.299676 -0.310702 -0.012401 -0.008854 0.012099 0.009437 -0.706038 -0.708008
1735690926.399076 -0.311481 -0.013373 -0.013241 0.010776 0.008541 -0.706750 -0.707330
1735690926.500049 -0.309371 -0.014788 -0.013439 0.011711 0.008235 -0.705731 -0.708335
1735690926.600364 -0.305903 -0.015471 -0.011552 0.012563 0.008893 -0.706099 -0.707946
1735690926.700179 -0.302330 -0.015415 -0.009522 0.012632 0.009242 -0.705886 -0.708152
1735690926.799752 -0.305833 -0.008832 -0.008970 0.012527 0.008902 -0.705882 -0.708163
1735690926.900374 -0.311060 -0.008060 -0.005949 0.011131 0.009917 -0.706386 -0.707670
1735690927.000206 -0.313175 -0.000328 -0.006358 0.011846 0.009424 -0.706556 -0.707495
1735690927.100061 -0.314085 0.000228 -0.006082 0.011647 0.009241 -0.706706 -0.707351
1735690927.199807 -0.318658 0.006477 -0.006455 0.012382 0.008993 -0.706567 -0.707481
1735690927.299207 -0.309956 0.013512 -0.006546 0.011878 0.009703 -0.706207 -0.707839
1735690927.400037 -0.308810 0.014669 -0.007842 0.011836 0.009815 -0.706720 -0.707326
1735690927.500386 -0.304855 0.015139 -0.008605 0.011770 0.009464 -0.707029 -0.707024
1735690927.600221 -0.302981 0.014852 -0.007817 0.012081 0.009362 -0.707057 -0.706991
1735690927.700017 -0.303327 0.008015 -0.007654 0.011350 0.010403 -0.706958 -0.707088
1735690927.800337 -0.301433 0.001499 -0.007001 0.011755 0.009926 -0.707135 -0.706911
1735690927.900217 -0.301712 0.001498 -0.006740 0.011645 0.009793 -0.707262 -0.706788
