1735690718.509560823440552 0.000012927424320 0.000225568775667 -0.000084533106872 0.000004549533931 0.000001062840136 0.000032866096818 0.999999999448996
1735690718.609552621841431 0.000269433781900 0.000541021952207 -0.000294242090764 -0.000008759344488 0.000060268178077 0.000165694726716 0.999999984418139
1735690718.709556102752686 0.000322016610828 0.001363157784799 -0.000256832523890 -0.000255753449243 -0.000075728385872 0.000454285440461 0.999999861240052
1735690718.809551239013672 0.000015199337460 -0.000036645752558 0.000012069099535 -0.000002527016025 -0.000005084128685 -0.000001647715325 0.999999999982525
1735690718.909556150436401 0.000036200585624 -0.000014903665489 -0.000004017358359 -0.000001526511609 -0.000007420645390 0.000003847117995 0.999999999963902
1735690719.009562015533447 0.000007918830704 -0.000023708443192 -0.000003676719299 -0.000000568876751 -0.000006681153436 -0.000012397431162 0.999999999900671
1735690719.109553575515747 0.000014543846849 -0.000005844248557 -0.000006485508047 0.000000462583321 -0.000004414028325 -0.000003099099737 0.999999999985349
1735690719.209554433822632 0.000018822199759 -0.000046843385225 0.000004229220430 -0.000009394431405 -0.000006490022770 -0.000006252222999 0.999999999915267
1735690719.309551954269409 0.000016967014132 -0.000034223716894 0.000001938003463 -0.000006878512525 -0.000009555448010 -0.000008352549371 0.999999999895807
1735690719.409550905227661 0.000027911440912 -0.000034529724274 -0.000003190353443 -0.000001425629246 -0.000005212198255 0.000000265583793 0.999999999985365
1735690719.509556770324707 -0.000000438113933 -0.000013413665324 -0.000000573406961 0.000003793869638 0.000000744362452 0.000000925220748 0.999999999992098
1735690719.609558343887329 -0.000000073873330 -0.000013436476068 0.000000805809403 0.000001449221430 -0.000000284801517 -0.000003839274735 0.999999999991539
1735690719.709552526473999 0.000013193631169 -0.000021876881578 -0.000005726999220 -0.000004484347828 -0.000003124748049 -0.000000339192089 0.999999999985006
1735690719.809558153152466 0.000015513326351 -0.000010093269539 0.000000255591299 0.000001911119513 -0.000002884780342 0.000004609396975 0.999999999983390
1735690719.909550189971924 0.000019935141474 -0.000035258824348 0.000003811105166 -0.000005297122577 -0.000007084636386 -0.000001964396726 0.999999999958945
1735690720.009561538696289 0.000020973306463 -0.000037447777786 -0.000004853631469 -0.000009053170902 -0.000006600769363 0.000000865604654 0.999999999936860
1735690720.109558820724487 0.000016320497857 -0.000012831945915 -0.000003072389920 -0.000001504291367 -0.000006691943825 -0.000007615771975 0.999999999947478
1735690720.209550619125366 0.000014438412084 -0.000035137760824 -0.000002194976616 -0.000007410020703 -0.000006053971224 -0.000004702863191 0.999999999943162
1735690720.309552192687988 0.000012642974258 -0.000039867896663 -0.000002482098085 -0.000011693066381 -0.000005126120880 -0.000000006923831 0.999999999918498
1735690720.409554243087769 0.000017440587406 -0.000026069978649 -0.000005758468619 -0.000003938332762 -0.000005306444293 0.000000925518422 0.999999999977737
1735690720.509554862976074 0.000010770257400 -0.000044010631919 -0.000003408356548 -0.000008538918883 -0.000004173818790 -0.000002904978819 0.999999999950614
1735690720.609555482864380 0.000010412753742 0.000000609821138 -0.000001247220527 -0.000002888948266 -0.000005963946138 0.000000438010727 0.999999999977947
1735690720.709566593170166 0.000001334252641 -0.000037299316769 0.000012510361425 -0.000012033400010 -0.000001875860093 0.000000788963711 0.999999999925528
1735690720.809550523757935 -0.000001169622848 -0.000033858875881 0.000007551408191 -0.000006965663415 -0.000002082713839 0.000000823387977 0.999999999973232
1735690720.909560203552246 0.000014444750032 -0.000031697058942 -0.000002339871235 -0.000005646497147 -0.000003789411663 0.000002949562381 0.999999999972529
1735690721.009550333023071 0.000006673678292 -0.000024823219451 -0.000000290494968 -0.000007795055989 -0.000005065295606 -0.000001300978985 0.999999999955944
1735690721.109554767608643 0.000008487238915 -0.000031234677870 0.000001355947791 -0.000005677591810 -0.000002272737720 0.000001536079114 0.999999999980120
1735690721.209560632705688 0.000034478916505 -0.000012565757611 0.000002487555547 0.000001605159288 -0.000016628796959 -0.000011015876010 0.999999999799779
1735690721.309550523757935 0.000013082469645 -0.000012059540065 0.000008196047304 0.000000799414731 -0.000006522440773 0.000004904651291 0.999999999966382
1735690721.409552335739136 -0.000010550668744 -0.000034989073183 -0.000001768497974 -0.000006079198215 -0.000000129000720 -0.000001126258059 0.999999999980879
1735690721.509552240371704 0.000036558468973 -0.000012709101879 0.000000132496144 0.000005972827041 -0.000012710804652 0.000002249725499 0.999999999898850
1735690721.609555959701538 0.000008416440379 -0.000008515268063 -0.000004918568036 0.000008917929951 -0.000004618461363 -0.000000077903758 0.999999999949567
1735690721.709554195404053 0.000019934688285 -0.000012392425091 0.000003203705273 0.000007904753297 -0.000009087054416 -0.000004675813943 0.999999999916539
1735690721.809559345245361 0.000017302514975 -0.000026875243376 -0.000005158092989 0.000001896027710 -0.000009962583183 -0.000009120895647 0.999999999906981
1735690721.909553050994873 -0.000000059105935 -0.000010825512181 0.000003538881094 0.000005599002083 -0.000003946415057 -0.000003011807221 0.999999999972003
1735690722.009567499160767 0.000003195372561 -0.000015392395965 0.000003337485832 -0.000002130088775 -0.000003391330301 0.000002630697703 0.999999999988521
1735690722.109553337097168 0.000004193474778 -0.000004530423751 0.000005106541735 0.000008960420456 -0.000007341919864 -0.000004962008949 0.999999999920593
1735690722.209553480148315 0.000013479019793 -0.000032655317452 -0.000002419624558 -0.000004413023271 -0.000007121071367 -0.000000563681985 0.999999999964749
1735690722.309565305709839 -0.000010565092101 -0.000005217114795 0.000006329736521 0.000004463666376 -0.000002234240159 -0.000000419196779 0.999999999987454
1735690722.409551620483398 -0.000008230889559 -0.000012894387236 0.000002582328762 0.000000033954780 -0.000003532336493 -0.000000759643921 0.999999999993472
1735690722.509553670883179 0.000004613561234 -0.000033973649961 -0.000000947269452 -0.000009391963116 -0.000006773251117 -0.000001483884675 0.999999999931856
1735690722.609551668167114 -0.000002740151076 0.000003490042298 -0.000001443389578 0.000005879444774 -0.000005174308502 -0.000005417484066 0.999999999954655
1735690722.709551095962524 0.000031117587380 -0.000043592862942 -0.000002987471245 -0.000009250688227 -0.000010602963126 0.000000483164939 0.999999999900884
1735690722.809550762176514 0.000015212947829 -0.000022574151800 -0.000004224631878 -0.000007687357533 -0.000011411877177 -0.000001909415002 0.999999999903514
1735690722.909559011459351 0.000025667007569 -0.000028280963680 -0.000008569429305 -0.000007125552411 -0.000012366915856 -0.000005539033412 0.999999999882803
1735690723.009554624557495 0.000025823668780 -0.000011706198024 -0.000001748314891 -0.000012136034960 -0.000010181624788 -0.000004268978064 0.999999999865413
1735690723.109559297561646 0.000002185069912 0.000007897536845 -0.000000388828433 -0.000015037779129 -0.000010977754177 -0.000009665003722 0.999999999779971
1735690723.209551334381104 -0.000003568352589 -0.000005992703041 0.000000230418839 -0.000022519334739 -0.000012089897456 -0.000012321751831 0.999999999597444
1735690723.309552431106567 0.000007743948281 -0.000023568269916 0.000007882628567 -0.000030723430406 -0.000016498838490 -0.000019866695271 0.999999999194587
1735690723.409558773040771 0.000011145559218 -0.000009017099284 -0.000001212523221 -0.000032478324708 -0.000017636063732 -0.000019780166643 0.999999999121436
1735690723.509552001953125 -0.000007678036084 -0.000013284333574 0.000006998006363 -0.000035500856316 -0.000015907996672 -0.000017415477682 0.999999999091663
1735690723.609554052352905 -0.000002968492390 -0.000028773546603 0.000005935767500 -0.000050532669840 -0.000017454239478 -0.000020862809095 0.999999998353271
1735690723.709550619125366 -0.000015464477750 -0.000036032131076 -0.000004658336043 -0.000050853720640 -0.000016484966803 -0.000024563490752 0.999999998269390
1735690723.809551477432251 0.000014514392206 -0.000020298549115 -0.000002893876792 -0.000049651432891 -0.000022951826474 -0.000025577719775 0.999999998176865
1735690723.909555912017822 -0.000002403501034 -0.000018385049893 0.000007541996391 -0.000053082689686 -0.000020472913689 -0.000025118398944 0.999999998066077
1735690724.009571552276611 -0.000015425708106 -0.000018867140275 -0.000012444617656 -0.000053319024922 -0.000020088121710 -0.000029072095246 0.999999997954181
1735690724.109553575515747 -0.000015468061521 -0.000012766459795 0.000003934865444 -0.000053544990723 -0.000019976525651 -0.000031479887446 0.999999997871445
1735690724.209558248519897 0.000018865427631 -0.000017169769124 -0.000003466651843 -0.000049584833064 -0.000027809456168 -0.000031616206496 0.999999997884197
1735690724.309552192687988 -0.000008795870601 -0.000029028644902 -0.000004871510951 -0.000063157644223 -0.000020734657458 -0.000032254808983 0.999999997270407
1735690724.409552812576294 -0.000008019326576 -0.000031588953242 0.000001787651428 -0.000064060416640 -0.000024010493640 -0.000033919018065 0.999999997084630
1735690724.509559154510498 -0.000000893290405 -0.000036913860619 0.000003419043752 -0.000065446035179 -0.000025353789748 -0.000032621248156 0.999999997004928
1735690724.609550952911377 -0.000003404950464 -0.000047877933090 0.000003325236242 -0.000074091344251 -0.000027143271712 -0.000038008791570 0.999999996164524
1735690724.709553718566895 -0.000018399740373 -0.000047349122728 0.000003026938438 -0.000076621648402 -0.000022889292901 -0.000036102578316 0.999999996150904
1735690724.809552669525146 -0.000003805695437 -0.000033774819116 0.000003485662980 -0.000071989466470 -0.000028844576065 -0.000038352904145 0.999999996257281
1735690724.909550666809082 0.000013433227396 -0.000033890391080 0.000004478999424 -0.000077759788566 -0.000034205420522 -0.000040779736153 0.999999995560209
1735690725.009554386138916 -0.000007956953357 -0.000025152550305 0.000004227985587 -0.000075081466117 -0.000030800837192 -0.000041110590017 0.999999995862001
1735690725.109566450119019 -0.000015871625312 -0.000025589499061 0.000011200021136 -0.000071293614068 -0.000027319041018 -0.000040160378604 0.999999996279017
1735690725.209552288055420 -0.000001699817421 -0.000035542648908 -0.000004378478087 -0.000075949953884 -0.000031403197497 -0.000038022584249 0.999999995899863
1735690725.309557437896729 -0.000004654289597 -0.000014429220833 0.000000006661266 -0.000067351466531 -0.000030923004470 -0.000038567766022 0.999999996510038
1735690725.409554004669189 0.000000056814853 -0.000025289721992 0.000000858652365 -0.000075279700346 -0.000033384262749 -0.000039300630305 0.999999995836959
1735690725.509554862976074 -0.000014067921786 -0.000025346778263 0.000009434219402 -0.000077819550907 -0.000034985308155 -0.000042272821120 0.999999995466577
1735690725.609559059143066 -0.000000295859248 -0.000028273567542 0.000003194271114 -0.000077636674547 -0.000033345348061 -0.000042608592322 0.999999995522571
1735690725.709550380706787 -0.000005393768483 -0.000027433864646 0.000009916887690 -0.000080247832296 -0.000034171784994 -0.000040941658278 0.999999995358178
1735690725.809552669525146 -0.000017741854704 -0.000030685474128 0.000004261947325 -0.000077984936971 -0.000033436800197 -0.000046748655964 0.999999995307447
1735690725.909552812576294 -0.000010021319222 -0.000040594611669 0.000006516201387 -0.000083443532740 -0.000035302631038 -0.000044758052259 0.999999994893809
1735690726.009552955627441 -0.000008593123065 -0.000029590096234 0.000006875783394 -0.000080823796923 -0.000034846933425 -0.000043726953848 0.999999995170579
1735690726.109553575515747 -0.000019350721626 -0.000018769510504 -0.000001236823065 -0.000078746572036 -0.000035914648394 -0.000043330726978 0.999999995315782
1735690726.209569454193115 0.000012586574193 -0.000032258073371 0.000008036236850 -0.000078381654858 -0.000047008208978 -0.000045597634984 0.999999994783700
1735690726.309551954269409 -0.000003918526284 -0.000028466816493 0.000001768452826 -0.000082694077542 -0.000045705614905 -0.000050561104181 0.999999994258131
1735690726.409566879272461 0.000006083508581 -0.000027034546405 0.000007332456039 -0.000082090558641 -0.000045887141138 -0.000044166327897 0.999999994602423
1735690726.509553194046021 -0.000015256704580 -0.000042841165171 0.000007399125390 -0.000086790190920 -0.000043076765191 -0.000046261623498 0.999999994235859
1735690726.609550237655640 -0.000017396102018 -0.000042204097916 0.000012094475524 -0.000088780971891 -0.000042046122111 -0.000044524517743 0.999999994183815
1735690726.709558725357056 0.000008886032304 -0.000040264671129 0.000006457487559 -0.000088115242694 -0.000053303733671 -0.000042760732381 0.999999993782968
1735690726.809549808502197 0.000005556839894 -0.000019476388447 0.000006881091944 -0.000082042429101 -0.000052987691843 -0.000044918986166 0.999999994221815
1735690726.909552574157715 -0.000012070070128 -0.000028716521241 0.000028195859307 -0.000083601456632 -0.000050386432122 -0.000042645627180 0.999999994326677
1735690727.009551286697388 -0.000002084377886 -0.000032782440849 0.000012229231137 -0.000085357981310 -0.000056323264556 -0.000043519440067 0.999999993823882
1735690727.109552621841431 -0.000008618987152 -0.000033721481254 0.000001643948183 -0.000087353166824 -0.000054163599714 -0.000042982987316 0.999999993794096
1735690727.209552049636841 -0.000008340525336 -0.000041349747955 0.000020484793245 -0.000089320334196 -0.000055356329818 -0.000040072285243 0.999999993675883
1735690727.309561729431152 -0.000013779185797 -0.000043467500430 0.000012249106653 -0.000093761238498 -0.000056890521255 -0.000046675304496 0.999999992896857
1735690727.409552574157715 -0.000008481485908 -0.000034880002630 0.000029484370331 -0.000091034564699 -0.000057350880305 -0.000041376038372 0.999999993355804
1735690727.509559154510498 0.000005729024064 -0.000054621781692 0.000025286895397 -0.000094914693082 -0.000059617853834 -0.000034509567058 0.999999993123001
1735690727.609552145004272 -0.000004986561339 -0.000035963776477 0.000020648180684 -0.000091195267510 -0.000060374061315 -0.000037912335471 0.999999993300525
1735690727.709555625915527 -0.000022109022308 -0.000026670006106 0.000022718902516 -0.000085785799184 -0.000055263580620 -0.000036680095282 0.999999994120652
1735690727.809556961059570 -0.000028277788362 -0.000035076401384 0.000027109463589 -0.000083707079830 -0.000058409602220 -0.000045151787212 0.999999993771380
1735690727.909549951553345 -0.000018404768730 -0.000031136157082 0.000029187390948 -0.000089477637759 -0.000061507687864 -0.000041771816477 0.999999993232836
1735690728.009549140930176 -0.000029028192256 -0.000028363213844 0.000022149101242 -0.000087760882027 -0.000059265078738 -0.000043246254296 0.999999993457720
1735690728.109555482864380 -0.000002051970412 -0.000047552926045 0.000020270790618 -0.000086633334499 -0.000064315739768 -0.000040403065518 0.999999993362872
1735690728.209551811218262 -0.000031292281997 -0.000054515895687 0.000034398489141 -0.000091015043907 -0.000058423483795 -0.000041785867831 0.999999993278450
1735690728.309549570083618 -0.000009547128033 -0.000042000509467 0.000030256399408 -0.000092597656881 -0.000063572601340 -0.000036115080680 0.999999993039950
1735690728.409559488296509 -0.000021562046948 -0.000028096121200 0.000035187867837 -0.000086664359130 -0.000058666303281 -0.000036846201879 0.999999993844956
1735690728.509551525115967 -0.000002509803597 -0.000052330506115 0.000034265771478 -0.000093686760787 -0.000063831059359 -0.000035195846824 0.999999992954820
1735690728.609559774398804 -0.000022457617846 -0.000040464802318 0.000035171605682 -0.000093602150540 -0.000062151509397 -0.000040853577863 0.999999992853406
1735690728.709553003311157 -0.000012848963362 -0.000036678905881 0.000017800789634 -0.000092726091591 -0.000061870422953 -0.000034553845039 0.999999993189977
1735690728.809553861618042 -0.000001784055628 -0.000046194429487 0.000036817788124 -0.000095006052954 -0.000067031017138 -0.000041325833510 0.999999992386434
1735690728.909558057785034 -0.000013283734135 -0.000030027553375 0.000028616250031 -0.000091475423677 -0.000062631458311 -0.000039974265293 0.999999993055803
1735690729.009552240371704 -0.000016955970311 -0.000024802090042 0.000040771183736 -0.000088070128267 -0.000066076946064 -0.000040976637804 0.999999993099202
1735690729.109552145004272 -0.000013037086437 -0.000033610315681 0.000031024570842 -0.000094867842237 -0.000066310398177 -0.000040375714684 0.999999992486413
1735690729.209555149078369 -0.000001170143915 -0.000025581552973 0.000029012571187 -0.000088463954001 -0.000070022339644 -0.000039524923554 0.999999992854391
1735690729.309553146362305 -0.000018212204703 -0.000018428473312 0.000036125772377 -0.000083601470471 -0.000062959811151 -0.000033853469600 0.999999993950400
1735690729.409553289413452 -0.000023721005256 -0.000031646592254 0.000025077003467 -0.000085780100190 -0.000065784680417 -0.000040675051809 0.999999993329845
1735690729.509567260742188 -0.000037476389853 -0.000031823741769 0.000039817673958 -0.000090633781655 -0.000064285746119 -0.000043681246507 0.999999992872405
1735690729.609554052352905 -0.000012832604663 -0.000047526830044 0.000047659406897 -0.000099614079490 -0.000063680215934 -0.000035192089987 0.999999992391691
1735690729.709559202194214 -0.000021748180014 -0.000031078206421 0.000044836153795 -0.000092873069171 -0.000066979386840 -0.000040092907827 0.999999992640457
1735690729.809552907943726 -0.000016737900664 -0.000026352941912 0.000036986768298 -0.000094621498724 -0.000066037397120 -0.000035548110126 0.999999992711083
1735690729.909551382064819 -0.000021468375120 -0.000031865375414 0.000036330418854 -0.000094611974862 -0.000065754717082 -0.000036671901695 0.999999992690031
1735690730.009560108184814 -0.000009742530397 -0.000029249177818 0.000056592040264 -0.000095922580415 -0.000070902617887 -0.000040600838335 0.999999992061625
1735690730.109552860260010 -0.000023864881786 -0.000016753847650 0.000037415145625 -0.000087351917703 -0.000062812076226 -0.000032951662864 0.999999993669237
1735690730.209552764892578 -0.000009900913487 -0.000004360037531 0.000039774339644 -0.000083987517975 -0.000068497667600 -0.000033169728901 0.999999993576968
1735690730.309557437896729 -0.000011808155784 -0.000022452104559 0.000037955807298 -0.000091582035974 -0.000068159031635 -0.000036432305408 0.999999992819882
1735690730.409560918807983 -0.000018712413172 -0.000033051957326 0.000047172475670 -0.000092605268335 -0.000067837799954 -0.000038757463607 0.999999992660078
1735690730.509550809860229 -0.000008031733759 -0.000024437566582 0.000034760127331 -0.000090502299444 -0.000070492845437 -0.000036487978714 0.999999992754360
1735690730.609565258026123 -0.000012604440850 -0.000026924331482 0.000043653838226 -0.000092788054243 -0.000070878213691 -0.000041282297731 0.999999992331214
1735690730.709553718566895 -0.000013145023233 -0.000031930547629 0.000047113546980 -0.000096124750331 -0.000069916840142 -0.000040758923128 0.999999992105189
1735690730.809567689895630 -0.000017969670322 -0.000042820162668 0.000048276924754 -0.000096383765573 -0.000068412633234 -0.000042137969035 0.999999992127137
1735690730.909551620483398 -0.000018881858170 -0.000046315666598 0.000059835659110 -0.000098890959969 -0.000068575014361 -0.000042791450985 0.999999991843469
1735690731.009549856185913 -0.000002516399900 -0.000018520694060 0.000041260058393 -0.000086150417553 -0.000073053456173 -0.000041905897027 0.999999992742597
1735690731.109560251235962 -0.000006200868471 -0.000037251677612 0.000054019322224 -0.000094303415849 -0.000071238972624 -0.000038270722032 0.999999992283613
1735690731.209550857543945 -0.000011631057128 -0.000025993625417 0.000040011411927 -0.000091066883417 -0.000068598598296 -0.000040863478270 0.999999992665616
1735690731.309554576873779 -0.000010785899288 -0.000032175058417 0.000056719804805 -0.000090786088599 -0.000072340931782 -0.000041592408480 0.999999992397374
1735690731.409551858901978 0.000004300813075 -0.000016124497608 0.000050532090548 -0.000091748163061 -0.000073800530988 -0.000039167563681 0.999999992300829
1735690731.509550333023071 -0.000017138110201 -0.000029808716677 0.000060647313373 -0.000089304488995 -0.000069168340736 -0.000036911501782 0.999999992938995
1735690731.609551906585693 -0.000020279999716 -0.000025600521804 0.000050909918222 -0.000090776812209 -0.000070514979077 -0.000042828780580 0.999999992476452
1735690731.709567308425903 -0.000023282040718 -0.000022068681361 0.000062024389155 -0.000090360003919 -0.000069151978074 -0.000040705681512 0.999999992698061
1735690731.809553146362305 -0.000003641598717 -0.000020010964462 0.000053946861090 -0.000091944353881 -0.000072112598256 -0.000039822260277 0.999999992380098
1735690731.909558057785034 -0.000012086977401 -0.000029903635705 0.000053613490924 -0.000093709055826 -0.000071350680164 -0.000040140906565 0.999999992258200
1735690732.009550571441650 -0.000022417512701 -0.000032413326363 0.000053227041493 -0.000091161769346 -0.000069337468574 -0.000041999760322 0.999999992558934
1735690732.109555482864380 -0.000008790089285 -0.000021482289261 0.000057995845413 -0.000092793811347 -0.000073351355156 -0.000038140377126 0.999999992277099
1735690732.209558725357056 -0.000012136587221 -0.000027058462171 0.000060909832135 -0.000096671728664 -0.000075041867655 -0.000042391999381 0.999999991613107
1735690732.309554338455200 -0.000001458916761 -0.000020990167909 0.000057821849702 -0.000095619091706 -0.000076756362492 -0.000041874589212 0.999999991605985
1735690732.409552335739136 -0.000007091779480 -0.000016783443927 0.000050976146733 -0.000091056539008 -0.000074677974206 -0.000040789942678 0.999999992234044
1735690732.509552955627441 -0.000029796127501 -0.000005117638696 0.000068157044677 -0.000090501075009 -0.000068559809144 -0.000041141511760 0.999999992708242
1735690732.609551668167114 -0.000000991099410 -0.000028998513826 0.000067517123604 -0.000092264110868 -0.000076522068348 -0.000036532339254 0.999999992148548
1735690732.709551095962524 -0.000002077516955 -0.000038435198340 0.000068955753512 -0.000097049864698 -0.000074069152327 -0.000033993313433 0.999999991969770
1735690732.809567928314209 -0.000003435974057 -0.000006669901033 0.000042564970501 -0.000086309801737 -0.000075948394461 -0.000039402662120 0.999999992614945
1735690732.909552335739136 -0.000002704834582 -0.000016332800171 0.000067836875238 -0.000091466381664 -0.000074807283570 -0.000038068568990 0.999999992294278
1735690733.009566783905029 -0.000016971941332 -0.000020862240485 0.000071852961165 -0.000088452702908 -0.000072767906519 -0.000043512964517 0.999999992493786
1735690733.109553337097168 -0.000012488338019 -0.000030869417576 0.000071569499222 -0.000098463743113 -0.000075199472482 -0.000031929547898 0.999999991815217
1735690733.209552526473999 -0.000006721409496 -0.000031358450254 0.000066024298467 -0.000096061548577 -0.000076162405705 -0.000042863055129 0.999999991567113
1735690733.309559345245361 -0.000017987290934 -0.000023903519217 0.000071013767081 -0.000092731080689 -0.000073668876649 -0.000037539319206 0.999999992282321
1735690733.409566640853882 -0.000000209745030 -0.000028973493275 0.000068361699759 -0.000094831117414 -0.000079311264153 -0.000041802826128 0.999999991484653
1735690733.509552001953125 -0.000006363287770 -0.000026175447228 0.000068595992019 -0.000099053415088 -0.000076487880173 -0.000040429334430 0.999999991351747
1735690733.609551906585693 -0.000007542583791 -0.000029867886928 0.000066564163863 -0.000092790286495 -0.000075351304614 -0.000042017362923 0.999999991973342
1735690733.709553718566895 -0.000011283630506 -0.000036480200277 0.000060930268618 -0.000103198885695 -0.000076614822071 -0.000039143450880 0.999999990973975
1735690733.809553861618042 -0.000009250258692 -0.000016653552025 0.000064599037514 -0.000091572937831 -0.000076885957675 -0.000036909797854 0.999999992170307
1735690733.909566402435303 -0.000018462347599 -0.000022920057081 0.000058723796834 -0.000095125858688 -0.000072353450348 -0.000037706830915 0.999999992147122
1735690734.009551763534546 -0.000008294100612 -0.000025114911819 0.000070909713397 -0.000093047082833 -0.000075879499626 -0.000040226147369 0.999999991983200
1735690734.109560251235962 -0.000015104174289 -0.000020059099561 0.000086420370182 -0.000095214595159 -0.000075041273730 -0.000034125895627 0.999999992069206
1735690734.209552764892578 -0.000001184669240 -0.000038533577924 0.000073547885762 -0.000098763334116 -0.000077567839854 -0.000037720108825 0.999999991403114
1735690734.309555292129517 -0.000020388773159 -0.000034627894222 0.000074611245746 -0.000101442611968 -0.000075174653107 -0.000041115554619 0.999999991183840
1735690734.409549713134766 -0.000018143602602 -0.000013077385467 0.000080027933205 -0.000092598626028 -0.000073696037862 -0.000037538989306 0.999999992292606
1735690734.509551048278809 -0.000012011750121 -0.000025358806016 0.000084501599390 -0.000096355349312 -0.000078348297761 -0.000040757494039 0.999999991458009
1735690734.609552621841431 -0.000004467460804 -0.000010320779260 0.000083325268410 -0.000092939660553 -0.000077150304923 -0.000039446606582 0.999999991927008
1735690734.709554910659790 -0.000016948261528 -0.000028068021905 0.000087091808335 -0.000100571549041 -0.000073559256483 -0.000039346092439 0.999999991463142
1735690734.809552431106567 -0.000008020451576 -0.000046682130419 0.000084252059192 -0.000098414081649 -0.000075938432552 -0.000036084771784 0.999999991622956
1735690734.909553527832031 -0.000012560568521 -0.000013226489075 0.000069731963362 -0.000094717181793 -0.000078200295860 -0.000041977176704 0.999999991575643
1735690735.009568214416504 -0.000021778082581 -0.000023682454994 0.000074596742044 -0.000094207896025 -0.000074036777016 -0.000040892995379 0.999999991985595
1735690735.109554052352905 -0.000011357024855 -0.000010723216736 0.000085849189830 -0.000097558173507 -0.000078724955802 -0.000037843936318 0.999999991426310
1735690735.209566593170166 -0.000026626031454 -0.000009495488994 0.000073503551060 -0.000089638905005 -0.000073896483234 -0.000037947686796 0.999999992532075
1735690735.309553384780884 -0.000016626519531 -0.000014589966925 0.000085634465616 -0.000093813018527 -0.000073094312883 -0.000036430752651 0.999999992264570
1735690735.409552812576294 -0.000011864589190 0.000001651920569 0.000076924252030 -0.000093396807168 -0.000078261132299 -0.000041959356199 0.999999991695822
1735690735.509558677673340 -0.000012414631316 -0.000014668485331 0.000071688491662 -0.000092995289029 -0.000074346526736 -0.000036592592189 0.999999992242726
1735690735.609559059143066 -0.000023002142861 -0.000013869404450 0.000074085632640 -0.000094745674859 -0.000073574511206 -0.000039907225738 0.999999992008731
1735690735.709550380706787 -0.000014680865351 0.000000229395341 0.000089782201445 -0.000090365471665 -0.000073788416731 -0.000038052151506 0.999999992470692
1735690735.809552669525146 -0.000023140628661 -0.000014100980330 0.000083385992135 -0.000096118415083 -0.000072095176276 -0.000035039483005 0.999999992167885
1735690735.909552812576294 0.000348138476907 0.000765819165367 -0.000073962800825 -0.000155082829468 -0.000047290587369 0.000100142238447 0.999999981842224
1735690736.009552001953125 -0.000007831304313 -0.000020399587375 0.000081440783905 -0.000095190145076 -0.000079111311537 -0.000039968450901 0.999999991541380
1735690736.109565019607544 -0.000005963261507 -0.000003670287819 0.000076212241061 -0.000090217221019 -0.000075909785607 -0.000040719381994 0.999999992220245
1735690736.209555625915527 0.000006546552121 -0.000049353721830 0.000071642257519 -0.000103944013766 -0.000078683839321 -0.000038387424383 0.999999990765451
1735690736.309565544128418 0.000014067960614 0.000001731273182 0.000084302575495 -0.000084943222121 -0.000082311287108 -0.000038518536806 0.999999992262912
1735690736.409551382064819 -0.000007339123435 -0.000017938951024 0.000071044137479 -0.000098970151520 -0.000078252175188 -0.000032666138874 0.999999991507215
1735690736.509551286697388 -0.000007921529605 -0.000017932481565 0.000087475220604 -0.000094320828348 -0.000073406475007 -0.000034775737226 0.999999992252859
1735690736.609559774398804 0.000014779560340 -0.000024598083928 0.000088990569033 -0.000087680742537 -0.000072679146394 -0.000030926104192 0.999999993036703
1735690736.709550380706787 0.000259881188852 0.000789351615695 0.000001242745307 -0.000372948089042 0.001064845869515 -0.000281145635546 0.999999323984836
1735690736.809552669525146 0.000159680214720 -0.000035448943037 -0.000028721628712 0.000007515893798 -0.000666173687621 0.000237694699201 0.999999749828648
1735690736.909552574157715 -0.000123957329289 -0.000009995933744 -0.000094402763265 0.000177350638837 -0.001829312528035 0.000884161604845 0.999997920208178
1735690737.009552955627441 -0.000175471823812 -0.000196198868681 -0.000359142755229 -0.000042974744618 -0.002749762448398 0.004103075412159 0.999987800791495
1735690737.109552860260010 -0.000079170241377 -0.000125325678849 -0.000164106185288 -0.003828843462876 -0.002058408494009 0.005406752191577 0.999975934681904
1735690737.209567070007324 0.000242418453978 -0.000233351400402 0.000087480699098 -0.018000022210833 -0.001513733961223 0.012900221290003 0.999753615697675
1735690737.309552431106567 0.001551873973800 -0.000246592673737 0.000287230459357 -0.046718171903307 0.004534304934876 0.015623112176206 0.998775635895620
1735690737.409571170806885 0.001918835559424 -0.002563862439827 0.000482475320829 -0.037107774339163 0.007075009436097 0.007671051013063 0.999256779962702
1735690737.509551525115967 0.001220317166277 -0.005273550366977 0.000488707729757 -0.017516647745689 0.005400219605224 -0.000939103988542 0.999831547193660
1735690737.609552860260010 0.000717617925512 -0.006837654030929 0.000296853247522 -0.013406180214704 0.008340972231027 0.003669271887962 0.999868610847497
1735690737.709558010101318 -0.000550078168868 -0.009284996422879 -0.000779471950297 -0.010862585330424 0.005564059963727 0.003290932648211 0.999920104427831
1735690737.809550285339355 -0.000288698025420 -0.018102880173521 -0.002924425133699 -0.016997978997614 0.005876120840702 -0.003356016755142 0.999832624525426
1735690737.909550666809082 0.002425287544709 -0.012687955637703 -0.005983222391829 -0.031370458041828 0.015107220591657 -0.006418648066079 0.999373037061359
1735690738.009550571441650 0.007419247845813 -0.017961118253294 -0.005540270124686 -0.026518189644679 0.026962266386882 -0.010196638231772 0.999232630761237
1735690738.109549522399902 0.014018890590807 -0.036000358878487 0.001645700780725 -0.020646605208815 0.040573055685874 -0.018592901829675 0.998790192606643
1735690738.209553480148315 0.026242727406781 -0.046350026048013 0.006109444634181 -0.016132288541495 0.063674306061604 -0.020147244503322 0.997636918198655
1735690738.309558391571045 0.037383518882548 -0.068246205332091 0.017240997209144 -0.019147521419075 0.078061972486575 -0.028825193458578 0.996347735028834
1735690738.409549713134766 0.046972647794629 -0.081768067812725 0.022980490350127 -0.022771354861851 0.063969664796075 -0.039031700700516 0.996928218942597
1735690738.509573698043823 0.060495009339568 -0.098443411852857 0.034051850197666 -0.014947787928286 0.064739695970212 -0.044666183003513 0.996789981639880
1735690738.609552621841431 0.079922745234507 -0.112697234729798 0.046381016178825 -0.000212655478500 0.077162681013963 -0.053768276424232 0.995567600862318
1735690738.709551811218262 0.088192225500895 -0.138125398431361 0.058789425523713 0.006726398641996 0.083805321046180 -0.060580623219771 0.994616213328518
1735690738.809558868408203 0.116204511684597 -0.141040520385248 0.067284266542277 0.013079354523961 0.095848353089696 -0.055858325836720 0.993741350216417
1735690738.909550666809082 0.136961759560025 -0.154492555546550 0.072985725169722 0.017717321922157 0.083438342461672 -0.081136679187405 0.993046312515985
1735690739.009550571441650 0.157568728829913 -0.166061515452518 0.080060561694430 0.017885432344839 0.086814352061361 -0.084395390883411 0.992482139679924
1735690739.109551668167114 0.157847642644858 -0.191030374764773 0.076941447909452 0.018404564766630 0.076924263204608 -0.094521374606622 0.992375755179788
1735690739.209549665451050 0.173764833554972 -0.183644162434811 0.072333926851123 0.015890683292820 0.063840154700660 -0.107377470794225 0.992039313534559
1735690739.309554815292358 0.179382248352920 -0.187934220719629 0.071017896231039 0.016908213794137 0.058400399642289 -0.095013676534225 0.993617585844455
1735690739.409573793411255 0.181109862561883 -0.189051540456606 0.074392229728753 0.020762440387663 0.052934647984898 -0.080158129886237 0.995159041723987
1735690739.509552717208862 0.189943732447163 -0.189362819629974 0.081767034287839 0.042909084531202 0.063079506403266 -0.066200644751444 0.994885551694821
1735690739.609565973281860 0.201140419747892 -0.191872293319223 0.085658799499763 0.034101097227153 0.064552286644408 -0.052735376700221 0.995936291888778
1735690739.709552288055420 0.211113821987074 -0.191770207917201 0.091631579310837 0.024407206197381 0.067769199617945 -0.045894007853874 0.996346006120309
1735690739.809554576873779 0.215729548735196 -0.192821449995225 0.096784294899246 0.028234073777648 0.054074429046047 -0.077287173364166 0.995140937774464
1735690739.909559965133667 0.225994498968332 -0.200799355094671 0.105846376507905 0.011214971521620 0.061239764146644 -0.070598012204054 0.995560061660706
1735690740.009553194046021 0.233124216738029 -0.201130156661479 0.109450140802036 0.021814560510177 0.064873666160861 -0.061043336277476 0.995785741756083
1735690740.109542608261108 0.218003384218145 -0.207164999755827 0.106535253069714 0.023065083761180 0.063341969269512 -0.069366737594585 0.995311033072393
1735690740.209523439407349 0.227027127013836 -0.196338141187790 0.108485000831682 0.033254523808128 0.057558244836324 -0.055833404091341 0.996224781906789
1735690740.309519767761230 0.230933013936656 -0.197877465801931 0.111476226875140 0.013166301408067 0.056118439520846 0.006410006564398 0.998316723825070
1735690740.409521102905273 0.228628950870141 -0.200363343438327 0.112398224623441 -0.011777623483465 0.052691211481940 0.033272517608677 0.997986905419920
1735690740.509531736373901 0.233698832344244 -0.190471039556753 0.112065390041686 0.006212137200064 0.042374875297081 0.024782259523911 0.998775059213962
1735690740.609519720077515 0.239562682482888 -0.190344151379876 0.117400911352246 0.020370612923766 0.035906178646596 -0.018559844874886 0.998975133135119
1735690740.709527254104614 0.240195916626285 -0.193396037703932 0.119511234541099 0.035975973422732 0.011167261208018 -0.089585489160441 0.995266527994026
1735690740.809532880783081 0.248603594561847 -0.179576253803511 0.119386292463490 0.028211171850702 -0.001054893912717 -0.075049092846149 0.996780141578178
1735690740.909525156021118 0.248808973221186 -0.171062066702134 0.127062695113953 0.022265190165638 -0.001501063784264 -0.083298837537282 0.996274717023041
1735690741.009527444839478 0.249766814376485 -0.163785085678895 0.138430005273873 0.010399900430157 0.007956062814826 -0.047888312372928 0.998766866027104
1735690741.109522581100464 0.249353614251897 -0.157552310069278 0.152232867317819 0.014935332342731 -0.004369502885380 -0.065026951035287 0.997762165514108
1735690741.209521532058716 0.247288977845991 -0.169171927860800 0.161985505103798 -0.005351433872230 -0.003238400508806 -0.023748256231830 0.999698402141167
1735690741.309519529342651 0.262578213012767 -0.149945181997777 0.175821515237640 -0.022901654839713 -0.009403994108305 -0.004648991913417 0.999682682642148
1735690741.409520149230957 0.275910775596088 -0.142874392415975 0.195889744647923 -0.026108151868725 0.004667564190223 0.005860095607658 0.999631050703208
1735690741.509522199630737 0.276064698033634 -0.169372385266905 0.213744256198668 -0.031310168125103 0.027463824064275 -0.002173770990453 0.999129964749044
1735690741.609541177749634 0.290558817233612 -0.155588508028068 0.225569380551032 -0.031176207468331 0.035747231657571 -0.002271120220658 0.998871874431178
1735690741.709538459777832 0.291341258931415 -0.154098407032404 0.238381855673486 -0.030662240323041 0.034005624399462 -0.031087908410094 0.998467318683121
1735690741.809535503387451 0.288990339044880 -0.153294019994260 0.252206142837615 -0.035753894528119 0.033026403618438 -0.033765939016523 0.998243846488641
1735690741.909520626068115 0.285587500797801 -0.152476596847042 0.267464286136693 -0.036876053882223 0.029326320435894 -0.035457055856737 0.998259946491764
1735690742.009520292282104 0.284417466095153 -0.150913628858277 0.283610041155698 -0.042409557108415 0.031750379409044 -0.017240561754857 0.998446846809397
1735690742.109527826309204 0.276400926815888 -0.160377045423177 0.302137466499996 -0.040984715087764 0.032002735704557 -0.013601097639449 0.998554499353742
1735690742.209521055221558 0.282615863237948 -0.139156152377096 0.321649275477468 -0.045689983736251 0.026672069511511 -0.001885709744560 0.998597751946655
1735690742.309522867202759 0.286997512146561 -0.131007551672952 0.346743221872671 -0.034786137093582 0.023180499249440 -0.001873014282474 0.999124156918524
1735690742.409521102905273 0.290943826051796 -0.141840803421195 0.380033625936983 -0.036963690406231 0.029492376039294 0.018759452318537 0.998705145824241
1735690742.509518146514893 0.307061477746540 -0.122081100876651 0.408739201167615 -0.034032421385527 0.033097114012121 0.022882877277192 0.998610409151749
1735690742.609520435333252 0.311471379256610 -0.129186399305375 0.441160151974210 -0.032729002807715 0.039293315975966 0.013645641487817 0.998598339755886
1735690742.709536790847778 0.323267803165922 -0.112145088696041 0.468366151346566 -0.023774790268745 0.045767583408822 0.021756816535644 0.998432135195391
1735690742.809518337249756 0.326109312538107 -0.100942787741047 0.492435026013387 -0.033327598268386 0.049631128467912 0.017317160700004 0.998061189620132
1735690742.909538269042969 0.322310570781588 -0.101948017196034 0.517779187807518 -0.048959643661412 0.054369445335214 0.015520872253689 0.997199087058835
1735690743.009518146514893 0.318398220339759 -0.080801372117253 0.540574796232799 -0.045679677638185 0.054226107719370 0.009390999016631 0.997439073542815
1735690743.109522581100464 0.309355351031570 -0.068964774299569 0.566051469404928 -0.048685475748149 0.061666776018526 0.000338034444967 0.996908631179092
1735690743.209527254104614 0.294254771208685 -0.068326835172763 0.593903322995409 -0.056145624184335 0.066299226646870 -0.014667942644658 0.996110903910579
1735690743.309519529342651 0.276140372940611 -0.052454268086118 0.623509166915462 -0.048076230732170 0.066000336330640 -0.036887694815178 0.995977876066558
1735690743.409521341323853 0.262640317796331 -0.055629637706091 0.652070613886439 -0.051161400768463 0.076314362840430 -0.040322179304463 0.994953642614472
1735690743.509519815444946 0.245895664689066 -0.050850584175157 0.677574462144494 -0.040924572725405 0.073734537536266 -0.041139740384532 0.995588227673796
1735690743.609521150588989 0.233247553119355 -0.050827755480679 0.702252806975939 -0.038520498116412 0.064861412141998 -0.053341932537865 0.995722755928042
1735690743.709521055221558 0.223337767794969 -0.044192861221499 0.727933779316292 -0.033144330184196 0.057099016181931 -0.049934551527911 0.996567958691931
1735690743.809534072875977 0.219264026755147 -0.035483379167282 0.756880315556914 -0.038799436930370 0.053372378519562 -0.042882531121172 0.996898731782568
1735690743.909520626068115 0.217744598536461 -0.021143506157272 0.786454541424899 -0.035523864234546 0.047824951719767 -0.038608813042268 0.997476911320916
1735690744.009531497955322 0.221243629839427 -0.006263409357265 0.821695239947000 -0.038400434295982 0.047382169030863 -0.027780289226395 0.997751768845492
1735690744.109541654586792 0.228070737864476 0.008696139601821 0.859398115086611 -0.043382249779322 0.046197981257315 -0.021069528132738 0.997767408726151
1735690744.209573030471802 0.238581740585979 0.020364966613323 0.895771611230336 -0.043723635295285 0.049939199252073 -0.007930635421000 0.997763210945586
1735690744.309612035751343 0.247686933171294 0.026555737875386 0.936782717062426 -0.036847948366898 0.051001151370911 -0.003914686225333 0.998010915016338
1735690744.409671068191528 0.252305023309696 0.037393420879418 0.973126292668748 -0.036921748454274 0.045129721962278 -0.013011625458307 0.998213799889392
1735690744.509727001190186 0.252453240033242 0.049891257266014 1.006777548919210 -0.042617160493064 0.038528627160016 -0.018661054898030 0.998173876411703
1735690744.609854698181152 0.247179093772404 0.059101979194975 1.048190134340233 -0.041511543218372 0.032297462832612 -0.027292672732598 0.998242844046135
1735690744.709999084472656 0.241178864279434 0.066864884227736 1.094227422340749 -0.038975707865737 0.028417476971414 -0.034280944288632 0.998247543476879
1735690744.810177803039551 0.237405844421855 0.089330461962994 1.124526977183021 -0.027556397615097 0.025703749098887 -0.045489911520852 0.998253790467417
1735690744.900167703628540 0.230127966979487 0.094809614034226 1.180978336287069 -0.017595881085130 0.030771418543089 -0.061835745770139 0.997456688440523
1735690745.000388860702515 0.227632095183548 0.111925636994337 1.223578854004659 -0.042446135495182 0.043283209067840 -0.051962975354950 0.996807272538968
1735690745.100648403167725 0.220132640565903 0.126879759385307 1.246824100982946 -0.044128926810606 0.045194309038719 -0.064181677503979 0.995937158922104
1735690745.200969219207764 0.220044946985649 0.137211550828495 1.295624579022375 -0.053364384683173 0.045006306154476 -0.056001736319852 0.995987188864836
1735690745.301306962966919 0.219499557202781 0.154397185521196 1.339636993630730 -0.056409687544966 0.036450760153670 -0.058387904204376 0.996032199217435
1735690745.401632785797119 0.209264370758710 0.172608769190989 1.363473901778967 -0.056830892697749 0.031160644893536 -0.046463897140726 0.996815113302107
1735690745.501968860626221 0.213400265331372 0.188885304804254 1.415627510119895 -0.057768626246618 0.023050657038114 -0.041654407892740 0.997194245538348
1735690745.602282762527466 0.222355798501244 0.209848052699905 1.440498950036950 -0.064617063616519 0.023293802062290 -0.027314601426751 0.997264230995958
1735690745.702566623687744 0.237951524419774 0.225109837987096 1.482676582636358 -0.084124151926602 0.030117189679976 -0.014505084293550 0.995894414322145
1735690745.802795648574829 0.251225367221382 0.243408528905651 1.505065591803718 -0.087932700612247 0.029860661945680 -0.025285915572338 0.995357625933951
1735690745.903015613555908 0.264051897093830 0.252444637070016 1.543172199441127 -0.089780467051352 0.038687107230484 -0.017682877085673 0.995052808311273
1735690746.003146886825562 0.270286523648278 0.264389531234769 1.577428799711675 -0.093604304345937 0.042697305763357 -0.020945005232955 0.994472966472320
1735690746.103315830230713 0.272020630900463 0.276028039006096 1.607472312300354 -0.081576729242714 0.037050710274114 -0.033080894997394 0.995428619490326
1735690746.203436374664307 0.269156832744569 0.286588584187055 1.645117729575046 -0.082624419651446 0.044190104942588 -0.034589174431225 0.994999512017263
1735690746.303530931472778 0.264914691361718 0.298463696850163 1.684670927085396 -0.081640212008918 0.054858798211364 -0.042585346789300 0.994239345570662
1735690746.403599500656128 0.257305544650770 0.308109313316918 1.718648296010381 -0.069003924814966 0.062177458092152 -0.059610505056256 0.993890843982511
1735690746.503653287887573 0.251899649343998 0.318808431369896 1.760491656435093 -0.076507174920505 0.076596996505489 -0.059435628999104 0.992344173317656
1735690746.603689432144165 0.241667235115059 0.326412661003782 1.793719214443070 -0.070076935002738 0.077490983506696 -0.061771690444189 0.992606986130691
1735690746.703721284866333 0.232435692339425 0.336349928695957 1.824403396544573 -0.078005161099701 0.076026159084488 -0.054562055318070 0.992551358921108
1735690746.803724288940430 0.225477229339911 0.347937716938806 1.856026993313969 -0.081332787691763 0.064797940158836 -0.058304960314909 0.992867934923943
1735690746.903731107711792 0.219335674618770 0.363977053911491 1.883304251862966 -0.090022719371861 0.052983779456602 -0.049726212332892 0.993285423691707
1735690747.003734350204468 0.212398978415806 0.381209052392888 1.914410841268417 -0.090151396062652 0.034179298488230 -0.048398998060797 0.994163989656394
1735690747.103721141815186 0.210437738452298 0.394665691818691 1.948670165511000 -0.087085633246206 0.020427138817377 -0.036747359755509 0.995313245181055
1735690747.203732013702393 0.205047097230772 0.405944743746357 1.985472584267207 -0.094761993103383 0.010238212696873 -0.023926367965619 0.995159722145054
1735690747.303717374801636 0.195704887661838 0.413053743312133 2.021506436941689 -0.090403422896335 -0.002375031417486 -0.017701893160820 0.995745059406732
1735690747.403719902038574 0.182020774875929 0.421780394086121 2.056320536307819 -0.099307192058170 -0.012502836603998 -0.012941261797804 0.994894107141788
1735690747.503725767135620 0.163768458306011 0.432808544311013 2.089017600711557 -0.098256959076599 -0.023979816925997 -0.015777079351871 0.994747014139947
1735690747.603716611862183 0.139282933895862 0.441354479500851 2.119649345174448 -0.102375067529233 -0.023121974481075 -0.014387857154583 0.994373023271941
1735690747.703716993331909 0.111450541637761 0.444723544732890 2.149971081379089 -0.105620468397452 -0.006990806440757 0.008882693019096 0.994342266548868
1735690747.803721904754639 0.077982314206202 0.454194561343405 2.176946228777705 -0.119008277446348 0.002095311402074 -0.009921508315975 0.992841479412558
1735690747.903722286224365 0.042918176614101 0.459555437752131 2.203462858907656 -0.147571892387747 0.010392454124829 -0.010891767050608 0.988936753733462
1735690748.003721237182617 0.016966556625102 0.466624502157502 2.224175611026348 -0.177237979719285 0.007714012865994 -0.007201535508937 0.984111442082066
1735690748.103742837905884 -0.009888453241455 0.473765574841280 2.242206702048275 -0.187465494298816 0.003800593968030 -0.029500984391480 0.981820724904870
1735690748.203687191009521 -0.030906433275179 0.478358739963821 2.263255407614828 -0.227449600577303 0.006205447227871 -0.029204981676028 0.973332030022248
1735690748.303658962249756 -0.047281074612861 0.493331893067535 2.278991574213028 -0.259482269145057 -0.003046413047944 -0.045194077120899 0.964685009088492
1735690748.403593063354492 -0.066865684658038 0.505268383788832 2.302971620435996 -0.252306342555587 -0.011427061215386 -0.037745253601845 0.966843434899744
1735690748.503522396087646 -0.082524629257839 0.512574237704203 2.331545451174759 -0.253153521410389 -0.023774949795033 -0.048126745277156 0.965935744627349
1735690748.603464841842651 -0.101036617520181 0.517721222125205 2.368623811464782 -0.230437785490256 -0.030540742634868 -0.033453053697160 0.972032192499813
1735690748.703394412994385 -0.112368966989983 0.525857424285226 2.402688955260448 -0.224172488075227 -0.040291061964919 -0.021557522381016 0.973477580196223
1735690748.803332328796387 -0.129660848130190 0.527320855873546 2.439028063173539 -0.215870196491193 -0.059373436374988 -0.002822398449956 0.974611146758988
1735690748.903272867202759 -0.151244482597224 0.523269144391174 2.476529299555970 -0.202252209167047 -0.075719694536223 -0.002901762755863 0.976397537645041
1735690749.003243923187256 -0.163089033927664 0.531123578780442 2.510082728255494 -0.204317452745169 -0.078839966742650 -0.000701970578770 0.975724420820269
1735690749.103210449218750 -0.176683893073796 0.534278971239224 2.541944277621876 -0.202616958991055 -0.082341194741922 0.000677702978506 0.975789852527870
1735690749.203192710876465 -0.192518419763492 0.541295992188976 2.574610250857534 -0.195890094892804 -0.081919655959938 -0.007236723677903 0.977171361901639
1735690749.303145647048950 -0.211468621616387 0.551323932583403 2.608955259347510 -0.191301201538678 -0.077719280360996 -0.013824278764963 0.978351906558502
1735690749.403128862380981 -0.234843791396037 0.554383002046056 2.650482089810414 -0.192099616378436 -0.068926641764433 -0.020533666473883 0.978736544726657
1735690749.503085851669312 -0.259845747687523 0.565737678033555 2.686695604313615 -0.182064106222489 -0.062726645020488 -0.021887410358474 0.981039739509914
1735690749.603051900863647 -0.286118699829695 0.573757344160172 2.722520494872633 -0.180844140072299 -0.054875123382049 -0.032496428024392 0.981441847488159
1735690749.703029632568359 -0.312500863070152 0.564347463195214 2.758202072071040 -0.175281965100457 -0.048336590819823 -0.037830321745880 0.982603009081004
1735690749.802989006042480 -0.333641499421419 0.579882738869164 2.789369519686706 -0.187832963491691 -0.045102116867506 -0.029757867781489 0.980713539309568
1735690749.902926921844482 -0.356872595838829 0.591106706352651 2.820277311618855 -0.185050220834361 -0.052378588896694 -0.031146654185670 0.980837797562565
1735690750.002866506576538 -0.379827924227845 0.605793277064962 2.853610159758610 -0.181511340514020 -0.064648050062713 -0.031033888750527 0.980770697276847
1735690750.102815151214600 -0.402681825117133 0.608400406744227 2.892959194890246 -0.184997249884716 -0.071128441773876 -0.023979330349270 0.979868232989473
1735690750.202754259109497 -0.422578674037869 0.630317779194999 2.939005380829968 -0.186215946227402 -0.075946184723995 -0.013486608541154 0.979476344679421
1735690750.302705049514771 -0.440092625368290 0.645989842147401 2.988311895466433 -0.186668134061544 -0.076053598710259 -0.005800064595933 0.979457613733174
1735690750.402636051177979 -0.459660319779718 0.646505435406788 3.038161847205958 -0.195789241621881 -0.080274034659353 0.011555073839901 0.977286617371379
1735690750.502582550048828 -0.479247848960349 0.659407792606700 3.084511456685702 -0.184893456992607 -0.092530642630932 0.007099675864031 0.978367049904204
1735690750.602509737014771 -0.501268158688029 0.671141607865561 3.124483508145826 -0.190007188967430 -0.098727663111801 0.005801666402863 0.976788849928237
1735690750.702490329742432 -0.529869966664117 0.673967501270286 3.164617252307028 -0.187460692667035 -0.102252633383708 -0.003318183104405 0.976929822111997
1735690750.802465915679932 -0.556326029190524 0.694463107760910 3.201800302955856 -0.181786964393954 -0.097938025788787 -0.009975852596158 0.978397733565448
1735690750.902424097061157 -0.586081262960076 0.710672041046143 3.240282503721994 -0.188584601906996 -0.084837892996567 -0.015859169480536 0.978257055471041
1735690751.002405881881714 -0.619049169156353 0.710956046463291 3.279479266574890 -0.184058868959389 -0.071763901948843 -0.030322206502981 0.979822860994403
1735690751.102380752563477 -0.644946676196679 0.726562829134591 3.317935707871174 -0.190406238133652 -0.055455310702367 -0.028284322399943 0.979729641330235
1735690751.202383995056152 -0.668540793287600 0.736053855911752 3.351825323465810 -0.197840696649085 -0.045181454224687 -0.032361558841454 0.978657460224413
1735690751.302387714385986 -0.694445989715575 0.732738888401054 3.391424964896072 -0.201632060355022 -0.039283262510957 -0.036638496065866 0.977987197323930
1735690751.402386188507080 -0.715729043092853 0.747832283505703 3.432349357226550 -0.191330339981514 -0.037902763036732 -0.036737047752003 0.980105336624185
1735690751.502379655838013 -0.734916364619178 0.756469940174226 3.474896749654109 -0.181924005798061 -0.041424181149835 -0.034517184035637 0.981833110735578
1735690751.602384090423584 -0.751928021980228 0.767514171357207 3.519743304136069 -0.175391158637787 -0.041485702207728 -0.020591676088576 0.983408796411691
1735690751.702381849288940 -0.769141499510845 0.771633719921520 3.564461180468085 -0.171532330686114 -0.045052572990567 -0.010143577290377 0.984095540603693
1735690751.802380800247192 -0.791518323855065 0.786185423613337 3.618477300239578 -0.164485189991916 -0.058922162387873 -0.000978593896027 0.984617612785211
1735690751.902384996414185 -0.813482162034015 0.793820571394052 3.665244550273218 -0.156984414814057 -0.066612008729585 -0.010997776984785 0.985290709739969
1735690752.002376079559326 -0.833919499211978 0.794209008848953 3.699960462703100 -0.169996847177175 -0.075368933426875 -0.005551275929080 0.982542507558566
1735690752.102380275726318 -0.863938402745006 0.810838870315973 3.743583585234438 -0.165897624857466 -0.082625973786194 -0.006623748155291 0.982653068220371
1735690752.202382802963257 -0.895886889629574 0.820115599707140 3.787062732093721 -0.160265375375986 -0.082348128890518 -0.010289199402482 0.983579141452014
1735690752.302381753921509 -0.930122081625453 0.825385898510533 3.823770579402058 -0.159145309046368 -0.078941316033536 -0.011449314589823 0.984027414469156
1735690752.402379751205444 -0.968486373900056 0.833101540881221 3.866541288991732 -0.146056358232889 -0.071970559109917 -0.010687884296698 0.986596953152812
1735690752.502388238906860 -1.004467840872191 0.839018802710867 3.907843518453470 -0.159042039523590 -0.066245414548911 -0.009312671577210 0.985002765916682
1735690752.602389812469482 -1.039220630965421 0.842027859161421 3.944427031408787 -0.154707985036601 -0.065289164289170 -0.019368818287949 0.985610274535765
1735690752.702395677566528 -1.068704750717093 0.853919605452268 3.978898356699383 -0.160859154649007 -0.066038911470828 -0.014060912737200 0.984665164038188
1735690752.802377939224243 -1.099032284770316 0.867859438111478 4.016064238711391 -0.164373161835585 -0.075366056691388 -0.018618476753204 0.983338585376550
1735690752.902412414550781 -1.132889735672633 0.885682748041736 4.057906668566179 -0.164758609436099 -0.084797267100413 -0.015090132906909 0.982566187082497
1735690753.002435207366943 -1.159111544615589 0.904746209543888 4.105504068817077 -0.166522145772398 -0.086985200064339 -0.002148608234338 0.982191088037241
1735690753.102464675903320 -1.185514406810479 0.919055570892157 4.157388161969448 -0.168904930340457 -0.086289841279651 0.004005414171027 0.981839673498651
1735690753.202492237091064 -1.206674105146714 0.935126559477052 4.206147111142490 -0.178758965077467 -0.087273380509512 0.009431362329049 0.979969203017877
1735690753.302555322647095 -1.226939621392595 0.945040180773223 4.264547214544507 -0.171066216709150 -0.085245584171354 -0.004893415919505 0.981552644721994
1735690753.402612686157227 -1.247485380199491 0.958102841523044 4.308466317562489 -0.178335160696293 -0.086160840422823 -0.007342643791668 0.980162724051068
1735690753.502672433853149 -1.269521921549180 0.971115887780832 4.358835111651922 -0.176479328382295 -0.083545634160046 -0.011679194351709 0.980682808091293
1735690753.602745056152344 -1.294216120567071 0.985973745459343 4.406140527302246 -0.171177358935225 -0.072308616056349 -0.013686818405808 0.982487886354790
1735690753.702778100967407 -1.321392890555044 1.001558757336724 4.452037364923008 -0.170032367276873 -0.054076168295734 -0.009251289424892 0.983910146174259
1735690753.802849531173706 -1.344688425519297 1.012320575524830 4.503247426107727 -0.165174085646538 -0.031119204393467 -0.011339758293003 0.985708134505648
1735690753.902900457382202 -1.369238621984303 1.020809559542859 4.550078654828778 -0.167434592916693 -0.007063309868082 -0.006539473930618 0.985836194318934
1735690754.002933263778687 -1.388391865917594 1.030834059053355 4.592012075094550 -0.177732283089502 0.009449142143193 -0.008547175954785 0.983996389751380
1735690754.102972507476807 -1.406891849092856 1.041568099091315 4.635554117237893 -0.182527576120828 0.020916786298482 -0.014214604609034 0.982875433115615
1735690754.203014850616455 -1.420113849098509 1.056184617560197 4.679919105220345 -0.182195756753491 0.027100987530201 -0.016458232190578 0.982750919251197
1735690754.303045272827148 -1.436360582170959 1.078410204000105 4.728742356088546 -0.183171756581441 0.023081755620115 -0.021339856294877 0.982578216063066
1735690754.403079032897949 -1.444971482434404 1.097087262202270 4.781567241964982 -0.183603174728645 0.026577063289217 -0.012002902575836 0.982567791180964
1735690754.503111600875854 -1.454197309518118 1.116113669637421 4.837624933930454 -0.196575692145214 0.035131427832954 -0.002054079375954 0.979856908325887
1735690754.603144645690918 -1.464317785627036 1.123915349131016 4.896863966252041 -0.182073617890859 0.032145141997447 -0.009654845530899 0.982711896474176
1735690754.703191518783569 -1.467018361872120 1.131374351795999 4.950528119692612 -0.186672453745098 0.039397432272061 -0.008468304243682 0.981595397893852
1735690754.803203105926514 -1.477267701222853 1.144682198051028 5.000750997554588 -0.189922834371908 0.042789499409477 -0.010446096977876 0.980810509110887
1735690754.903205394744873 -1.490568702192531 1.158452686360727 5.050691681106731 -0.185672160235894 0.051630431560935 -0.008182030518826 0.981220261626694
1735690755.003201484680176 -1.498206057739589 1.176238004436947 5.099461933572831 -0.183543889258838 0.067900771936562 -0.013425931909044 0.980571705811733
1735690755.103203058242798 -1.511927302142096 1.190874960225342 5.151376138745428 -0.177687375175878 0.091034597753577 -0.014752147688991 0.979756231342018
1735690755.203207015991211 -1.527467815719064 1.202781714376912 5.201142419339588 -0.194076466349081 0.100677249074901 -0.017800716934937 0.975644172434175
1735690755.303174734115601 -1.538292872966878 1.213419815218941 5.240822469373002 -0.193360711449815 0.110136251711564 -0.027923870648513 0.974526499780562
1735690755.403108119964600 -1.549221456345643 1.227629550417038 5.287383840773000 -0.203059333622422 0.116607031379098 -0.026021176079047 0.971850094231222
1735690755.503047943115234 -1.560928936172865 1.244448772331576 5.334696068194396 -0.205344864208431 0.110892978829117 -0.030247873416432 0.971916303054646
1735690755.602988958358765 -1.570751245641473 1.262874086896824 5.387352443126347 -0.201188618016789 0.099226474733064 -0.032554819380605 0.973969933020337
1735690755.702933311462402 -1.573557854412014 1.286179432226370 5.432889660038042 -0.203358478894776 0.085769557305691 -0.024393074867055 0.975035327564965
1735690755.802882194519043 -1.575602518522061 1.300326303537319 5.494945592413965 -0.199303626460349 0.072529370397739 -0.023534085436165 0.976966581686469
1735690755.902807235717773 -1.579477930089350 1.310298118891844 5.550482948816210 -0.187574051379835 0.053375147133303 -0.031978768117243 0.980277729680297
1735690756.002748489379883 -1.582215516028530 1.326305342469284 5.615976735693640 -0.196270327800846 0.044094697731249 -0.029664361512424 0.979108595464772
1735690756.102693557739258 -1.592367508857424 1.343059245805359 5.659561597285366 -0.201469007024044 0.031698704084877 -0.028562151629684 0.978565089742306
1735690756.202631711959839 -1.605077653585345 1.361037993651052 5.721158995176365 -0.195385447144181 0.025160422608163 -0.030471988070958 0.979930067974981
1735690756.302604198455811 -1.615829915786909 1.376472961103012 5.778861974301420 -0.190116737452351 0.036045807427267 -0.031178139871842 0.980604022784693
1735690756.402564764022827 -1.623903804319319 1.395380420382900 5.821961915256651 -0.187336845573897 0.045360130561522 -0.036805532270968 0.980557350510471
1735690756.502545356750488 -1.634750420358720 1.408384086453985 5.876908372004674 -0.194946540462516 0.053941482480681 -0.037570575899182 0.978608509392845
1735690756.602517366409302 -1.639382448302912 1.421343691979561 5.915814393834565 -0.213403562085588 0.068916946139162 -0.036169048149656 0.973858908764500
1735690756.702487707138062 -1.645328178170041 1.433618607312477 5.966635517843630 -0.214429395503640 0.073954403049813 -0.041923147223047 0.973033005781615
1735690756.802466154098511 -1.649085754904544 1.451225309332003 6.013149494813802 -0.215477574936563 0.077923170070921 -0.042397991910556 0.972470978768780
1735690756.902447462081909 -1.649446871432619 1.474112232605344 6.059874817096369 -0.220457742608651 0.072394762835398 -0.045973080041378 0.971619193897184
1735690757.002402067184448 -1.649881977246413 1.496366348023088 6.114073194040138 -0.222246171988602 0.070187805200869 -0.034908216098261 0.971834207818564
1735690757.102381467819214 -1.640605220342465 1.515728860290781 6.164155080263629 -0.230020595803674 0.073052622743968 -0.024851764761392 0.970121760195387
1735690757.202350616455078 -1.637778588731196 1.530372489009829 6.221844924327447 -0.231829778134849 0.063904163060956 -0.022688636523465 0.970389837996118
1735690757.302318096160889 -1.630063101292697 1.541747814778883 6.272222597511683 -0.224780384113256 0.065477171088624 -0.029410699835979 0.971762074645479
1735690757.402299642562866 -1.631032966444227 1.560416273604144 6.320521323061079 -0.237984490373643 0.060324118867357 -0.031738082622842 0.968874128633797
1735690757.502262592315674 -1.625540996480016 1.579446564000530 6.368434235546939 -0.237255140418053 0.070177971442925 -0.029260848966302 0.968467270168248
1735690757.602265596389771 -1.623229787872382 1.603110916628604 6.421823160670943 -0.234854799726272 0.090446213741064 -0.027468614770424 0.967423475355045
1735690757.702267646789551 -1.622581892457782 1.620462315435509 6.473832032302104 -0.231785851293757 0.106537749644918 -0.027762291494657 0.966516571100357
1735690757.802267551422119 -1.623365108192545 1.638383832876504 6.526947004076415 -0.246637225429336 0.121508705754866 -0.021693990985404 0.961215420295275
1735690757.902266979217529 -1.617299556000624 1.648621473905508 6.574976609085977 -0.242791331092938 0.138181135817289 -0.025704081063594 0.959842509720756
1735690758.002249240875244 -1.610011219557525 1.664980302451614 6.626990473915984 -0.246541503297423 0.151648236176788 -0.022291144753930 0.956934273856818
1735690758.102203130722046 -1.599983872965838 1.683768321845942 6.675106969743606 -0.244112551739057 0.156061065212010 -0.023643321361418 0.956815028813480
1735690758.202196121215820 -1.584897168391076 1.708703805917447 6.735944459142434 -0.240105649293036 0.148889554842117 -0.025974700660673 0.958909011617929
1735690758.302129983901978 -1.573974910773143 1.725268917086003 6.783209039119035 -0.232861772495497 0.141194264193147 -0.018195027191930 0.962033531460674
1735690758.402068138122559 -1.550956669735986 1.742531851831217 6.847422975522356 -0.240341012050678 0.143048568762615 -0.008837456723418 0.960049584271607
1735690758.502023696899414 -1.531820094672227 1.752975330851522 6.906743736583739 -0.229967897204464 0.134066764716382 -0.021100828912290 0.963688551282547
1735690758.601959466934204 -1.528188850679319 1.763910110192181 6.943828623949603 -0.233952429699374 0.128811292839083 -0.016533933075913 0.963535438129768
1735690758.701920509338379 -1.519366367429991 1.778413236704023 6.999808694984332 -0.226078637125770 0.120542010594075 -0.018427922009850 0.966446317809578
1735690758.801860809326172 -1.514308504953617 1.797271520751641 7.047412790356416 -0.229930952579400 0.120077025178075 -0.013028374752574 0.965682932707015
1735690758.901841402053833 -1.513720802792047 1.817406402982787 7.097899594471283 -0.228399599183947 0.114520996257666 -0.019549082852101 0.966610778891072
1735690759.001809120178223 -1.518782029315735 1.835986887639525 7.146626066520029 -0.225277830477145 0.104149945289888 -0.027686039634664 0.968316152504424
1735690759.101799249649048 -1.517766262904465 1.850128902693786 7.202028791550209 -0.233704580239067 0.106243380194326 -0.029982018010033 0.966020492503245
1735690759.201758146286011 -1.516631256281890 1.859146598890909 7.250107379889847 -0.220272412106290 0.104129063056034 -0.046650727251656 0.968741922463791
1735690759.301748752593994 -1.512124266622870 1.875011794740674 7.290012637386063 -0.234321541934527 0.111308221027629 -0.039768422932986 0.964946821050007
1735690759.401702404022217 -1.506711684274109 1.893416054949520 7.336131892544908 -0.238146785603703 0.108876204468907 -0.038818285009551 0.964326304399079
1735690759.501703739166260 -1.503181788502524 1.915028448873122 7.385890592898450 -0.233072606799318 0.096531528749549 -0.035661555858912 0.966999005868552
1735690759.601707220077515 -1.496469448524204 1.940197492458457 7.439093957070179 -0.237836880905849 0.087618098271041 -0.026427651973388 0.966984108528944
1735690759.701704978942871 -1.485499068149175 1.958188883837721 7.493430200933293 -0.235574130568041 0.077846442851383 -0.019453738276036 0.968538234872318
1735690759.801711082458496 -1.472642005674140 1.972319233619463 7.554100360120355 -0.231166433364954 0.067280092762105 -0.013239763274715 0.970494810842221
1735690759.901684045791626 -1.464023568829711 1.980516839850387 7.614199573466315 -0.219922214194067 0.066740892946208 -0.025716238219622 0.972891848051238
1735690760.001684665679932 -1.457943023150633 1.987169993387118 7.664283183838458 -0.222388044217129 0.054475581876004 -0.018283741401360 0.973263414276381
1735690760.101684093475342 -1.455551437392599 2.003542720183339 7.715503905186131 -0.214215723467212 0.044815490938706 -0.025030307839467 0.975436660824681
1735690760.201689004898071 -1.454627809868244 2.027250052098721 7.771587353920450 -0.214625035031712 0.049812262884040 -0.022122151940657 0.975174570626984
1735690760.301679611206055 -1.457847079043687 2.049391995738473 7.821875509191993 -0.221677175738645 0.045201006154278 -0.029481546639841 0.973625665852591
1735690760.401695489883423 -1.463519833030984 2.065410444224351 7.875238424805880 -0.228121744199396 0.041643619040066 -0.036792915915365 0.972045554567848
1735690760.501676559448242 -1.464591980625901 2.074849361102082 7.929073844723190 -0.215013237392697 0.043534907651527 -0.040043604861295 0.974818203190419
1735690760.601677656173706 -1.457211667971215 2.085492418264944 7.975190751673640 -0.223308671783188 0.053519260602534 -0.035037590753012 0.972646540674058
1735690760.701683998107910 -1.448137100904901 2.102186570376005 8.023268402568920 -0.222948520187576 0.058177894684805 -0.031766195830998 0.972574006808038
1735690760.801672935485840 -1.440192032281889 2.123634526699460 8.072380844580014 -0.219065997334733 0.058803413364994 -0.022239878460083 0.973682512523690
1735690760.901676177978516 -1.414522340198535 2.151309581364577 8.122973120530309 -0.224027927180325 0.060096323529143 -0.016121178088135 0.972594482484154
1735690761.001680612564087 -1.384267811859233 2.174404593760071 8.178480988376558 -0.221289152602680 0.062134508249073 -0.009941436998897 0.973176028093289
1735690761.101679563522339 -1.377209828845719 2.192954409830347 8.233503702087056 -0.232985165099550 0.064162177091455 -0.006939310927378 0.970336526076533
1735690761.201680183410645 -1.347502593400222 2.207414242548878 8.286812103454627 -0.229364482770545 0.057399182314869 -0.013957901437021 0.971546419323575
1735690761.301693439483643 -1.333319978299861 2.223421889805479 8.335816984693400 -0.238711825792688 0.054015559480531 -0.004125977582081 0.969578238137448
1735690761.401677846908569 -1.326136591634012 2.238831520241261 8.382863866447266 -0.233431819544169 0.047645446389944 -0.010828440554576 0.971144809973135
1735690761.501692533493042 -1.335344853668792 2.253280710946528 8.429279250981944 -0.231284734064833 0.046857894000095 -0.015877638961513 0.971627300017575
1735690761.601675033569336 -1.330331155001064 2.275476279504799 8.478425612171764 -0.231766016441133 0.048054705298187 -0.022254341357243 0.971328988145864
1735690761.701677560806274 -1.330868639272619 2.292574464603180 8.532135438981378 -0.226094205262301 0.049506073735467 -0.032994817199573 0.972286943781554
1735690761.801682710647583 -1.329280505686525 2.305184285572315 8.588942441755087 -0.230263059818170 0.060176456237168 -0.034997457640704 0.970635305022745
1735690761.901678562164307 -1.331800771235909 2.315835535988317 8.644157257281543 -0.223438836351972 0.069275242316024 -0.042020301917108 0.971344594589648
1735690762.001676797866821 -1.332069482824036 2.328744321678290 8.692092534688154 -0.232582811519369 0.076078799394603 -0.035385327218084 0.968950530567010
1735690762.101679801940918 -1.337221300333401 2.344094003038984 8.740000462730734 -0.235902683660481 0.073379766854475 -0.035782331221896 0.968341343964251
1735690762.201679468154907 -1.342919958091102 2.361268037654203 8.788763754398156 -0.232460259921798 0.063213344505473 -0.037777829351527 0.969813969915370
1735690762.301679849624634 -1.346793083035520 2.381750035578011 8.844638795824519 -0.229556861647593 0.052197570886436 -0.034397039418916 0.971285696663591
1735690762.401699066162109 -1.346790446808741 2.400827529356251 8.899676422587454 -0.222374463037210 0.041838739735889 -0.021687145071116 0.973821742304458
1735690762.501677274703979 -1.346135962764755 2.421973813921661 8.958237271966075 -0.229408866130446 0.028966862417367 -0.017188500799857 0.972747165743848
1735690762.601693391799927 -1.346157901065319 2.436878214101847 9.024395774197888 -0.229043921848982 0.015095081966780 -0.013446194892542 0.973206155039807
1735690762.701675891876221 -1.341598191600342 2.450027065159092 9.081767121343001 -0.227471846403313 0.009096065486280 -0.016810759187493 0.973597051691344
1735690762.801678419113159 -1.340380391222037 2.467923822558832 9.135782415821655 -0.230554824897963 0.007113068170639 -0.012499805800201 0.972953047085226
1735690762.901691198348999 -1.338726292138845 2.489855538809182 9.191270566675852 -0.228987356315915 0.010721109966429 -0.011721486230275 0.973299776640830
1735690763.001673698425293 -1.338606343592794 2.511764411110084 9.249912096777431 -0.223827758273800 0.020465085154455 -0.017017728491767 0.974265216372178
1735690763.101675748825073 -1.337028169287175 2.528690946166413 9.311171709652641 -0.208219081234485 0.031643324864519 -0.019818891286312 0.977369288319194
1735690763.201679468154907 -1.336144245276609 2.542405943372880 9.364994217395282 -0.215704204000941 0.040197909387070 -0.017181689368787 0.975479684056856
1735690763.301680326461792 -1.329797977598970 2.552808771692906 9.414010993879730 -0.220422301041900 0.050581748343102 -0.021369458708705 0.973857711461200
1735690763.401680231094360 -1.316431962140884 2.568660736499912 9.464407233432164 -0.219208108381183 0.059982618829252 -0.023125966955204 0.973557949128204
1735690763.501691341400146 -1.302428770375491 2.595397299681330 9.512429422809694 -0.223447581982240 0.062438939641307 -0.023095108033007 0.972439804259216
1735690763.601687192916870 -1.292209388940962 2.620241421927277 9.566864905399949 -0.230740702825231 0.059740086899429 -0.022219895760189 0.970925396881436
1735690763.701691150665283 -1.272198190838891 2.641595231394036 9.623867782978657 -0.223629591350010 0.051051416254586 -0.016363582082841 0.973198742268221
1735690763.801689386367798 -1.255376897043303 2.656846596616961 9.683906524364733 -0.229350358568480 0.042890014888024 -0.016159092794694 0.972264235363755
1735690763.901677608489990 -1.235827523833103 2.665933994607003 9.742060815520230 -0.215616269154876 0.034698787699236 -0.023984711720363 0.975566682606385
1735690764.001682519912720 -1.225484451908345 2.675770451430367 9.793664217857854 -0.220378506146341 0.027463637168024 -0.018949952814352 0.974843557680177
1735690764.101644039154053 -1.214853337506101 2.691731042476849 9.841968727045943 -0.217281413108909 0.022030670733550 -0.020463524252603 0.975645776519116
1735690764.201623439788818 -1.207306228973076 2.715502159123955 9.892837081779790 -0.220731834397256 0.027446093812125 -0.019972465869099 0.974743694426994
1735690764.301607370376587 -1.198049090538031 2.742058641421058 9.945665596519337 -0.229953911773909 0.037961827548827 -0.022880144856911 0.972191646271638
1735690764.401577234268188 -1.193985414665402 2.762848240072930 10.001945956955684 -0.228099760255722 0.044523055315899 -0.034858855269092 0.971994370933262
1735690764.501555204391479 -1.184996545141625 2.778588980729851 10.063054778161844 -0.234545534019076 0.061187921192226 -0.033776526978919 0.969589385769627
1735690764.601568460464478 -1.177302693376343 2.788480922856000 10.120824004934194 -0.228234372976113 0.074727126262361 -0.043963360887774 0.969738186570077
1735690764.701552867889404 -1.167866544303814 2.802612147680833 10.174501378120409 -0.229853348949935 0.085816636905291 -0.040845814229870 0.968573467666064
1735690764.801574230194092 -1.160935024299911 2.821883608782901 10.229009853850224 -0.226701242182926 0.085848575343352 -0.038289725359327 0.969417591049462
1735690764.901562690734863 -1.153595935891428 2.843118602629351 10.285596304570426 -0.220263967279790 0.078226022466872 -0.038138826960818 0.971550258095397
1735690765.001555442810059 -1.140311428226606 2.866457629669713 10.345750513710293 -0.219126841303376 0.073290954927348 -0.024831101364212 0.972622886709583
1735690765.101558685302734 -1.130348939963756 2.884312433503295 10.406828147065061 -0.217823642032335 0.059448848079130 -0.024387408583478 0.973870602152266
1735690765.201549530029297 -1.117972507776397 2.898760166614699 10.471616004307991 -0.208700214876655 0.047110148719390 -0.028136082409979 0.976439048310080
1735690765.301550388336182 -1.111866725149444 2.914108385432972 10.527516029083241 -0.222494634392067 0.041376512657284 -0.024813939340801 0.973739385195779
1735690765.401553392410278 -1.108230466912496 2.930901839996113 10.583483725399669 -0.216900367485045 0.030299107898185 -0.027602118122650 0.975332926605357
1735690765.501524209976196 -1.104177788277532 2.949939616509239 10.637507666824360 -0.214709572113871 0.030714232243735 -0.022821800643980 0.975928071630140
1735690765.601525068283081 -1.102167220660277 2.976408016843656 10.694853834412138 -0.219463990785347 0.035299794692226 -0.026477598127261 0.974622192462632
1735690765.701534986495972 -1.101522892611729 2.995542678424825 10.751217379727942 -0.212140703542952 0.035246182233656 -0.041027117598392 0.975741156331853
1735690765.801500320434570 -1.100279850059088 3.010346807701914 10.813625787389974 -0.224969712214879 0.048251770061789 -0.033937486458958 0.972578347633087
1735690765.901458501815796 -1.101427907226741 3.018440402011897 10.869675975890203 -0.210274470997450 0.047896637408357 -0.041053936601752 0.975605008833603
1735690766.001425504684448 -1.098287094470419 3.035739172830934 10.917972768188244 -0.225136189295271 0.051539426629929 -0.040619315091461 0.972114939198942
1735690766.101412773132324 -1.097464453581464 3.059115115345854 10.973829661601272 -0.213518033759729 0.045086831457922 -0.046625286053017 0.974783724519926
1735690766.201393604278564 -1.090189648566410 3.086509974899123 11.026281991816276 -0.222508345277023 0.035124130804325 -0.040497169056010 0.973455859818909
1735690766.301355361938477 -1.081068304788068 3.111671265330016 11.088635903820993 -0.223597695928648 0.028292259420141 -0.024594380813572 0.973960335365204
1735690766.401358366012573 -1.069718447711915 3.123152698359816 11.147480744051633 -0.227297419597590 0.018621814785485 -0.016529860596268 0.973506997800755
1735690766.501362323760986 -1.066658775101357 3.132312572288797 11.215209808191590 -0.204192160351588 -0.004571632473733 -0.020456173254546 0.978706394585862
1735690766.601363182067871 -1.064170391026597 3.145283167440607 11.273165866466856 -0.210396045499044 -0.009097164087640 -0.005001634936292 0.977561112816938
1735690766.701361179351807 -1.060042566967809 3.163511806509694 11.319813551160752 -0.215338157881225 -0.017806545627641 -0.004475580796029 0.976366925837653
1735690766.801372528076172 -1.060523712518039 3.187562212250239 11.373792291885026 -0.211049734359924 -0.018888504489760 -0.001889088313102 0.977290982957528
1735690766.901359319686890 -1.060781090900852 3.213996392853114 11.433912627673818 -0.211111492954491 -0.008333139794712 -0.000322799926243 0.977426412638770
1735690767.001365423202515 -1.061807370717382 3.237164909410040 11.492907788063434 -0.214871796506106 -0.003075488952339 -0.009427042070734 0.976591922612377
1735690767.101357460021973 -1.062246764315023 3.257464458389760 11.559201976192087 -0.222492609931292 0.009916811815426 -0.008701203402219 0.974845107916500
1735690767.201360702514648 -1.058314702251075 3.270546723311635 11.609585183949330 -0.230544238061271 0.024872523601719 -0.006152125577072 0.972724453901162
1735690767.301362514495850 -1.059315496295215 3.285510504532048 11.667684657970826 -0.228148318188562 0.028572346763357 -0.008146864908303 0.973172951997912
1735690767.401354789733887 -1.061369416929190 3.305419355726473 11.726878668154077 -0.228298806711965 0.026810050613416 -0.006417598734593 0.973200745204442
1735690767.501370191574097 -1.061362705681848 3.326395907418128 11.781689436917029 -0.222819278831253 0.019352533702964 -0.009423673060215 0.974622102564091
1735690767.601361036300659 -1.060455656901976 3.350193488371080 11.849176915265932 -0.215924508371704 0.014426523229696 -0.004548873268578 0.976292881190848
1735690767.701362371444702 -1.057369492561286 3.367281869028397 11.910139709925664 -0.232648886273513 0.010344399848554 0.003458299083204 0.972499629447188
1735690767.801361322402954 -1.060391070242903 3.384701189397242 11.985001432314929 -0.218115311237282 0.000710926293949 0.000619237407200 0.975922549249018
1735690767.901373147964478 -1.061838386646750 3.400090943767752 12.033537243524865 -0.234310318282512 -0.004771161243570 0.004870835627526 0.972137945832291
1735690768.001358509063721 -1.075171852535465 3.421884658519601 12.091475243637761 -0.235381776072003 -0.008570219010787 0.003630386703245 0.971858421341134
1735690768.101371288299561 -1.086163303954349 3.437594242960657 12.143803106457925 -0.231119745022191 -0.006398610390121 -0.002807014304381 0.972900221973789
1735690768.201358079910278 -1.098876254389679 3.458847319920247 12.198949358655261 -0.225168918550674 0.000264159948011 -0.007654115886240 0.974289640121582
1735690768.301358222961426 -1.121420617653631 3.474250020603588 12.260822628417149 -0.217854779297269 0.011112307553005 -0.011364704930438 0.975851758844564
1735690768.401366710662842 -1.129600230952844 3.482594144720468 12.303950747983773 -0.221177494939733 0.019412399455658 -0.010771727933421 0.974980843071743
1735690768.501352310180664 -1.139988779605049 3.494180072488709 12.356156041692481 -0.232039380224755 0.033299738254423 -0.008233754245585 0.972101362383636
1735690768.601354837417603 -1.144207714412891 3.505446099352644 12.406381675828330 -0.227075493006898 0.040208486516379 -0.011614723903216 0.972977438729382
1735690768.701376438140869 -1.141132495747939 3.521545238272461 12.445902198974109 -0.221772553631035 0.042746837896274 -0.008485293271567 0.974124038356479
1735690768.801410913467407 -1.142553405782580 3.543940989712473 12.506999928840226 -0.216824065057022 0.039910724845040 -0.005449800203188 0.975379289575208
1735690768.901444435119629 -1.139367388234353 3.562709966266944 12.567036409091919 -0.210329074416445 0.036513193152870 0.007684765288920 0.976918323895789
1735690769.001461744308472 -1.137250033162661 3.579668670219586 12.627595441814375 -0.223413474009314 0.027518051625053 0.014660824633154 0.974224941523736
1735690769.101479291915894 -1.138744090905382 3.591676166655147 12.697057317951742 -0.208800265336958 0.015450076041953 0.001635450525673 0.977834888745074
1735690769.201503992080688 -1.142726143980241 3.610818226447451 12.748035778447930 -0.227988391111108 0.005275254989451 0.007341095980128 0.973621884261634
1735690769.301519393920898 -1.146013366657282 3.633084627931674 12.792488319461478 -0.234150709406196 -0.000002610650676 0.005242401539226 0.972186176873474
1735690769.401554346084595 -1.148954025075330 3.653292828140438 12.846252703424556 -0.230477333875642 0.005945306785959 0.006331872837947 0.973038929993636
1735690769.501582622528076 -1.153825614153272 3.672543238918740 12.902604342427690 -0.227230969859418 0.016067277425957 0.003779987989196 0.973701001654855
1735690769.601570844650269 -1.161659390743900 3.687650913205051 12.957057797571963 -0.218279420581906 0.021405519046840 -0.015257992942190 0.975532209594403
1735690769.701572418212891 -1.171729304146012 3.696620261708099 13.014645798509099 -0.224038015955894 0.032906913904868 -0.008621834811456 0.973986532960435
1735690769.801574468612671 -1.178492385174430 3.707900774173246 13.066067004159068 -0.215294778503376 0.039031584509883 -0.013329389205969 0.975677724017119
1735690769.901577234268188 -1.181814609407755 3.722041787369306 13.117738355838270 -0.222613541069638 0.043129021538870 -0.011317118908395 0.973886554816910
1735690770.001583337783813 -1.187850663630536 3.743217500540119 13.172059965999958 -0.220577412331548 0.039568493431593 -0.009552902244982 0.974519718402542
1735690770.101588726043701 -1.188776845693875 3.767422894474634 13.228619175729392 -0.219506820211989 0.027395163312506 -0.011420666947892 0.975159386599938
1735690770.201574563980103 -1.180801226324302 3.786901557081861 13.289458000227654 -0.211156446901501 0.025677314693562 -0.001500667147186 0.977113800148260
1735690770.301582813262939 -1.168380990342261 3.805746757242095 13.352396659438531 -0.222407500893561 0.040527926438410 0.015624230146120 0.973985766917168
1735690770.401571273803711 -1.160979308331768 3.817866291147117 13.414245786383821 -0.202716594750460 0.033507272137940 -0.007521064259508 0.978635109997110
1735690770.501574277877808 -1.155390107633241 3.833238540594325 13.465590009041593 -0.225004020230408 0.033096115472177 0.008907215848746 0.973754845701232
1735690770.601583480834961 -1.154275656591681 3.845853967630811 13.515118291553209 -0.218102507895224 0.027137820007766 0.016961953353078 0.975401008259417
1735690770.701571464538574 -1.159468615941054 3.866165348449787 13.568487179991234 -0.213849609617748 0.025508018089172 0.015266332629852 0.976414166513132
1735690770.801573038101196 -1.165129168210673 3.888260253907020 13.626005073607615 -0.215106687433241 0.031243540694409 0.012649849265955 0.976008675934760
1735690770.901574611663818 -1.173705033489041 3.908260510407615 13.683533531604320 -0.215224959334614 0.029433301786580 0.000612286940369 0.976120649679155
1735690771.001575946807861 -1.183890740074074 3.924043418120412 13.741904104736300 -0.232502067080542 0.032366805804423 -0.007665169919598 0.972026966629732
1735690771.101573944091797 -1.188698174797927 3.930964272178006 13.797588995101304 -0.225249327289930 0.039471950727166 -0.015672402464180 0.973375098028621
1735690771.201593160629272 -1.185870057888528 3.948571690870796 13.842821561546122 -0.227304118461566 0.045136738877860 -0.016026795045963 0.972645184213872
1735690771.301574468612671 -1.189072014908420 3.966658012021757 13.890684140445869 -0.229642015660646 0.042734282935701 -0.015207226858430 0.972217602163509
1735690771.401584625244141 -1.188613507482971 3.989108533558479 13.941222614482294 -0.226436897314952 0.026836992908924 -0.019047929604543 0.973469713819472
1735690771.501571655273438 -1.184774404178627 4.010833716743920 13.998434859235205 -0.223309716516251 0.024070435096280 -0.000470586821443 0.974450185084774
1735690771.601574897766113 -1.173602996932740 4.030236220764446 14.063974852704435 -0.224062904455538 0.026651466331507 0.009628889906172 0.974162614078627
1735690771.701587200164795 -1.167012138992943 4.045347300466812 14.132428969016429 -0.220396003529527 0.012458062339033 0.013310040264538 0.975240094099461
1735690771.801571369171143 -1.162054154752105 4.061248114329369 14.185642679876658 -0.228947995239344 0.007023969450030 0.010767579941131 0.973353758173903
1735690771.901572465896606 -1.155610568562841 4.079713031867397 14.243823468773524 -0.232507225176943 0.001522786666938 0.009506304613417 0.972547017646901
1735690772.001574516296387 -1.146433910880200 4.095411678117493 14.306575967087928 -0.231136500592782 0.006869847256220 0.011762433396855 0.972825970280905
1735690772.101576328277588 -1.139818137798425 4.121661335925146 14.348179821730090 -0.227834927244837 0.027122704929194 0.007616231486486 0.973292144128683
1735690772.201575756072998 -1.127855558721910 4.145013090280650 14.411273704337722 -0.222694714301117 0.041873092659960 -0.010984742600080 0.973926611076751
1735690772.301586151123047 -1.120991660462833 4.160791559525225 14.462694210335469 -0.236673868772862 0.065680510378333 -0.006372425451848 0.969345625971660
1735690772.401573896408081 -1.109497196960572 4.178716678579159 14.524230291088379 -0.225501632648371 0.085499909837057 -0.009997369208320 0.970432291146418
1735690772.501563310623169 -1.102665576118844 4.188154298783042 14.568859305091630 -0.238904685904698 0.094101876264339 -0.004578156165983 0.966461809086334
1735690772.601530075073242 -1.095060453098086 4.210741588286727 14.632148550809283 -0.231616742724311 0.091437237190822 -0.007112792828293 0.968474224914051
1735690772.701501607894897 -1.085812891435623 4.230720115236080 14.682107482576747 -0.225073356830793 0.083643185664261 -0.006977704939856 0.970719894290122
1735690772.801491737365723 -1.069536044736875 4.258088774162779 14.750860683457898 -0.228526546846970 0.079611949171187 -0.004962598832033 0.970264359619684
1735690772.901444673538208 -1.054679791735767 4.268677256540716 14.801554255297788 -0.233969809330301 0.075632698162362 -0.008494136849719 0.969260374166716
1735690773.001427650451660 -1.040706514168362 4.277306510601754 14.864429941579591 -0.219048912056534 0.060580156290145 -0.026575989246008 0.973468713203617
1735690773.101428747177124 -1.030649129867426 4.288939987394043 14.912128605231446 -0.221219315815992 0.060668465416160 -0.015688929927496 0.973208718154375
1735690773.201430797576904 -1.025462560264934 4.310077151586664 14.964565431726907 -0.228004730545863 0.054261856067348 -0.016446846767542 0.972007713475690
1735690773.301429033279419 -1.026999535865335 4.332590213407232 15.016605304235092 -0.225863348802941 0.051306675863790 -0.018531120164591 0.972630438689215
1735690773.401440382003784 -1.033139460143736 4.358217211291560 15.067061656712767 -0.234923052871932 0.056210711412864 -0.022568555754214 0.970124824671011
1735690773.501429319381714 -1.036707524556315 4.381573330720205 15.124509661873265 -0.241038834368684 0.056900846977837 -0.034168072837605 0.968243314842894
1735690773.601441144943237 -1.040780510109682 4.395462602678806 15.181147039934126 -0.259032319137956 0.072544642866016 -0.025284705888134 0.962808504367096
1735690773.701426744461060 -1.041627827148552 4.403927355806332 15.238019637330767 -0.242647660122541 0.077768534761009 -0.035178170073788 0.966352246537690
1735690773.801428079605103 -1.042533105548175 4.416695651823655 15.283890990072653 -0.246290064283240 0.087793268933704 -0.034053934290321 0.964610737927296
1735690773.901433229446411 -1.043354486163366 4.434521732919355 15.333743416403697 -0.246344009937674 0.087092990557539 -0.032537423765533 0.964712784106375
1735690774.001433134078979 -1.045175394230022 4.451536219058227 15.385610407769796 -0.236532279970689 0.077895588429460 -0.023917620008420 0.968200756707114
1735690774.101431846618652 -1.046109422103605 4.463341504595006 15.440171296508368 -0.224266850118204 0.066625598634576 -0.005097027523927 0.972234246390788
1735690774.201429605484009 -1.041732144681783 4.478132870001101 15.502584498955271 -0.217572168550402 0.050853545712805 0.001880857709793 0.974716743846635
1735690774.301431417465210 -1.038806998740025 4.487282147495860 15.563488101169506 -0.209959318847551 0.035939602626290 0.011339503238317 0.976983543903604
1735690774.401428937911987 -1.037553124049200 4.499301385317173 15.620444074709567 -0.206670631986460 0.024641430872767 0.007081073612212 0.978074592326863
1735690774.501445531845093 -1.035777267992966 4.512631089980482 15.667701176782124 -0.199848233086350 0.012162713689222 0.001208107434182 0.979750627764231
1735690774.601439237594604 -1.033428091858986 4.536930554523502 15.719877704543180 -0.207257990533440 0.011934104273131 0.000724126534309 0.978213258014836
1735690774.701439857482910 -1.027276605029255 4.558828161223551 15.771846491483084 -0.201516282403302 0.018198254703080 -0.002220360690502 0.979313576670169
1735690774.801426410675049 -1.022923256591364 4.582241624122262 15.831075788151923 -0.195426708244705 0.026684795348187 -0.011100379571968 0.980292356889118
1735690774.901427745819092 -1.014112813696906 4.598985173527333 15.885709317633918 -0.215075886089994 0.041961922419370 -0.007003870132021 0.975670285543558
1735690775.001441001892090 -1.004911593861315 4.608747976050681 15.939423090304174 -0.197369501939391 0.049807585544370 -0.023340271631214 0.978784815905221
1735690775.101429700851440 -0.991887577007171 4.623291726900829 15.996678249907594 -0.211690540930930 0.061346416804943 -0.021793128050308 0.975166032835100
1735690775.201427221298218 -0.981626594560652 4.641006717309934 16.053111273480880 -0.202039724026310 0.055896220680016 -0.031368327835921 0.977277642452666
1735690775.301428556442261 -0.971976242623337 4.664672592025309 16.101041621858975 -0.201360217082603 0.051640373969465 -0.025538005169995 0.977821632530534
1735690775.401431083679199 -0.957176839227841 4.686887703060242 16.163680942360504 -0.197148452215059 0.041281282746312 -0.020491338060551 0.979289767407234
1735690775.501429557800293 -0.941535187303139 4.702507662567283 16.214673185451616 -0.216552104534405 0.043302779892791 -0.005190401192100 0.975296424176128
1735690775.601441621780396 -0.930506343163464 4.719044631486351 16.282816268793024 -0.201923167002057 0.029540807846681 -0.022180470720561 0.978704450801282
1735690775.701431274414062 -0.927208039188162 4.736204452907623 16.327130507075147 -0.219256753339016 0.019102753736732 -0.011429156458180 0.975413212591239
1735690775.801441669464111 -0.926122678591057 4.756727733568702 16.386033355953973 -0.209344409789964 0.008337804603300 -0.011897218493326 0.977734041187178
1735690775.901427507400513 -0.931315969397024 4.784077267257415 16.443335601790796 -0.212054638559459 0.010546877677207 -0.010315290535954 0.977146451878038
1735690776.001428604125977 -0.932361875808315 4.810922195901528 16.504365754285185 -0.206909365688480 0.012973946271777 -0.020545679974461 0.978058314285460
1735690776.101432085037231 -0.932615284600401 4.827931440952323 16.560737408662270 -0.206301152786665 0.021443001881199 -0.028032540224254 0.977851833724206
1735690776.201424837112427 -0.927006409952509 4.846577217274507 16.616139087435531 -0.214852303296006 0.035009852363156 -0.028780496697241 0.975594424448895
1735690776.301429510116577 -0.922379334590069 4.863322307728606 16.661665468427156 -0.230654048193151 0.049278156446089 -0.022715975729595 0.971521671295108
1735690776.401427984237671 -0.914929171367296 4.885487450057836 16.715668232129197 -0.234117667131215 0.050768615219791 -0.024265172729943 0.970578521830196
1735690776.501430034637451 -0.909276380146173 4.911079488893017 16.773204757979755 -0.232799863079437 0.044413517397356 -0.019993518560161 0.971304237836001
1735690776.601428508758545 -0.899257351470790 4.929948363356086 16.830730633556914 -0.225561308248342 0.037195214669265 -0.011924907865268 0.973445637310789
1735690776.701444625854492 -0.884250283338873 4.946384293704840 16.896315760601031 -0.215294961014763 0.034032627135966 -0.005823539128857 0.975938495215703
1735690776.801429033279419 -0.880943434252259 4.961284375747061 16.955581055640991 -0.216964282278627 0.010246315013332 -0.006125930645482 0.976106544501006
1735690776.901437520980835 -0.873435610323143 4.977527178457057 17.015466788014869 -0.227136147305104 -0.001962725951905 -0.012023860231562 0.973786806790564
1735690777.001426458358765 -0.870432193294198 4.990743922099662 17.070081423176646 -0.220793094370757 -0.010075271559386 -0.011071705692484 0.975205781214534
1735690777.101429700851440 -0.868481842967592 5.015244090145226 17.131744093655819 -0.219855438147211 -0.009311965761922 -0.006733476158505 0.975464778405438
1735690777.201445579528809 -0.868672549314673 5.036274426438479 17.191495690629708 -0.222740440643213 -0.000254810002101 -0.009739861477094 0.974829095930326
1735690777.301424503326416 -0.869613468848319 5.058580216426602 17.260140534646123 -0.219323960250284 0.009358277975348 -0.015655084785370 0.975481594605368
1735690777.401425600051880 -0.870734447412914 5.072900328226122 17.321291666205191 -0.231200565034812 0.029387619605770 -0.009785887901170 0.972412928204616
1735690777.501428842544556 -0.870015447807010 5.088742910419836 17.384327247547958 -0.229307514191954 0.040178265505315 -0.017412811785285 0.972368533479885
1735690777.601451158523560 -0.870729705412507 5.107566931187544 17.435244592703693 -0.240114964062346 0.046537880883469 -0.017581463759844 0.969468886457052
1735690777.701489448547363 -0.872244743449756 5.138135236602603 17.496566036758992 -0.245583687024708 0.046819500809716 -0.021580265427163 0.968003553276212
1735690777.801514625549316 -0.871835279493836 5.161488745084490 17.553412343164823 -0.245684354143811 0.037175638202141 -0.021503985590267 0.968398032142226
1735690777.901553392410278 -0.870693289875463 5.186942633280915 17.620648664197169 -0.237208986579534 0.030131115376802 -0.006811681941923 0.970967359678575
1735690778.001598596572876 -0.862167002227491 5.204088044551322 17.687704378125986 -0.244517379477793 0.024588130042160 -0.000194280438736 0.969333088906726
1735690778.101676702499390 -0.861190350047539 5.217451843409695 17.760151983518270 -0.228168587286045 0.004172220237055 -0.008754289452113 0.973573341238539
1735690778.201750993728638 -0.860903781112797 5.235698293949148 17.823036502131060 -0.244552858207679 -0.003420083066621 -0.004694436396496 0.969618566675160
1735690778.301827192306519 -0.870103808938505 5.255850818271151 17.889924498504790 -0.231589046499890 -0.012986086602953 -0.004991731360849 0.972714222016947
1735690778.401903867721558 -0.864894137679826 5.276188572916145 17.953899675201814 -0.227421982712175 -0.012382992004090 -0.005457577416513 0.973702273868677
1735690778.501979589462280 -0.862936786773232 5.301466188506962 18.020834737494198 -0.224161708458631 0.005050964260836 -0.001223021717535 0.974538106201508
1735690778.602064132690430 -0.865177719253570 5.332245366879658 18.091411795490618 -0.239986702929493 0.019211504688898 -0.002191607752493 0.970583585972934
1735690778.702118396759033 -0.858861460654566 5.338732368111661 18.148391337263583 -0.231495316075100 0.033823496346990 -0.007030786073238 0.972222432253724
1735690778.802169799804688 -0.851189766962600 5.356525647186603 18.212729355116270 -0.243994326359378 0.055821836069899 -0.001259702282861 0.968167911300709
1735690778.902225017547607 -0.843208548309588 5.368911262060532 18.265913260976667 -0.237092708002537 0.060447977776795 -0.006552630598835 0.969582463139137
1735690779.002281665802002 -0.834468943862820 5.393237980053501 18.336350468714993 -0.226663539645446 0.059031497936920 -0.004839779450392 0.972170509006312
1735690779.102318525314331 -0.824033539415022 5.415490695410899 18.392295070528814 -0.223080415096321 0.054194091145193 0.001005185711559 0.973291897884229
1735690779.202333688735962 -0.813154563186841 5.440126443097297 18.468804378469773 -0.223037021448382 0.049406939030156 0.010426607144719 0.973501272368226
1735690779.302372455596924 -0.803986925840167 5.454771931479122 18.528371394986969 -0.226154300466553 0.031576419364946 0.011368175088417 0.973513187746182
1735690779.402389764785767 -0.799073043990502 5.473817201726406 18.605775762219075 -0.230218018652886 0.025745115327683 0.004490826787980 0.972788098919320
1735690779.502414226531982 -0.793734589411203 5.488805522288090 18.667875481230684 -0.227753797149752 0.016311810279292 0.004749321089917 0.973570529894197
1735690779.602447271347046 -0.796912033866610 5.514135178797936 18.719887937716805 -0.232007241305588 0.013625505630051 0.001758077754959 0.972617033955659
1735690779.702472925186157 -0.798808054817383 5.541960006158329 18.787028760101734 -0.223873266615234 0.018261088737074 -0.004662616273607 0.974436017983041
1735690779.802533388137817 -0.803685064812601 5.565657388416201 18.852576581034299 -0.222627196312941 0.018320944925843 -0.016800586468281 0.974586689183259
1735690779.902585983276367 -0.808923072031576 5.584273936040158 18.915060791408163 -0.239588051314484 0.021963315289223 -0.019223742876130 0.970435791878405
1735690780.002665281295776 -0.810359247776030 5.598529157585339 18.974192040768376 -0.242765546047166 0.026980085477009 -0.015723206599707 0.969582253042153
1735690780.102701425552368 -0.808554692147903 5.614734931067789 19.032446427009280 -0.239439238473037 0.031513703632006 -0.012492805090249 0.970319363603460
1735690780.202778100967407 -0.803670892824181 5.636073220556470 19.090898002463685 -0.236511171895310 0.032539195927882 -0.011005401094583 0.971021393916643
1735690780.302822589874268 -0.795659445356623 5.663205826928239 19.157847089237997 -0.228044437248791 0.028908610511159 -0.007706008466488 0.973190959838669
1735690780.402876853942871 -0.784079052977167 5.686883769033262 19.226855842373414 -0.224305995287882 0.024343204243907 0.004970302104841 0.974201993932490
1735690780.502943277359009 -0.769676410373429 5.704514037744667 19.298153595650145 -0.234931856067058 0.016276701523513 0.006572369543814 0.971853330472753
1735690780.602997541427612 -0.761499377637017 5.721911598883286 19.368021455239866 -0.228059719941202 0.007051077044339 -0.005784476976697 0.973604430083882
1735690780.703062295913696 -0.755704280051931 5.736432764600366 19.433123031585801 -0.235581916078910 -0.003660742241017 -0.001747669559784 0.971846029695005
1735690780.803129434585571 -0.756433168762774 5.757603064693186 19.492147263884522 -0.234180558454282 -0.009858815332164 -0.002105783671673 0.972140851665753
1735690780.903191566467285 -0.753389035438899 5.781835267050390 19.562923238869040 -0.222377302911696 -0.006849542014626 -0.005316197789727 0.974922128667193
1735690781.003285646438599 -0.753564850117099 5.808874750857610 19.631511789527316 -0.220182811654979 0.004639411450099 -0.009019207470275 0.975405894594508
1735690781.103389978408813 -0.755235662064393 5.829311378302399 19.696347401278793 -0.230757043642339 0.015426849588269 -0.011617599951868 0.972819731755368
1735690781.203470230102539 -0.752928040506053 5.842569468108491 19.763087898899101 -0.226321188032579 0.028624175211386 -0.015010640536548 0.973516336335283
1735690781.303568601608276 -0.749616057639447 5.858193439908280 19.822485201536569 -0.236942228991029 0.043952422699850 -0.007686347393478 0.970498575332969
1735690781.403668642044067 -0.745986487691083 5.877720011566922 19.883281134167081 -0.234498454787066 0.049395761125324 -0.008954589950556 0.970819421315903
1735690781.503761768341064 -0.744370943557051 5.901688329233454 19.945187759469022 -0.230070718333248 0.043883191988687 -0.007942422018129 0.972151556064688
1735690781.603870630264282 -0.740057506893400 5.926756931225706 20.011643271307708 -0.226483386829832 0.035974502486371 -0.004058619304145 0.973341994506705
1735690781.703967094421387 -0.733992335877712 5.948148588358863 20.080866750476972 -0.227588607836426 0.033341100248795 0.003301417913841 0.973180814266822
1735690781.804063081741333 -0.732596382860180 5.963710220298192 20.149899636161166 -0.220810115557177 0.018979714509251 -0.002953673649070 0.975127652728989
1735690781.904168128967285 -0.730175727857948 5.978073483361878 20.212336705600389 -0.233457097039254 0.010329728480396 -0.005192741383593 0.972298367780410
1735690782.004275321960449 -0.736029028296020 5.996496271616564 20.276308419146179 -0.225951721273211 0.004419411779620 -0.010326485285351 0.974073740614563
1735690782.104387998580933 -0.735817707144151 6.018571255486552 20.339404019595360 -0.219170685337170 0.006379782716958 -0.013637204333555 0.975570364309661
1735690782.204505205154419 -0.737906404959453 6.047632034914026 20.406606544427170 -0.220140709414926 0.019205834924760 -0.018716844980552 0.975099422457582
1735690782.304598093032837 -0.743552348179428 6.071126142669359 20.474245486465154 -0.226242219844239 0.028326451206353 -0.020995919970690 0.973432710292083
1735690782.404677152633667 -0.757186901722629 6.090765205345786 20.544191493620026 -0.223575376934037 0.030920008476354 -0.020682328740347 0.973976511617453
1735690782.504750013351440 -0.748961898149814 6.095295941086922 20.593597306175596 -0.229882317240279 0.041196068872288 -0.011365811529282 0.972279703818809
1735690782.604824781417847 -0.747051451527840 6.114839570344171 20.653436741088814 -0.222165731603419 0.045371677871598 -0.014854032111725 0.973839389364723
1735690782.704868316650391 -0.738743999083554 6.136451018573447 20.711151026361598 -0.224258487355680 0.045676173806290 -0.010574174611112 0.973401255817278
1735690782.804905176162720 -0.731766275461180 6.172145728140542 20.775824075282468 -0.224777538321242 0.042855636292007 -0.008847284100385 0.973427027705876
1735690782.904937028884888 -0.713107931422397 6.190551276349021 20.847220078101167 -0.225886736522388 0.043691112378841 0.003644966328785 0.973166472492156
1735690783.004971027374268 -0.696958394267609 6.203729687170076 20.913048360735431 -0.230371497759568 0.038695784267575 0.003842053750423 0.972325484559008
1735690783.105013608932495 -0.685578239875655 6.217023802047821 20.980785913997476 -0.222307118596444 0.036629639986523 -0.002702424241420 0.974284615191589
1735690783.205086708068848 -0.678143181050054 6.230246609091592 21.044193092015149 -0.218985523686125 0.030270650851773 -0.001644460900588 0.975257055273772
1735690783.305188417434692 -0.676331059709638 6.248821870987970 21.101204823724128 -0.217814357436647 0.030542140376629 0.000196061098945 0.975512196190145
1735690783.405208587646484 -0.672749475811944 6.272540893210651 21.167897487316747 -0.211382067627165 0.037190234823756 -0.002769243687955 0.976691783117282
1735690783.505220174789429 -0.672489592451500 6.296608634719077 21.228380942994853 -0.211792325304771 0.047103130764289 -0.007068976477822 0.976153336103379
1735690783.605207681655884 -0.673752914381573 6.320132358696222 21.295882066814148 -0.223527749991505 0.055143070907601 -0.011797104875753 0.973064959307016
1735690783.705210447311401 -0.675960465624329 6.334210710181610 21.365780087735612 -0.217513460638453 0.061885374272536 -0.017567489703080 0.973935048243857
1735690783.805223941802979 -0.674042171727952 6.344921195921811 21.414645528789478 -0.225473023243891 0.070754908792119 -0.014325067524925 0.971571125091460
1735690783.905205011367798 -0.676960357425198 6.364309515399913 21.473407005922855 -0.220924741986386 0.067852189743022 -0.017731180684198 0.972766130144790
1735690784.005208015441895 -0.674808575726947 6.392680364814534 21.536845301866233 -0.221999485489507 0.061414798311518 -0.014624837677733 0.973000804271841
1735690784.105209589004517 -0.672993881417986 6.419603622983308 21.603860888809692 -0.223009729871401 0.057591019508861 -0.008644203306401 0.973075132044701
1735690784.205211639404297 -0.666136843068554 6.443698083971491 21.684671348490475 -0.218879454548629 0.052938859702385 0.002735252004823 0.974310925683571
1735690784.305210828781128 -0.658461683845405 6.457290534189537 21.752400537176730 -0.211142460548728 0.043773284171110 0.003143718972579 0.976469599105536
1735690784.405221700668335 -0.659439292764360 6.472134975685445 21.824246254900018 -0.223244445689136 0.041941808193883 0.003542100657163 0.973853302976025
1735690784.505213260650635 -0.660465591690027 6.489453993620116 21.889593680469194 -0.212711657356352 0.029661769233120 -0.000969466044869 0.976664215790803
1735690784.605221033096313 -0.665488733898902 6.512862622700259 21.957076819991133 -0.207772373329152 0.035456030364219 0.001842984502525 0.977532666564195
1735690784.705209255218506 -0.667047291086430 6.542501625267190 22.025434563578276 -0.206104612400273 0.046278223856587 -0.000608342239029 0.977434828857522
1735690784.805213212966919 -0.673036163383273 6.567451582763401 22.094492496828902 -0.212421322674274 0.055805690611659 -0.008469222620424 0.975546605158807
1735690784.905214071273804 -0.675867066115944 6.589553502062327 22.171664853480895 -0.222647149851713 0.066963060268488 -0.010103304616748 0.972544147305514
1735690785.005206346511841 -0.676827571229671 6.601550158171579 22.220025770873630 -0.222642208887665 0.079499613346632 -0.006377192940443 0.971632435496859
1735690785.105210304260254 -0.673855707125539 6.616981591208702 22.281145746000888 -0.226437545931161 0.084213779395266 -0.005605883969343 0.970362123754612
1735690785.205212831497192 -0.670605963095634 6.641130023597695 22.344025326383374 -0.224074451849853 0.080036275633648 -0.006143442313918 0.971260568914140
1735690785.305219888687134 -0.664789738834402 6.671229142361112 22.414371200345933 -0.218138784014674 0.065524490749104 -0.010916111660313 0.973654379401074
1735690785.405215501785278 -0.657888687085154 6.695430893096832 22.482203671953084 -0.214996296430219 0.049827773845292 -0.005886809309625 0.975325141145795
1735690785.505227565765381 -0.649810391404402 6.712467895031428 22.553347206813299 -0.218795181693374 0.031183666301035 -0.006401281369975 0.975251388627882
1735690785.605208873748779 -0.641219216295704 6.724342071023628 22.631198248867335 -0.210345824146404 0.013780222283252 -0.015516288025647 0.977406765141259
1735690785.705213546752930 -0.644901118579472 6.743460831942568 22.706584188530844 -0.213096943063086 0.004905814814860 -0.009740970736995 0.976970183438201
1735690785.805208206176758 -0.644264926806464 6.764043803071604 22.763679506786428 -0.207830826880925 0.002123173888981 -0.004929986173934 0.978150057387389
1735690785.905213117599487 -0.644651986649117 6.789264193978748 22.832269727628091 -0.200437583531159 0.009666093858182 -0.008637546777405 0.979620709521487
1735690786.005224227905273 -0.646744659762689 6.823698184188681 22.895794303979745 -0.206558170024805 0.021474278906831 -0.016226312448054 0.978064049296248
1735690786.105205297470093 -0.647232726429001 6.844265882496050 22.967878070638765 -0.234289315901001 0.030480629607412 -0.016049755844385 0.971556407529029
1735690786.205207109451294 -0.641564682357000 6.856607748484709 23.023267040070824 -0.218438295314605 0.044417438044426 -0.020784529163206 0.974617774147939
1735690786.305210828781128 -0.636504968440697 6.867704342652757 23.084013802285615 -0.226472420112190 0.059303804292974 -0.019130878357984 0.972022279177880
1735690786.405211687088013 -0.633098516913515 6.893705739862067 23.146930376520398 -0.219725974046388 0.058411379706348 -0.020177792696075 0.973602312924575
1735690786.505213499069214 -0.627562048736322 6.914180702421818 23.211288444654496 -0.216001456403005 0.053513172830234 -0.018816957691158 0.974743880857260
1735690786.605223178863525 -0.621984068239091 6.940886423839486 23.276366563225587 -0.207769893526806 0.043626930469492 -0.000910187899608 0.977203936668113
1735690786.705212831497192 -0.618302326445357 6.961221263968486 23.361915096656961 -0.213396108839007 0.033158680813540 0.008239342847146 0.976368125170278
1735690786.805219173431396 -0.605765181254733 6.979841884495199 23.426096995514524 -0.201232403705506 0.021114403204136 0.009618041943440 0.979268704159084
1735690786.905209302902222 -0.609987576516763 6.991587149081463 23.493494394122273 -0.211686985815297 0.013283478665979 0.006710892361158 0.977224197998945
1735690787.005220413208008 -0.608549659015965 7.027994852392716 23.559880500960556 -0.205725048764481 0.004431387189832 0.004672955629647 0.978588642180211
1735690787.105221748352051 -0.615247940706945 7.039605324077363 23.632008634999437 -0.197730956007237 0.008341631586824 0.001116711477794 0.980220199329931
1735690787.205204725265503 -0.612715752026286 7.096606206382172 23.696152999931730 -0.200718418888356 0.014678295840132 0.000511145839940 0.979538872470163
1735690787.305207014083862 -0.617040088003802 7.094371653865079 23.749231431008269 -0.216705508244778 0.020365061974378 -0.017227540745712 0.975872532038384
1735690787.405211687088013 -0.618686471659883 7.152199995800321 23.824827892044254 -0.219941549054987 0.029106295938620 -0.017746208063856 0.974917232710234
1735690787.505208492279053 -0.614647507833742 7.131409147957144 23.877024092315857 -0.236246836963737 0.046509145494194 -0.015140348018283 0.970461282726887
1735690787.605214357376099 -0.614160411985926 7.183420728263158 23.940750102220527 -0.230266179344216 0.054352559794320 -0.011769047723562 0.971537325793355
1735690787.705222845077515 -0.605228979445125 7.171638631002160 23.985289822691275 -0.234236201772442 0.060411438263514 -0.010735910510540 0.970241516392523
1735690787.805209636688232 -0.605199024406595 7.229185286780086 24.064170010371122 -0.226199977942989 0.057758478957486 -0.009683337759379 0.972318754862286
1735690787.905221462249756 -0.588928851654826 7.222592124484905 24.125583673920282 -0.225382518886679 0.060917587244525 0.002879476174784 0.972359746370427
1735690788.005208492279053 -0.583565336221323 7.264984822748976 24.204170721755158 -0.238445824712210 0.057721367470057 0.013076810693008 0.969350725711185
1735690788.105209827423096 -0.569387215608748 7.258108638072773 24.265817454087308 -0.226837926422281 0.055409623412112 0.004552338529171 0.972344385998954
1735690788.205215215682983 -0.569465670614415 7.287827204210841 24.343522540904939 -0.231512694230677 0.052226593995951 0.014005894270340 0.971328003413534
1735690788.305208206176758 -0.561924366856411 7.296226212100480 24.400955491760726 -0.223363975945701 0.048768491381407 0.007881446604144 0.973482435022603
1735690788.405206203460693 -0.562482597308363 7.330846213759079 24.475267315468489 -0.217494864166422 0.058388854855431 0.005428357597596 0.974298341691955
1735690788.505209445953369 -0.556090783478611 7.351275425051669 24.537801255264842 -0.221388703803920 0.072711455194842 0.002044864866334 0.972468973612602
1735690788.605210304260254 -0.555292964997423 7.373338072100172 24.599077406483943 -0.232133371790813 0.085565818028255 0.001107045717581 0.968912464021370
1735690788.705215215682983 -0.554991759844976 7.390578490720935 24.673066423767118 -0.222037335418915 0.096673844320309 -0.003922543372404 0.970225851623163
1735690788.805216073989868 -0.547465119933832 7.404299706132995 24.724134944973923 -0.236240338550821 0.108654313161266 -0.002447756658100 0.965597613480993
1735690788.905210018157959 -0.540380811246184 7.424040155469410 24.787902933383116 -0.236525216071152 0.114186934322892 -0.005624424074328 0.964875915362316
1735690789.005220413208008 -0.527800357938727 7.447086539114519 24.842955509395996 -0.233067930682719 0.113174097830418 -0.005100936204941 0.965838984364050
1735690789.105207204818726 -0.513068059312340 7.478662686575768 24.916471398250760 -0.237325210502305 0.114587284946201 0.002546135824657 0.964645020606574
1735690789.205208301544189 -0.493712061674256 7.502099039220670 24.981960424894936 -0.247821721898141 0.110970915441978 0.009775656242958 0.962379492002209
1735690789.305222272872925 -0.476123637304238 7.517689068449696 25.058052177437411 -0.244700211128358 0.103091878456492 0.008213391698958 0.964067638429404
1735690789.405205965042114 -0.459149305387299 7.529421198094290 25.118329554235487 -0.242100438688595 0.102794368023443 0.008234174372368 0.964755354409529
1735690789.505208969116211 -0.450452274068882 7.543769388077375 25.187038908736799 -0.234243424243644 0.091302150245260 0.000508665512396 0.967881024102963
1735690789.605209112167358 -0.442815105324815 7.567154947423882 25.245658229891557 -0.234865723778241 0.088019790457617 0.001789615382540 0.968032750251097
1735690789.705213785171509 -0.439287795546436 7.595440450535128 25.312151482349982 -0.243126474225159 0.090556626760241 0.003298589122749 0.965752625774556
1735690789.805213212966919 -0.435179183260350 7.617435011779655 25.372806805557538 -0.256266472439463 0.090222353354048 -0.006853870074390 0.962361910366207
1735690789.905216217041016 -0.429009109199231 7.630707299649622 25.433869416760835 -0.285969958767637 0.100356726786848 -0.003212711220837 0.952963477032398
1735690790.005209684371948 -0.427983688049540 7.634632740797122 25.505652358512748 -0.285851535936318 0.107302566293725 -0.002864962694127 0.952243062804025
1735690790.105219364166260 -0.413286346365280 7.621702723775078 25.561381642311435 -0.276146263823257 0.108900838364891 -0.001050776015541 0.954925517645039
1735690790.205206871032715 -0.403792067965601 7.625670628262233 25.622839232238064 -0.261556676589273 0.107479890886630 -0.005905423711612 0.959166984397065
1735690790.305210351943970 -0.382968738645713 7.636964373382062 25.670791990951141 -0.249479068231959 0.106920674524041 -0.005206932513139 0.962445349995126
1735690790.405225038528442 -0.363074054700671 7.657655597047376 25.732100808489331 -0.246829552933857 0.105737759503962 -0.002769690124220 0.963268927574315
1735690790.505207061767578 -0.335187479191918 7.670564216143232 25.789252503526139 -0.232862432291563 0.108430109908306 0.004752362386063 0.966434381602953
1735690790.605206727981567 -0.310757083139562 7.679416692013268 25.848843425700629 -0.225671655266069 0.108544774834592 0.006025456763384 0.968118809721396
1735690790.705209016799927 -0.288643518458659 7.692415875126491 25.899967668457275 -0.236617519332943 0.113192771876795 0.003906429544291 0.964978904301948
1735690790.805212259292603 -0.267370727020352 7.708879395933666 25.942695302606886 -0.239064197660875 0.116225447954976 -0.001607030934727 0.964021458317190
1735690790.905213356018066 -0.248955885519034 7.728226152451951 25.990111332489526 -0.243107973263000 0.127990560772707 -0.000488882986116 0.961517909704479
1735690791.005231857299805 -0.232724417560258 7.751195074880110 26.034196082856230 -0.251621182322682 0.140792938149092 -0.005929341779684 0.957511865242380
1735690791.105209112167358 -0.216677298787245 7.768978715966495 26.078337488619781 -0.247157555404748 0.155839633916481 -0.014966385498993 0.956244298603773
1735690791.205213308334351 -0.198745204024516 7.786227184566475 26.132920743576655 -0.252873189027089 0.179757135196290 -0.016298063234250 0.950514016599495
1735690791.305206060409546 -0.187157963235977 7.800249347987148 26.185661418798954 -0.246126838964014 0.187122627524286 -0.027789091825418 0.950596900786821
1735690791.405209302902222 -0.175354226697112 7.818637886591729 26.231620998826767 -0.255736783787624 0.196278957224171 -0.026654664162716 0.946236121297072
1735690791.505219936370850 -0.162700810945420 7.834560615220656 26.283742046588127 -0.257308986081393 0.191701767710853 -0.030295063730540 0.946638646502382
1735690791.605207920074463 -0.148122771105295 7.853401414160281 26.333136038359218 -0.252847823608251 0.181502752578794 -0.029175869525662 0.949880780698459
1735690791.705205917358398 -0.133052494454099 7.877865699733924 26.379831297093638 -0.250202431486204 0.160364838428231 -0.025161777329582 0.954488735834999
1735690791.805209159851074 -0.116357749669347 7.895918535630061 26.436045006673620 -0.244978389216563 0.139821238294881 -0.023604784205228 0.959102926854657
1735690791.905209064483643 -0.096597458530911 7.904181728252831 26.489480640743036 -0.254040023009688 0.124214801552482 -0.016880497845511 0.959035660743125
1735690792.005212783813477 -0.077166585228492 7.923202089045980 26.534015052812979 -0.261597893531657 0.113116764830426 -0.019141098469864 0.958334366473135
1735690792.105226755142212 -0.066256676288195 7.942984634209804 26.577920706679876 -0.265358966630832 0.109643220454837 -0.012219398531669 0.957817137733729
1735690792.205209732055664 -0.051848090662701 7.965008369945065 26.618889944151682 -0.273953809872347 0.115169545438085 -0.005051781744890 0.954808758527703
1735690792.305221557617188 -0.036330865088072 7.988626989640385 26.666704904126853 -0.275077010307106 0.126300275281966 -0.009796610211535 0.953039823560677
1735690792.405207633972168 -0.018759924976385 8.007728107465676 26.712361594234743 -0.280788469740378 0.136246343815616 -0.018418982124473 0.949871312418284
1735690792.505213022232056 -0.007311070296605 8.022220290521668 26.767150344987570 -0.278553421122835 0.152641485593143 -0.032466149995579 0.947657384058789
1735690792.605213642120361 0.013236543890049 8.030682753571872 26.818505776367402 -0.269526713074885 0.166194386565968 -0.035368498832504 0.947883877963617
1735690792.705205917358398 0.031544301656572 8.035760811966444 26.867798349296784 -0.261886516395089 0.178352472087189 -0.038388442647395 0.947698356916346
1735690792.805206298828125 0.050568870870524 8.049634553724859 26.916397239113092 -0.254923182372136 0.187570576927880 -0.040106582284635 0.947746227540712
1735690792.905209302902222 0.075626073559944 8.066653741993820 26.965341723152410 -0.247701206819851 0.194397420050544 -0.035470739746867 0.948470127014811
1735690793.005217790603638 0.105080521970701 8.088034662566168 27.013181368300522 -0.241740136189123 0.198891411184423 -0.030258554832955 0.949256726587573
1735690793.105212450027466 0.144841098795422 8.105121712533123 27.062147701938876 -0.235271125987270 0.207684986215398 -0.018272903100216 0.949305295882037
1735690793.205215454101562 0.186140108020173 8.122126588901596 27.112823484539931 -0.252475591344680 0.215074737301706 0.001392494592563 0.943396520085042
1735690793.305209398269653 0.224676800640121 8.124701719852023 27.152738113280819 -0.268835021132128 0.228078334873692 0.006117225969224 0.935772720333615
1735690793.405222415924072 0.248704851018288 8.162816442050584 27.173544068833035 -0.288254830639228 0.243623871074167 0.005054930528156 0.926029702403407
1735690793.505219221115112 0.273297838613204 8.171742681873065 27.187818093308675 -0.289805459597439 0.259560051883514 0.001871533765982 0.921215432141205
1735690793.605208158493042 0.285013482220208 8.188906442153831 27.209167113117598 -0.301153645966138 0.263292813789415 -0.014691876159217 0.916388304433812
1735690793.705216407775879 0.296878686650824 8.199648867592948 27.239216072200453 -0.285922174789538 0.269983829382099 -0.035236840594465 0.918757643179483
1735690793.805204391479492 0.306976523953948 8.192152954079731 27.276628615025054 -0.260677643225766 0.281699333511787 -0.044169882371071 0.922356586853805
1735690793.905208826065063 0.321384392031058 8.199868689440914 27.311002040645729 -0.241541310689129 0.290914198411471 -0.052008936603851 0.924295296378016
1735690794.005208492279053 0.327727244070525 8.206217669076526 27.339134395955469 -0.250769783668783 0.297321071382868 -0.045809031034214 0.920117508140217
1735690794.105209827423096 0.329739165891707 8.209318201537592 27.366992320367821 -0.245784251596993 0.287386671887525 -0.052375740035844 0.924259587098785
1735690794.205212354660034 0.337208331373724 8.219509037415694 27.391420046486630 -0.250136468083561 0.274291917870512 -0.053353098943926 0.927010861834249
1735690794.305214881896973 0.337847965599406 8.236043347144424 27.421702932896181 -0.258547009904897 0.264906241904261 -0.045962362640157 0.927828425890225
1735690794.405210256576538 0.340860432493944 8.254676814652681 27.453277786108348 -0.259131484868762 0.247785329124600 -0.039444080723078 0.932682941152156
1735690794.505221128463745 0.353838118921010 8.274358885999151 27.491920604482580 -0.264008157928912 0.226775557792940 -0.034898758083894 0.936832223836737
1735690794.605206966400146 0.371261590876457 8.290290172741415 27.530153778174629 -0.262563390252725 0.209982731088223 -0.032345230173455 0.941234032974134
1735690794.705210447311401 0.381917481329253 8.305278486307976 27.569762315427990 -0.268362677478457 0.195458682624984 -0.027547104568178 0.942877793647199
1735690794.805218935012817 0.401612133351136 8.315507326579878 27.615249326733441 -0.271234491550676 0.171287172214054 -0.037507137635935 0.946406767650421
1735690794.905210971832275 0.409689274018838 8.331661929803344 27.657994401911917 -0.269664276587344 0.155248857024603 -0.033551332504960 0.949764854273057
1735690795.005207061767578 0.414639981550025 8.350308723249565 27.701706372147839 -0.269423097875605 0.143771048962574 -0.032037229288235 0.951690441136637
1735690795.105209589004517 0.427298620798608 8.371769363338895 27.753918246535147 -0.265787673236973 0.141063248454335 -0.035057772770385 0.953010506373968
1735690795.205207586288452 0.436338277510906 8.387293904352148 27.807653834480266 -0.253176155776323 0.138274494548699 -0.044229839889145 0.956465221305514
1735690795.305212259292603 0.441878575078719 8.406547438308710 27.860696192877668 -0.263955942403813 0.142757213825034 -0.042421754408745 0.952968012644450
1735690795.405223369598389 0.439930492834177 8.419127345731733 27.905384465771885 -0.256238555117124 0.141858007776674 -0.049501716883172 0.954865272447763
1735690795.505208730697632 0.454857431708954 8.433815812189163 27.957213325240986 -0.267222299205009 0.147152639013416 -0.042426202474551 0.951387597660682
1735690795.605215072631836 0.467440727370110 8.445852821502820 28.002940091453315 -0.263345630409949 0.141626239631171 -0.042657720783513 0.953295025713171
1735690795.705207586288452 0.480709013007411 8.462586654680255 28.046446949840298 -0.254486855931698 0.136969867767857 -0.033449593596402 0.956742818196139
1735690795.805209636688232 0.505466931390483 8.483136027939214 28.095562460120437 -0.252996269432210 0.133763456336552 -0.019202242064313 0.957983037063803
1735690795.905218601226807 0.521635861807470 8.500241515373517 28.141150743987275 -0.245175876094460 0.118634304268366 -0.013314830971080 0.962100518089605
1735690796.005204916000366 0.545672815026811 8.511836284944707 28.194038994384243 -0.250729626209505 0.101518095914713 -0.005950289818959 0.962701056815543
1735690796.105211496353149 0.561518965423899 8.523262115308805 28.245017057948452 -0.238642423583939 0.084895753411584 -0.008910373751791 0.967348494575904
1735690796.205209970474243 0.577329387616715 8.533857319584795 28.295603226654471 -0.244129104922461 0.069676083484131 -0.010318973605062 0.967181338893492
1735690796.305207967758179 0.588996528887569 8.548209805155350 28.346295975598597 -0.240165718418821 0.066963733438679 -0.004250078810787 0.968410152223957
1735690796.405214071273804 0.596732096149878 8.567646830375027 28.393997895403611 -0.235849518224862 0.064676315257863 -0.008113119760412 0.969601029437118
1735690796.505217790603638 0.604863521725292 8.586244590984943 28.456757348884885 -0.230358871278276 0.064712537624109 -0.017699190418774 0.970790305141212
1735690796.605208396911621 0.607412022904901 8.600891897139958 28.517595909025182 -0.219929655501945 0.066113678274009 -0.030416617630675 0.972797387716366
1735690796.705217123031616 0.606534715478021 8.598085062619740 28.579027120904108 -0.219433713339868 0.064273546439627 -0.024169093404695 0.973207897420662
1735690796.805207729339600 0.607013020585443 8.612219908247042 28.629185191821879 -0.219534143610851 0.060865806623997 -0.026526989738168 0.973342916031391
1735690796.905210256576538 0.609813974665930 8.629280825313248 28.682549976898201 -0.213752274151500 0.062165156443189 -0.013072878721888 0.974820269824842
1735690797.005214452743530 0.607385836115864 8.651233694222743 28.727452035300001 -0.217243493951529 0.049457313889511 -0.011399676827670 0.974797048521789
1735690797.105205774307251 0.612049013985946 8.674893575878508 28.786055766111783 -0.215059293145324 0.029164998826003 -0.014136749540044 0.976063038736615
1735690797.205215215682983 0.613595296776392 8.695952914394947 28.839311950942069 -0.209368077959819 0.010019451733058 -0.005346973948907 0.977770948836163
1735690797.305208444595337 0.620287991500855 8.710459775312289 28.899931794642225 -0.221662578118670 -0.003266089331166 0.004426838730477 0.975107910552017
1735690797.405211925506592 0.616875741679798 8.722616150455172 28.947346904703458 -0.220175239322673 -0.026027919768983 0.003507034948909 0.975106718307063
1735690797.505213260650635 0.609045499429887 8.745883245235230 28.997606908045288 -0.233442227145664 -0.048139262347337 0.005892045582650 0.971160451112368
1735690797.605216741561890 0.596510929960347 8.759669176617077 29.038633289240948 -0.234422028251147 -0.064828569502717 0.008321000727648 0.969935219586205
1735690797.705209970474243 0.579779999805699 8.785471537778411 29.090990062882270 -0.237045767999805 -0.073890571909778 0.003103231166321 0.968679439862619
1735690797.805214166641235 0.555760681671288 8.799488656041875 29.145623301796746 -0.239152653413038 -0.077415722487649 -0.005352748576473 0.967876108993241
1735690797.905207633972168 0.538081070257295 8.816544143940506 29.196693580857755 -0.237953296177812 -0.080585937114416 -0.004127336486619 0.967918953565345
1735690798.005209445953369 0.503783413224239 8.822810900418267 29.255749390160002 -0.220759556675508 -0.088738179483737 -0.000921289544643 0.971282608134172
1735690798.105222463607788 0.472386440623469 8.830375321997094 29.301023734495331 -0.230906198228578 -0.096650568340031 0.006121959202666 0.968144367785453
1735690798.205206394195557 0.454741702806908 8.840069507594713 29.343886993984501 -0.223914561634004 -0.119123156199593 0.005269933267646 0.967287015600155
1735690798.305207967758179 0.411743345718505 8.854790925434015 29.393847081027502 -0.221352253882979 -0.144416723721265 0.010966518316309 0.964378932311651
1735690798.405209302902222 0.376000624081246 8.876586591609970 29.442442630621240 -0.226335740149197 -0.175236282574256 0.008266185186595 0.958121103088295
1735690798.505207777023315 0.335667792500275 8.892391011740470 29.492127392004527 -0.220260579933108 -0.203737354648116 0.016339424273537 0.953786868468490
1735690798.605230093002319 0.295213397581510 8.902667143895563 29.549167368945710 -0.224976256187164 -0.214809385655162 0.032324375198389 0.949840906022947
1735690798.705221652984619 0.263665345711437 8.908756428908303 29.603627045668659 -0.209178471378339 -0.225929642983134 0.039402986826747 0.950603791367606
1735690798.805208444595337 0.216394555687655 8.919113760014037 29.647394352533762 -0.219868543992365 -0.237530740363936 0.036939855125544 0.945448262914551
1735690798.905220031738281 0.186376116110972 8.929876542486953 29.685152710363731 -0.218095458784321 -0.248642707950737 0.029028124055717 0.943275433081127
1735690799.005209207534790 0.134178298145035 8.939258037140608 29.728173308051066 -0.208837257111601 -0.245887031084179 0.028626201112300 0.946101003379972
1735690799.105211257934570 0.100981765281292 8.951498913491694 29.767499276662502 -0.199404330859366 -0.231190499780177 0.022634541460247 0.951985579291412
1735690799.205214977264404 0.044777590307836 8.961433120777578 29.812185786610289 -0.200417123331513 -0.209426067572477 0.024468833816813 0.956752306016711
1735690799.305205106735229 0.004622871039626 8.964043123066556 29.852937556806399 -0.204919316799961 -0.191300656391995 0.028063177753824 0.959491839736319
1735690799.405207633972168 -0.046892352435794 8.970593078895151 29.899034554063007 -0.207579391864111 -0.181840119885172 0.022106644753442 0.960914285007366
1735690799.505208730697632 -0.082692857509877 8.977981585336741 29.936967717865922 -0.209489799427114 -0.178674060725549 0.014887442529435 0.961232525466530
1735690799.605208158493042 -0.130804188146730 8.994024973547015 29.983255519619874 -0.208584737455210 -0.175413984028545 0.010110197290383 0.962091536922929
1735690799.705212831497192 -0.164447141978565 9.011141535824434 30.029661006822995 -0.208571418178796 -0.176735752277318 0.014538207308785 0.961795756860105
1735690799.805215597152710 -0.205592014338205 9.025450807925587 30.078424033924129 -0.205314571439483 -0.176268980429861 0.024956537671289 0.962368092010692
1735690799.905210256576538 -0.240147300827140 9.033326085392682 30.125699956515923 -0.220209769713104 -0.178041088170174 0.032530352103809 0.958514895261458
1735690800.005219697952271 -0.280809100867238 9.034831459305943 30.175500636352197 -0.203909712435183 -0.185859787562933 0.028021906930880 0.960776634433633
1735690800.105216264724731 -0.319074918112294 9.038539409138505 30.222631295927052 -0.205127700538399 -0.196892962960234 0.027424337831124 0.958333810998596
1735690800.205209016799927 -0.360252227292065 9.047156675926594 30.265261652392017 -0.196458062710183 -0.203906613496558 0.026280062068531 0.958715641317175
1735690800.305215358734131 -0.406286476112505 9.062802224326072 30.312096925767769 -0.189876924418990 -0.198928598719220 0.027352281302510 0.961054638869373
1735690800.405206441879272 -0.455124158574752 9.079355109120026 30.359943522585791 -0.194268843338660 -0.190793121036983 0.023780512276825 0.961921040786965
1735690800.505210161209106 -0.501997024698721 9.088330968568664 30.404564151512140 -0.210711931199998 -0.180602414954289 0.022534698670132 0.960455848604449
1735690800.605208158493042 -0.549542157166893 9.090418344875227 30.449082852430301 -0.200687365371114 -0.172704109915419 0.021215506061521 0.964078717792939
1735690800.705209016799927 -0.587070209830524 9.103063324634958 30.501335967842920 -0.210339272111590 -0.167020234185681 0.021545740993689 0.963014752236517
1735690800.805213212966919 -0.622696583675632 9.110732337273715 30.545743862924205 -0.207523630592451 -0.165965321560205 0.016355179685352 0.963909727558865
1735690800.905215978622437 -0.658974099797374 9.127510758685988 30.596731499973703 -0.204449414308053 -0.167352815754868 0.020548286051822 0.964246462263846
1735690801.005212545394897 -0.695137757137159 9.149420549977314 30.653093135383315 -0.204237397450427 -0.171885492097006 0.022370075092429 0.963453186631092
1735690801.105212211608887 -0.726964101708327 9.164219249315510 30.708904149141844 -0.202734163247138 -0.171995309001567 0.029173793932890 0.963569075096072
1735690801.205212593078613 -0.754775745541822 9.177557325488118 30.767713181496990 -0.210790571826082 -0.173404203147440 0.030216149253916 0.961553587422095
1735690801.305210351943970 -0.787399342653296 9.190530036533444 30.826488044621371 -0.223051699077826 -0.168208084305091 0.027715721212135 0.959784256336078
1735690801.405214309692383 -0.815237924390167 9.197363404020617 30.871184257062215 -0.216170404108421 -0.165970538315021 0.035984593765298 0.961472436323876
1735690801.505206108093262 -0.845280799695158 9.213115084646116 30.917146705181192 -0.215561379057055 -0.154774442206905 0.035477857133031 0.963493375977132
1735690801.605207443237305 -0.878767429042247 9.233495506431973 30.965853898000674 -0.221219419675660 -0.132069752634332 0.035835834102123 0.965575135238929
1735690801.705208063125610 -0.914064112252934 9.244597386269680 31.010832451440436 -0.212870208694657 -0.112525535225357 0.031828337769388 0.970057335979363
1735690801.805211067199707 -0.953229674568691 9.253889498981252 31.069316221018870 -0.218555854707866 -0.098018938620544 0.027783011572019 0.970491489046970
1735690801.905212640762329 -0.991780539105015 9.260283618605699 31.109122119244049 -0.208553108867327 -0.088226187074839 0.021189448250472 0.973792969772759
1735690802.005221128463745 -1.023224673451913 9.268951333415229 31.154948432966986 -0.213063313024173 -0.084176479220674 0.015580124593690 0.973280845751533
1735690802.105210065841675 -1.048051837721330 9.283005594826172 31.210836756476031 -0.207365720924859 -0.082330675176027 0.010024814625433 0.974741309682779
1735690802.205220937728882 -1.072847813070687 9.302794837710396 31.260291882689522 -0.204606141969980 -0.082029484193566 0.014864466795537 0.975287925700909
1735690802.305217027664185 -1.099317506282604 9.323393357107072 31.319085347057520 -0.205424140269825 -0.089642344352051 0.021521332495875 0.974321304776342
1735690802.405208826065063 -1.123282816404844 9.343124772062996 31.373087588259313 -0.217357507939038 -0.092721371577056 0.034571431581422 0.971062962486888
1735690802.505221843719482 -1.147539790881057 9.356272800079529 31.430603136466139 -0.210245506983478 -0.104474986468107 0.034323561869027 0.971444129683417
1735690802.605206012725830 -1.171717466009775 9.370770797692799 31.482372433066779 -0.231323294613788 -0.111291101207355 0.026670807310589 0.966122400215665
1735690802.705209255218506 -1.187181404874253 9.384662328445859 31.521234202830286 -0.238839727774754 -0.102007899054388 0.026023130006685 0.965335573607254
1735690802.805206775665283 -1.202864852462902 9.399045659338942 31.565882613816864 -0.239540439564178 -0.082182887225079 0.027810131434513 0.967002041078686
1735690802.905208349227905 -1.229345823784452 9.411775800028458 31.610948005483611 -0.235640327659411 -0.065167518205833 0.020780790582179 0.969430239519192
1735690803.005214452743530 -1.259024032825350 9.422629427574513 31.654658225267884 -0.232661033710310 -0.041257151792777 0.019894686805679 0.971478714257653
1735690803.105222225189209 -1.285877369820705 9.428640257902259 31.704295241467211 -0.225239519449051 -0.026703930528633 0.024028136413535 0.973640954168001
1735690803.205209732055664 -1.321181546900546 9.435819163911107 31.745017353075593 -0.223554709090041 -0.020435282492251 0.017598287852481 0.974318218826780
1735690803.305212736129761 -1.351405740039608 9.439234657318304 31.788302212855680 -0.210987944974810 -0.021819630103674 0.012356403651829 0.977166981690559
1735690803.405207872390747 -1.366624225987685 9.448072581078259 31.834203358964718 -0.211138060577458 -0.026023949565535 0.007744353221719 0.977079064568358
1735690803.505209684371948 -1.396408692592512 9.463757579293702 31.879102858625544 -0.208424072581211 -0.036102182427647 0.001310669027702 0.977371127330516
1735690803.605216264724731 -1.413671143640607 9.481547388205435 31.927928156463555 -0.207745289029980 -0.044869333373000 0.004635091908126 0.977142340568413
1735690803.705211877822876 -1.438289968596958 9.500633657646794 31.981791836145309 -0.211852425220939 -0.048187383661642 0.015122612172850 0.975995815864454
1735690803.805207729339600 -1.453588281829795 9.512424060469769 32.039030871272644 -0.221808137691656 -0.050074134175387 0.029196771402740 0.973365953626898
1735690803.905203342437744 -1.474530145831819 9.521423019489157 32.098855626774331 -0.199257804065739 -0.053765035358387 0.018110560902120 0.978303458071994
1735690804.005174875259399 -1.490934197433033 9.536115784438396 32.157824211050496 -0.211693380912325 -0.052534434097699 0.017858805747233 0.975759759761196
1735690804.105133533477783 -1.500031770813971 9.547006542899014 32.201592867984587 -0.203336795254978 -0.051200033633809 0.012545147173714 0.977688766189794
1735690804.205094575881958 -1.517834283088207 9.567124647216037 32.265718264332619 -0.197006147273681 -0.034551916738247 0.011135884333302 0.979729929657255
1735690804.305046319961548 -1.527814208160104 9.583357487184902 32.314465441557573 -0.192386230640358 -0.017405279222242 0.008119177396728 0.981131323255756
1735690804.405056715011597 -1.548918785189372 9.602312694612284 32.382216220373522 -0.198521842196683 0.000942162215428 -0.000487327335557 0.980095889703280
1735690804.505043983459473 -1.557702274274739 9.611609124252137 32.427130906610174 -0.192813327143712 0.012836293144212 -0.001467630906440 0.981150394441958
1735690804.605047702789307 -1.559367935870347 9.626918467192299 32.487665143260173 -0.203166652896166 0.029534860652955 -0.000599651449810 0.978698443635892
1735690804.705052375793457 -1.573309107889064 9.646662281806718 32.535732393231065 -0.211299695562353 0.037325132117259 -0.000731918355788 0.976708112725192
1735690804.805044174194336 -1.577464854511739 9.670540745194586 32.592170303640877 -0.217029859559356 0.034814457801885 -0.002004944926209 0.975541887252131
1735690804.905045032501221 -1.579860677790624 9.697193749625070 32.649463449074680 -0.220929116327990 0.030526401282183 -0.000075426782315 0.974812011976716
1735690805.005046129226685 -1.550566526579062 9.722855223969082 32.713016131570669 -0.222074314843192 0.017086241274951 -0.002965911305364 0.974875511240358
1735690805.105045318603516 -1.579920838397817 9.736926036866318 32.771013206952070 -0.231709961225381 0.004488125976706 -0.014198412738353 0.972670939048691
1735690805.205050706863403 -1.575719947956238 9.755139831848863 32.832433872352873 -0.238552738008477 0.009391588824447 -0.026399374777220 0.970725224901148
1735690805.305062532424927 -1.573602977046662 9.770665317597295 32.889229007714611 -0.238238694889308 0.017022742471194 -0.023624930124316 0.970770010441618
1735690805.405046463012695 -1.573435545467501 9.789433538183735 32.944988130874513 -0.234375628214463 0.026978864622237 -0.026371912059489 0.971413777963385
1735690805.505054712295532 -1.575656997076985 9.813652721136185 33.000349510601929 -0.234806460242780 0.041687178611622 -0.025639405659693 0.970809315079473
1735690805.605045557022095 -1.582984163340895 9.832742287455803 33.056602640817069 -0.227396680506442 0.050987499214046 -0.027700063987100 0.972071875466861
1735690805.705048084259033 -1.591702373959395 9.846853431933887 33.112202170931440 -0.238318563017266 0.062374945548227 -0.017432115892534 0.969025154485037
1735690805.805053949356079 -1.604474449930152 9.857542958258870 33.166522415748460 -0.244373455457844 0.063502082287672 -0.018118838270394 0.967430001350203
1735690805.905042648315430 -1.617013860666606 9.868238129621366 33.221060513105165 -0.233052154096497 0.059910372792163 -0.012797006767898 0.970532677100915
1735690806.005044460296631 -1.631191611743845 9.889512709031306 33.276844672974399 -0.239595814971116 0.046740546714884 -0.016144215482396 0.969612567496719
1735690806.105052471160889 -1.650271511967933 9.917104349946156 33.335692925421732 -0.248865715444689 0.028707653151705 -0.015998490876907 0.967980255282300
1735690806.205047130584717 -1.669191153838473 9.942708518240018 33.397672204800990 -0.252172462950091 0.009122250440099 -0.000990762164455 0.967638802377688
1735690806.305052757263184 -1.688149325069216 9.966838780238616 33.461249582409131 -0.257066540518519 -0.010701167029759 0.013331963582557 0.966242483808839
1735690806.405012607574463 -1.704409623117047 9.984251709659807 33.528002168666092 -0.258841123171049 -0.023846058751375 0.018283226111869 0.965452413162098
1735690806.504973173141479 -1.721248856277616 10.001206603329614 33.589684521655890 -0.265401070933810 -0.031378354443114 0.016288350507016 0.963489678230851
1735690806.604943275451660 -1.737683705743789 10.016977890013157 33.648258753017821 -0.265722298526589 -0.036162158497165 0.016048730658392 0.963237455980002
1735690806.704889535903931 -1.756497555003136 10.037220534571881 33.706893272016821 -0.264387626917097 -0.031703420942581 0.017592597086380 0.963734702271035
1735690806.804859399795532 -1.775605105492780 10.056520567315641 33.765041359560591 -0.255533000527860 -0.018150059522341 0.012940167888756 0.966543332207913
1735690806.904824256896973 -1.799566345766000 10.075590110078743 33.824768944648142 -0.253254273843634 -0.000598334802599 0.009923978029238 0.967348659706247
1735690807.004785060882568 -1.823292901265190 10.087472802580868 33.886042761576974 -0.263356799030987 0.013732925195934 0.016241096827935 0.964464011740999
1735690807.104743480682373 -1.853930875867891 10.098040602295498 33.947960195144290 -0.260602806017458 0.021291881324790 0.008562099959532 0.965173312794009
1735690807.204703330993652 -1.864403370115354 10.111298360393340 34.007109574895274 -0.259274111390142 0.027144868895641 0.006480993614558 0.965400480617893
1735690807.304669618606567 -1.876646958004929 10.125477221955681 34.068109215996003 -0.250449328157712 0.031468799549824 0.005353535866697 0.967603321787378
1735690807.404646158218384 -1.888396045131969 10.147362016893027 34.133115760084252 -0.240678960553231 0.033088373608921 0.010557669090611 0.969983161246785
1735690807.504612207412720 -1.895821673276888 10.169227158378307 34.196738833416902 -0.241871059853119 0.036203873654349 0.026462063786230 0.969271597189417
1735690807.604557037353516 -1.906548187049398 10.189113173613787 34.259646756846870 -0.255822474269257 0.033776290686382 0.033472086954258 0.965553542399981
1735690807.704560756683350 -1.914335098441550 10.207125442656421 34.321404566776295 -0.262674221313608 0.026625973712456 0.018062089500288 0.964348003525717
1735690807.804526090621948 -1.926312722512448 10.221347217926606 34.380865950856496 -0.265623401957104 0.027463833965607 0.015331750196021 0.963563637541689
1735690807.904526710510254 -1.938352676226924 10.236063161356537 34.438288847004955 -0.261184993170465 0.035111089255965 0.019444376238834 0.964454004598709
1735690808.004531145095825 -1.955788156480738 10.254170670399208 34.495652653077357 -0.252062994057730 0.045240621702529 0.014859812216220 0.966538524403203
1735690808.104522228240967 -1.975252912495507 10.272330844456107 34.555680264254917 -0.253445736810315 0.062665349170444 0.014006314246283 0.965216108271747
1735690808.204525232315063 -1.995941067264514 10.282357110060198 34.613232670121626 -0.257713422122544 0.080547291867043 0.023578710724836 0.962569462548718
1735690808.304527044296265 -2.016929602072701 10.289491764107346 34.675673052313677 -0.246895712083137 0.084357924449163 0.012812622843719 0.965278242080207
1735690808.404527187347412 -2.027517059725553 10.304014162814518 34.730361592203181 -0.260904198405459 0.095832743970714 0.014616853794658 0.960484998332922
1735690808.504531621932983 -2.035145738652806 10.321228712517184 34.786465520588180 -0.258164287207941 0.098101456950524 0.003057516366697 0.961102469327942
1735690808.604534387588501 -2.036685000969602 10.342355648053069 34.841891687510440 -0.252598244477708 0.103528911514453 0.005750997082384 0.961999385342824
1735690808.704526901245117 -2.035635541506722 10.367348221103493 34.898863094818005 -0.253469783622338 0.103017086523718 0.010409294570481 0.961785940457207
1735690808.804538249969482 -2.032647787563425 10.391740992202877 34.954220133090722 -0.271101254385363 0.107768082151476 0.021956244373169 0.956246868582115
1735690808.904525279998779 -2.032601308874376 10.408110201646892 35.012014827292489 -0.263960746664999 0.095794711913019 -0.000527954798623 0.959764459986558
1735690809.004526615142822 -2.032509120883973 10.426018415204407 35.066125431437584 -0.275512133700462 0.088510175032356 -0.006461874906609 0.957192382581606
1735690809.104532241821289 -2.035304853325446 10.444872741397992 35.123208513930933 -0.280293129582406 0.084914685262174 -0.005208228940963 0.956137088542760
1735690809.204525470733643 -2.040627677175931 10.465834473309314 35.180961872005064 -0.273423847646063 0.087408674050464 -0.001513954184223 0.957912747165362
1735690809.304523944854736 -2.047336547900878 10.485454894593660 35.242649513004302 -0.265014343076198 0.092287063479877 -0.006522739205245 0.959795785441576
1735690809.404525279998779 -2.053110085233644 10.499124150380677 35.306975262745915 -0.252217336242022 0.098437386746633 -0.013571631474375 0.962555092973174
1735690809.504525899887085 -2.052135308959972 10.515179987306464 35.376509555168354 -0.252994999302859 0.114526892143107 -0.003540655692582 0.960658412267885
1735690809.604530096054077 -2.058731013172635 10.520936805787283 35.433236594972620 -0.254521054132677 0.126513274297040 -0.004206110539015 0.958746959872086
1735690809.704557657241821 -2.056010107376847 10.533047748648146 35.491564274881121 -0.243570225038677 0.133457021714811 -0.010174958403423 0.960603580594571
1735690809.804524660110474 -2.047755484776621 10.552721389932490 35.550191233953342 -0.245411450114721 0.144272986726911 -0.010722699251292 0.958563273432825
1735690809.904537916183472 -2.034986457349930 10.579412251167112 35.610213264103294 -0.247281669691692 0.153863457231189 -0.003400859713091 0.956643217984932
1735690810.004522323608398 -2.021722658809435 10.605114977654731 35.671344734698060 -0.246136090227779 0.157508415926789 0.004527566302144 0.956340747402826
1735690810.104526519775391 -2.007833103181087 10.627408770917469 35.735615236935161 -0.263747693313546 0.163919323665004 0.016870916143341 0.950412006336976
1735690810.204531431198120 -1.995493570253962 10.642417960716822 35.801803884027123 -0.254718283824958 0.155140375096878 0.003831533054530 0.954481733326794
1735690810.304524421691895 -1.983952674443206 10.659547935546382 35.863993349886691 -0.262128189713590 0.153198512950182 0.003538656204370 0.952788804352568
1735690810.404525279998779 -1.974544663417275 10.678348621345425 35.923540226424265 -0.259591067063699 0.156373674854397 0.007440117633184 0.952945117182971
1735690810.504530429840088 -1.962410205670839 10.700845404415391 35.984975751645095 -0.249832570799350 0.165128727905343 0.007534424571241 0.954075165924850
1735690810.604525566101074 -1.950490664091490 10.727416965572175 36.039291672029655 -0.253871795016015 0.183980973873587 0.012103282425059 0.949501776460904
1735690810.704530239105225 -1.937602740315506 10.758770145994262 36.084258282794920 -0.278937901339033 0.209500610279352 0.019322458491598 0.936979073452014
1735690810.804554224014282 -1.931375434690490 10.772624498606964 36.132734810230914 -0.281717949690999 0.215762648217369 0.005446713154917 0.934907380317396
1735690810.904526472091675 -1.921375833991305 10.786181533805868 36.179535828979461 -0.290678125977715 0.228134148903126 0.005444953551358 0.929210089088121
1735690811.004537820816040 -1.904040323292688 10.798727356327758 36.226778070598407 -0.290947602845713 0.232500196505349 -0.003763734951500 0.928051176025612
1735690811.104523181915283 -1.885446639193600 10.814889410050643 36.274397431427950 -0.289585066700533 0.228473865314116 -0.005888762833761 0.929465171205873
1735690811.204564094543457 -1.868617061114460 10.825968027154255 36.325009186263479 -0.275585814229888 0.226275000941527 -0.004947442907653 0.934252431494207
1735690811.304604053497314 -1.851499837059396 10.832893143850182 36.376206796460323 -0.267113708433802 0.223985359101372 0.007265899833801 0.937244915896894
1735690811.404633283615112 -1.835757546803352 10.844471555739466 36.424100817592695 -0.267218757580368 0.211021838622056 -0.004399641445406 0.940236439613422
1735690811.504671096801758 -1.826736137357831 10.860362093568517 36.468443262652400 -0.275984448701014 0.201775953583902 -0.007727695808412 0.939712366284491
1735690811.604702234268188 -1.824765568012268 10.878751443069483 36.512843040839286 -0.277361449331049 0.189746419905212 -0.006082420081909 0.941822662035737
1735690811.704745531082153 -1.823810085611068 10.900501891469052 36.562340788757361 -0.278845508988400 0.187530458942016 -0.006695522740956 0.941824123210497
1735690811.804790735244751 -1.824236371916625 10.923634859468994 36.617301027372456 -0.284758098657414 0.187720408412457 -0.013858998948762 0.939937126441239
1735690811.904824495315552 -1.829018415547857 10.942837688743776 36.676123131787683 -0.294736687372056 0.188414201760439 -0.021063946638554 0.936582449036886
1735690812.004859924316406 -1.835360961861223 10.952668616086106 36.735976521645803 -0.287442908433076 0.190576514148394 -0.020185896472907 0.938429377326907
1735690812.104893922805786 -1.837881993835146 10.964416373418516 36.789942129613301 -0.288753190146695 0.190288706861707 -0.016999047053675 0.938148621285707
1735690812.204888582229614 -1.839280456387743 10.975618512374204 36.842463962147356 -0.279937843589104 0.180645854363557 -0.024947260871539 0.942538865619318
1735690812.304890155792236 -1.836945615992241 10.995223592344363 36.893988471717527 -0.282960023838768 0.174312916820116 -0.021314874561573 0.942917975256200
1735690812.404896974563599 -1.830987616144841 11.020309539700806 36.947947491283095 -0.281156533172053 0.170314876221003 -0.016062754752515 0.944291181099483
1735690812.504893541336060 -1.819641854421580 11.044693986601091 36.999270547974461 -0.284096143082064 0.171494627580456 -0.001539107641157 0.943332711902119
1735690812.604888916015625 -1.802902127468714 11.067634065104015 37.057043626593874 -0.288345147315932 0.173699864046214 0.007908452907898 0.941606547142852
1735690812.704889297485352 -1.788555340019114 11.082716151645672 37.118948935782377 -0.286977844493935 0.171552520209806 0.015302402442295 0.942326528364119
1735690812.804891586303711 -1.778671184562637 11.096791377598246 37.179951430972046 -0.281095006956181 0.163686100846303 0.004614847861150 0.945606239738961
1735690812.904897212982178 -1.770758992505722 11.112360200937314 37.238406983166719 -0.284015104620833 0.153428582071996 0.006278485068325 0.946443696780660
1735690813.004905462265015 -1.766412864280443 11.127227048488761 37.296178154336971 -0.271702075921313 0.143401479301150 0.003942803078582 0.951629366916645
1735690813.104891538619995 -1.761472149936271 11.146747999908767 37.355484041695284 -0.261810987815366 0.142991926601405 0.003918663082967 0.954459511800057
1735690813.204899787902832 -1.756749583278462 11.167341436211315 37.412884642766429 -0.260673110508207 0.146210427020977 0.004915771926274 0.954278720120431
1735690813.304888486862183 -1.754525909472092 11.187740961345984 37.472997327110491 -0.276560282487334 0.151152723145500 -0.000118194239911 0.949034904767126
1735690813.404892683029175 -1.757253827004635 11.203506876491351 37.534631604581300 -0.270503913488295 0.145461569172409 -0.015493425075691 0.951540077170080
1735690813.504893541336060 -1.754327478773489 11.221172393337943 37.597093785343041 -0.278475056473246 0.149887222660000 -0.010574704420809 0.948616697634986
1735690813.604887247085571 -1.751340638942767 11.233884248813590 37.663278122889416 -0.264446281174432 0.147696183788452 -0.012473966922711 0.952941971904141
1735690813.704889774322510 -1.748860165125324 11.254329649080059 37.727739087773870 -0.258306507646130 0.142479545566047 -0.012304188690966 0.955419245223588
1735690813.804891347885132 -1.746169286598800 11.280092058068986 37.793405903163027 -0.256615179453162 0.135213619083585 -0.006407886841564 0.956987390656098
1735690813.904898166656494 -1.740710317057035 11.304316290458587 37.856745833922218 -0.268228139615242 0.131350242176894 0.007637171561377 0.954328272980089
1735690814.004893541336060 -1.745097677885063 11.325103954739363 37.911703043997804 -0.286707519386520 0.125642941935141 0.012274075788359 0.949664149335255
1735690814.104905128479004 -1.740429317769447 11.348839225478871 37.958425867881488 -0.326065985359483 0.127774919357080 0.010138231902035 0.936617189372874
1735690814.204890727996826 -1.746689510869711 11.363428793130641 38.005064097065407 -0.322195926343757 0.125210262981152 0.004570576773414 0.938344971169792
1735690814.304904222488403 -1.755857722453233 11.379473051061222 38.056431163035349 -0.316070593740265 0.132708542335940 0.003396727169343 0.939402088995061
1735690814.404889583587646 -1.768323814886614 11.389286394116514 38.112500511068973 -0.299113561147869 0.143467177492554 -0.000992352198085 0.943370161578622
1735690814.504891157150269 -1.789349718851919 11.400993636387961 38.170465228500227 -0.285165507061119 0.154827828807916 -0.000437853552637 0.945890472144354
1735690814.604894876480103 -1.807583171326363 11.405031539545236 38.222465382145039 -0.270773676506088 0.157012813802701 -0.005404739491246 0.949736479874373
1735690814.704887866973877 -1.821869938477884 11.402426813791442 38.264913552536598 -0.264498152751151 0.152023600083767 -0.006557736156508 0.952305911094382
1735690814.804887771606445 -1.832150484634003 11.403120301844986 38.298844050134662 -0.249190878142659 0.141169893173396 -0.016882212320631 0.957961355389174
1735690814.904893398284912 -1.837172777328676 11.411217405299633 38.334623654471216 -0.248420206093442 0.138504308810229 -0.011589356382398 0.958629044241898
1735690815.004903078079224 -1.836101315709777 11.421461534263823 38.371329746828465 -0.246458457032952 0.136736455040708 -0.007210291153681 0.959431801912630
1735690815.104895353317261 -1.830288989494070 11.429357577801914 38.408811886185653 -0.239852304967609 0.127844073367598 -0.001969494010539 0.962352786560027
1735690815.204896688461304 -1.830160056469386 11.439590720631253 38.446828495501485 -0.235985628231896 0.110243010486108 0.000770177542522 0.965482609234113
1735690815.304889202117920 -1.831197995449907 11.449411334294821 38.486672605686195 -0.242540244665267 0.089415439102144 0.009163546143547 0.965968497617784
1735690815.404895782470703 -1.832239580452484 11.460819507608790 38.525959682149427 -0.239348405102842 0.069040210495893 0.001812496337252 0.968474318279239
1735690815.504888772964478 -1.836360036790061 11.475014015380332 38.563237878776881 -0.245333566167149 0.064968115355321 0.007393256851435 0.967231060839144
1735690815.604891538619995 -1.841859022540681 11.494563594404209 38.606433227479805 -0.247455287059297 0.063444213883270 0.007774662979931 0.966788636283383
1735690815.704906702041626 -1.856976786523270 11.511269359274888 38.649022819764880 -0.248046505153177 0.066759675120699 0.006441646147365 0.966423603940832
1735690815.804889678955078 -1.884745051355691 11.531441488916951 38.697656584570545 -0.251921095360866 0.065460542997510 0.001030851466415 0.965530743357200
1735690815.904895544052124 -1.916869081189291 11.547953958842138 38.745226372649249 -0.252105292163478 0.065269043397203 -0.004942362216483 0.965483529995671
1735690816.004893779754639 -1.957774575603390 11.561835250334676 38.797482547430121 -0.263678819130396 0.065491994574720 0.003265346599398 0.962379143841039
1735690816.104890346527100 -1.999853751763646 11.574044432606236 38.851844294185646 -0.267246170668030 0.054158868239084 0.001970931542904 0.962103121647149
1735690816.204894304275513 -2.030743698545236 11.582951678672513 38.904335994810992 -0.260554349948556 0.038790185571131 -0.006184770955365 0.964659785019813
1735690816.304868698120117 -2.059204010911154 11.598130998403093 38.961406537112552 -0.252275042105954 0.032644070985333 -0.006897548891393 0.967080188805062
1735690816.404817581176758 -2.083583266555649 11.620401425289018 39.021493368821261 -0.250543126010168 0.028720544028672 -0.002345312357535 0.967676480994395
1735690816.504792690277100 -2.104977574477509 11.643650324717781 39.080016221245465 -0.249622413062060 0.026466896353798 0.007901872896644 0.967949231467848
1735690816.604743003845215 -2.127172783578994 11.665821003068482 39.144029928908544 -0.261507364562335 0.024940625587052 0.013474434045614 0.964785107214109
1735690816.704702854156494 -2.149272545647896 11.681269032239268 39.210853594412626 -0.253325645718674 0.023343274190804 0.011790495159403 0.967027503742870
1735690816.804682731628418 -2.171347214404352 11.699826500421148 39.273310506292418 -0.269191041049729 0.021661709241065 0.003627168591475 0.962836329507424
1735690816.904625415802002 -2.194883626411674 11.713819884693898 39.336219851527645 -0.256901269592265 0.019778641625999 0.000255682131742 0.966235208240706
1735690817.004598140716553 -2.224279953029125 11.734917828224473 39.401236095784000 -0.251241543724403 0.022580827845524 -0.000794745684081 0.967660664334398
1735690817.104527950286865 -2.258035771023385 11.755170733741965 39.465245771111199 -0.247516088257077 0.027925615143645 -0.009421140690962 0.968435433150215
1735690817.204453229904175 -2.285445102605977 11.772114117938658 39.528438466900674 -0.256028167948726 0.039077575279986 -0.000407836771111 0.965879057644498
1735690817.304384946823120 -2.313440404527909 11.780417486755409 39.589750176742044 -0.255755642868179 0.045588761740177 -0.004453054103725 0.965655676860666
1735690817.404316186904907 -2.336057790209280 11.792151960396531 39.650474637246468 -0.248433187159586 0.054124230932816 -0.003160420990632 0.967130565581930
1735690817.504235029220581 -2.340837131133230 11.810999680066947 39.708612054514951 -0.244104155671326 0.055652007258104 -0.003121948434855 0.968145788975040
1735690817.604174613952637 -2.342536326844146 11.834636599395381 39.764677029317305 -0.250912584410303 0.051506747860288 0.001430093322085 0.966637411205717
1735690817.704097270965576 -2.345676960858988 11.861382787751385 39.825271470226845 -0.259101734277456 0.054358702488632 0.015687554085801 0.964191538754086
1735690817.804026842117310 -2.341837863867036 11.880362574135381 39.885121807227115 -0.262547222457727 0.054391245188382 0.011536452790294 0.963315866517109
1735690817.903958320617676 -2.332532775456577 11.898149808049350 39.945503026469268 -0.279727411487460 0.059525305445998 0.007115232193245 0.958205973027158
1735690818.003891229629517 -2.332549027899199 11.920386449139849 40.006161668033016 -0.282501977609011 0.068782049380838 0.010564210447809 0.956739285169990
1735690818.103814840316772 -2.330870061648729 11.944544118394798 40.066752631979355 -0.281524579243655 0.077983967159474 0.008725340952999 0.956340044426148
1735690818.203755378723145 -2.326801801560486 11.963513633429100 40.128547521588992 -0.276103035536668 0.091191861549729 0.002660118854586 0.956788420666875
1735690818.303723573684692 -2.329654677285229 11.984691005516881 40.189245256418189 -0.281709759452903 0.108625735375435 0.002828193590427 0.953326839213157
1735690818.403688192367554 -2.320022417633113 11.998328473136882 40.242703541102017 -0.290362925506523 0.124398382043598 0.006011331054408 0.948777254119840
1735690818.503671884536743 -2.315890524940572 12.014509593011807 40.292353839300731 -0.290167721466998 0.136489073651219 0.003840987749955 0.947184603446228
1735690818.603619575500488 -2.301174582520702 12.033041740835051 40.347633641271941 -0.283539504743309 0.147427508456462 -0.000130885574732 0.947560268198918
1735690818.703630924224854 -2.282111565784619 12.054287597207047 40.407401542004493 -0.280626538258074 0.151163894085889 0.002938656274355 0.947834156089229
1735690818.803618431091309 -2.266097133600362 12.082188265407028 40.467799328815332 -0.280124357211437 0.148451815400036 0.005266668628668 0.948401109870116
1735690818.903619527816772 -2.247038310613557 12.101937745342497 40.531616726282856 -0.282419328075956 0.151763167344853 0.012966203479969 0.947121503152526
1735690819.003632307052612 -2.225674470374979 12.116088376474568 40.593804877379128 -0.279879719934304 0.150956658247378 -0.001681787925805 0.948091030064968
1735690819.103616952896118 -2.217982651910863 12.139028518089233 40.650326022786473 -0.293641999966378 0.159201268362445 -0.004019906923901 0.942556721028426
1735690819.203618764877319 -2.209104864937776 12.159621783261255 40.710523162865819 -0.288624556063248 0.167807649284998 -0.005222501407337 0.942607651124150
1735690819.303619623184204 -2.199947862014408 12.179402724956153 40.774977857331898 -0.280039371441037 0.181097590967381 -0.008684627560568 0.942712146008979
1735690819.403620719909668 -2.201038886963482 12.207704153205482 40.846168998140563 -0.278816844212573 0.198176305126815 -0.021560213561823 0.939426674446066
1735690819.503624916076660 -2.199402569859205 12.227244083880192 40.920194150043066 -0.284068151057173 0.215722026421463 -0.022675443136245 0.933945992630276
1735690819.603632926940918 -2.206238472429727 12.240849737698724 40.995493804791799 -0.286381581691229 0.214427476670639 -0.032389305191267 0.933250973653883
1735690819.703621387481689 -2.208886926190347 12.246547403362310 41.065073405740343 -0.271555358669218 0.208656305646151 -0.031729700597806 0.938995984758245
1735690819.803630352020264 -2.204981002721482 12.261982209747202 41.133821444537254 -0.256531785240692 0.197245435661547 -0.040413585551894 0.945331911750973
1735690819.903629541397095 -2.207740936100899 12.284735706099724 41.201835447688957 -0.250455606317001 0.188988989142862 -0.035277523367107 0.948847009581748
1735690820.003620147705078 -2.203345107889195 12.312992065144902 41.269676560164562 -0.249137609777877 0.180817315559036 -0.030971821835638 0.950934433092194
1735690820.103624105453491 -2.194997852045891 12.341847363185593 41.346199655058562 -0.253869584600558 0.184739534123940 -0.021991763101487 0.949177486512453
1735690820.203617811203003 -2.179836081395133 12.361596310017388 41.416865083859669 -0.256744035430293 0.187555611935991 -0.017389505021974 0.947946727309808
1735690820.303617000579834 -2.174503347852071 12.380706783583928 41.489643684243077 -0.265791848504668 0.189220627450894 -0.022186759089648 0.945017457583012
1735690820.403620243072510 -2.163579217944651 12.401070281088103 41.555342049657412 -0.266945927303113 0.196576691349917 -0.020250981735220 0.943232407232152
1735690820.503622770309448 -2.163275547697033 12.422747630252504 41.628323782994087 -0.258734757216372 0.206744115881868 -0.024098079449458 0.943256316450230
1735690820.603624582290649 -2.153823684573473 12.449859008060493 41.704743221922897 -0.247852200512990 0.225577072945447 -0.030150496092671 0.941687431395152
1735690820.703626632690430 -2.153406191871221 12.461275737866300 41.769069753046232 -0.237673991366300 0.252176225902427 -0.028333514664774 0.937611559690025
1735690820.803619146347046 -2.150793737594780 12.480212909448829 41.839094820415724 -0.238972557093239 0.275235220055936 -0.014131827364156 0.931095044585905
1735690820.903636217117310 -2.151837529225632 12.482585717583396 41.900960325491155 -0.245243735587976 0.274097972613974 -0.023078471134550 0.929619920039290
1735690821.003627538681030 -2.155806133137963 12.511141501640614 41.971319762131387 -0.246109006997216 0.269750486145230 -0.031218158859910 0.930424880609205
1735690821.103622674942017 -2.144289140693941 12.511455146694647 42.024938365392458 -0.249719189573245 0.266290803867286 -0.034739009109272 0.930334743724377
1735690821.203626155853271 -2.143579624660545 12.561701110828935 42.108905893363421 -0.240329352650735 0.264769103863251 -0.033290354151383 0.933290349363158
1735690821.303617000579834 -2.133100553980515 12.577734624769345 42.169063776819470 -0.238092223754875 0.264515761527543 -0.026071896005228 0.934164739823579
1735690821.403623819351196 -2.125571744728203 12.601433924225674 42.236532912704256 -0.243696910605426 0.259451425965277 -0.020571624665495 0.934277036849658
1735690821.503619432449341 -2.116069832970791 12.628789858476374 42.301816176022534 -0.260001366289622 0.244952555116682 -0.027324647475669 0.933622460585471
1735690821.603655099868774 -2.108988473615652 12.643654645134536 42.358680384967833 -0.268191683381992 0.235149204594147 -0.026522708316737 0.933849355349683
1735690821.703685998916626 -2.105248991348333 12.671072773374444 42.421949023573021 -0.263174713921320 0.234926413324247 -0.028347276262330 0.935278077474044
1735690821.803719282150269 -2.093537103973838 12.700490104925841 42.484340621136127 -0.264712018672434 0.250907851692486 -0.031195848629126 0.930591003694821
1735690821.903756618499756 -2.082923222768316 12.720395795292983 42.544356488558329 -0.265585390129043 0.267016018219667 -0.032124391018880 0.925815786247882
1735690822.003829479217529 -2.074104442166920 12.742050251534137 42.607663194057793 -0.271575429403996 0.274957755750365 -0.020064548063515 0.922085913897271
1735690822.103890419006348 -2.065365333508947 12.756220146282974 42.649821931161277 -0.287727321591415 0.260594750874678 -0.027427533990925 0.921168331308438
1735690822.203955173492432 -2.048583636853615 12.770062863460145 42.698637315523612 -0.283929390586873 0.256989267408065 -0.025329397136460 0.923417045131146
1735690822.304029941558838 -2.018474146828938 12.788474739463513 42.746552677934545 -0.276707550882455 0.259087365542064 -0.024490404650542 0.925044262930785
1735690822.404094696044922 -1.982404868335776 12.808051122940729 42.795110089338074 -0.268960754463008 0.254644057750129 -0.023250460515918 0.928588139326061
1735690822.504159927368164 -1.944104841608626 12.825515846391170 42.850873665903748 -0.266223620912542 0.251246124502934 -0.017410932270213 0.930428518494545
1735690822.604266881942749 -1.899184864213513 12.836499500639690 42.890701004855316 -0.261842566735385 0.244605321291491 -0.014938695717480 0.933479267263914
1735690822.704379320144653 -1.860697075050971 12.848324075174709 42.927553302375394 -0.270698979441728 0.245056944638295 -0.017103084367041 0.930793554403383
1735690822.804477930068970 -1.822949533101418 12.866420514636301 42.964332090885001 -0.275750557170193 0.257610392761590 -0.006015180563276 0.926046615114131
1735690822.904593229293823 -1.788509597803850 12.892320657804898 43.004301916836702 -0.282697936102804 0.269804429442287 -0.004249533118660 0.920472372341946
1735690823.004692554473877 -1.745321777196911 12.918821900532686 43.041171335559937 -0.289155747514650 0.289574880721581 -0.013388879416833 0.912335508484838
1735690823.104820489883423 -1.703134480792929 12.938048756936512 43.083946716693198 -0.281449881691156 0.319311938643937 -0.020089661351513 0.904666930666899
1735690823.204928159713745 -1.659486202826730 12.956048110264053 43.129852053387239 -0.301363475200186 0.349491744733122 -0.013418232967298 0.887048773857842
1735690823.305183887481689 -1.617702995732506 12.966227073145642 43.184906464167376 -0.292256341365175 0.370382939170742 -0.025675779986825 0.881330507599251
1735690823.405221700668335 -1.571167420504542 12.973067730384054 43.217178998537527 -0.285152299165865 0.391892406713296 -0.027045674002899 0.874286588801756
1735690823.505207061767578 -1.522099875507360 12.986444966982626 43.255984313252597 -0.279082064679326 0.407017204785314 -0.034413511277854 0.869060358332264
1735690823.605208635330200 -1.467545212127647 13.004798251532252 43.293631558004840 -0.269242111213782 0.420230964517621 -0.033490881495148 0.865905874137838
1735690823.705207824707031 -1.409780952594218 13.027374634353375 43.335947866497690 -0.262321318343110 0.434504726512185 -0.029433915120060 0.861119511578973
1735690823.805208444595337 -1.347048329196499 13.038779793775372 43.366921613622985 -0.269552782463722 0.453788043300753 -0.011119258338786 0.849290333936125
1735690823.905214548110962 -1.292766080118728 13.052250641197590 43.407328397263299 -0.272454574614939 0.452002168773572 -0.024937968302183 0.849023345928921
1735690824.005222558975220 -1.243653444236751 13.064363155060800 43.451607466337990 -0.279741528922771 0.445719048139923 -0.023603074433824 0.850013001076138
1735690824.105213642120361 -1.196441042448750 13.093559162222949 43.502597999766984 -0.281263869201293 0.448205965061741 -0.019655833829565 0.848301654461110
1735690824.205218076705933 -1.147142888333117 13.114429978090076 43.538716553625456 -0.277229756664853 0.456945089146275 -0.017484182587314 0.845008373262598
1735690824.305213451385498 -1.098605953354330 13.141983124748995 43.589058582940588 -0.278525889086686 0.463126396957985 -0.022895342107765 0.841078517653944
1735690824.405208110809326 -1.048713372601298 13.160134870322374 43.641219317125781 -0.283180834804889 0.478341460398697 -0.008962823238887 0.831214611194026
1735690824.505215644836426 -0.997081897349290 13.169894511738136 43.681239148971734 -0.287064398246640 0.485497652444877 -0.015947220533126 0.825609924169445
1735690824.605205059051514 -0.947227774589056 13.188129585060270 43.734277609211006 -0.281078275091930 0.492207595469882 -0.023424301384547 0.823515627257764
1735690824.705207824707031 -0.888185042382280 13.203776374627239 43.758271147744701 -0.279296683784265 0.499913791028481 -0.024305707677458 0.819444199772591
1735690824.805208206176758 -0.825876743040034 13.223085995413506 43.791849203666132 -0.272482704934635 0.504098259514383 -0.023352162614539 0.819202537085487
1735690824.905209064483643 -0.760891292160878 13.240978137131762 43.822264508563137 -0.262877612558215 0.509180091120104 -0.021214562748381 0.819256332261162
1735690825.005226612091064 -0.699107529984030 13.250924240884192 43.863133270128984 -0.264625014952579 0.508167521703309 -0.019140434296179 0.819373550416547
1735690825.105217695236206 -0.639476574109792 13.264371452182910 43.888628713394127 -0.273617819496607 0.505741599248808 -0.030014897214780 0.817592703972073
1735690825.205207109451294 -0.585492870775283 13.266065764554973 43.923300524289665 -0.268494631874234 0.507577982468999 -0.022129973941485 0.818404233017382
1735690825.305215120315552 -0.540381054533234 13.289084713225906 43.968299699841005 -0.266897381951809 0.506236865420303 -0.026508693743516 0.819626325073023
1735690825.405214786529541 -0.483548195922687 13.313820075644392 44.019097596046691 -0.267176069762796 0.509100561237485 -0.036815702866071 0.817360489818453
1735690825.505209922790527 -0.433979895321521 13.332636528272973 44.061493110785314 -0.266992169127796 0.519817436148048 -0.041875452097464 0.810402036777140
1735690825.605223894119263 -0.379768135763747 13.348775583078556 44.111342858086992 -0.274501487057139 0.529950755413622 -0.032069681623853 0.801731043405764
1735690825.705206871032715 -0.333320679579752 13.362880543240784 44.166346693013246 -0.270743390260441 0.531874946443672 -0.035283204587913 0.801599746413278
1735690825.805207967758179 -0.287876521529803 13.378670767479262 44.220905043341268 -0.263267925621439 0.532662915869787 -0.031520583510727 0.803720517475586
1735690825.905208349227905 -0.239555134154240 13.395599155327750 44.265861870397558 -0.260761102270810 0.526903859966562 -0.031998998757187 0.808301944803665
1735690826.005210161209106 -0.190223862587093 13.422634565705305 44.315948369376414 -0.256604118858802 0.512563299918682 -0.037119121963922 0.818569093324318
1735690826.105238914489746 -0.136196136442328 13.439685253802100 44.358411978587725 -0.252767430779006 0.512548394536341 -0.028588463382765 0.820113083030024
1735690826.205217838287354 -0.074316712076598 13.456347846525276 44.402564500765294 -0.250939961513760 0.518846913525805 -0.019118900488247 0.816983159975981
1735690826.305209159851074 -0.020568453972899 13.476968296160640 44.460918931521284 -0.254536606399503 0.509782113895033 -0.030402991670443 0.821224068359436
1735690826.405214786529541 0.024143037712051 13.488816925415419 44.502205886569314 -0.261790390327194 0.499743079264841 -0.028673040043597 0.825166954642446
1735690826.505217313766479 0.069933138650875 13.511359996790862 44.555288987382482 -0.257794889517979 0.496207134171882 -0.028495876380672 0.828557940016652
1735690826.605210065841675 0.112574915763506 13.538028568582465 44.616207649072649 -0.251526295528482 0.503203898477222 -0.034872459248252 0.826017112898409
1735690826.705225944519043 0.161292192401327 13.558927237758109 44.666648883447039 -0.245839152860552 0.516709368547021 -0.040145573060468 0.819123233915503
1735690826.805206060409546 0.203552737982388 13.578247486996139 44.728774567727882 -0.251972004354355 0.528368681109336 -0.033574597192534 0.810067523276788
1735690826.905207633972168 0.255554661800688 13.592252395982991 44.784159796631279 -0.245173938989996 0.538799390314992 -0.032899518524797 0.805296577862565
1735690827.005213499069214 0.291771069450515 13.603349632402717 44.835838720365473 -0.245087408668244 0.543279934608882 -0.033866670215972 0.802266865458207
1735690827.105209350585938 0.348180223834506 13.622722532029528 44.868547016333672 -0.241609157073865 0.545540854867167 -0.033330686125282 0.801809987622551
1735690827.205213785171509 0.392557895969428 13.638500273351806 44.916756061946579 -0.229769303393181 0.546275366514082 -0.036464596552512 0.804648758376212
1735690827.305224180221558 0.457149830778006 13.656232801511218 44.944234410057575 -0.229793709457753 0.553289745819382 -0.024375945315855 0.800294396803281
1735690827.405206918716431 0.492036618261555 13.669982624856903 44.987173018552639 -0.221207203412607 0.558281157060711 -0.028291171548069 0.799117721266251
1735690827.505215167999268 0.545098126948568 13.701508316548619 45.012384270171694 -0.222954994242038 0.574030796859271 -0.022024885233058 0.787587848579518
1735690827.605214834213257 0.585899594394142 13.703800756326915 45.043309658506161 -0.228076481466488 0.590931619525116 -0.025630462408542 0.773384780716569
1735690827.705210447311401 0.631009122670143 13.730276679137075 45.072430023092920 -0.221385905368896 0.622638434630100 -0.029709414972859 0.749951339279652
1735690827.805221319198608 0.681268041693592 13.748484870082596 45.108563793149351 -0.200728656415979 0.650671437554471 -0.049489268415512 0.730674687638713
1735690827.905204772949219 0.722783635507199 13.763510067840219 45.135070370570332 -0.210168247360723 0.684964449460939 -0.008181376634908 0.697557220486142
1735690828.005206823348999 0.759010864166200 13.786065081388623 45.163666337354037 -0.212211704576551 0.702759296986897 -0.016950126782206 0.678828591134216
1735690828.105208158493042 0.805712149378529 13.775971368518519 45.179439663962533 -0.207522117309445 0.714848142582557 -0.021567577026726 0.667429055027476
1735690828.205210924148560 0.852153247316544 13.778410207001606 45.182211711889074 -0.195553486086958 0.730676995301664 -0.030404060609178 0.653410709825484
1735690828.305212736129761 0.904524120436328 13.781461358745663 45.192651217537247 -0.175514755943620 0.748582728100493 -0.033522598250970 0.638509753286650
1735690828.405218124389648 0.958715332569497 13.775833582801800 45.170317738129803 -0.172621476122072 0.770824680825057 -0.024503163799950 0.612724026276250
1735690828.505207300186157 1.006712117634905 13.768612992733608 45.167948306428315 -0.161513309651104 0.789813577771322 -0.043904426284839 0.590068101600324
1735690828.605215311050415 1.045038686249221 13.761194532341582 45.133496512548703 -0.169786624855553 0.816135040391671 -0.038115603638533 0.551038382169805
1735690828.705224990844727 1.068100425552750 13.762580237392259 45.122697625714437 -0.170922130706271 0.840363929880886 -0.038893286134981 0.512895118794871
1735690828.805209398269653 1.097436807623481 13.757915461297630 45.085219686812636 -0.173007433797271 0.868133887998508 -0.042127270458319 0.463289621557841
1735690828.905212402343750 1.122382010366479 13.757072363876802 45.067192322994501 -0.167387482209064 0.894006587886103 -0.051998462226537 0.412346712781894
1735690829.005205869674683 1.152759182744703 13.756818936195979 45.041483987364522 -0.170917675506614 0.917034788802782 -0.056901955601765 0.355804035634151
1735690829.105207681655884 1.184717970758335 13.753319181381308 45.026543316671919 -0.177037850904170 0.930694035564080 -0.049965565647998 0.316179780761128
1735690829.205221176147461 1.223678663729437 13.749760730547296 45.000623016486578 -0.175616839765208 0.938637118991976 -0.058844565871994 0.290957731481157
1735690829.305213689804077 1.255753294293200 13.745797491078708 45.001536944375850 -0.163462177701960 0.943285670247508 -0.052248560438925 0.284187171946067
1735690829.405211448669434 1.298116954731101 13.745673611212192 44.982304396151129 -0.167769723057374 0.942109611308563 -0.055773623268436 0.284907183575268
1735690829.505223512649536 1.327534451377687 13.746863152257038 44.970237767956505 -0.162222296725496 0.940485362724968 -0.040706389154889 0.295827988579786
1735690829.605211019515991 1.376266595631780 13.750970691111352 44.954820353462111 -0.167729086604541 0.936990234501909 -0.054750904279762 0.301527100664952
1735690829.705214738845825 1.401217748735291 13.741741430089222 44.924738846899501 -0.148521445578435 0.941555079317231 -0.039622384980986 0.299742355071208
1735690829.805212497711182 1.444804011455794 13.738233046805151 44.907809127163290 -0.153004166960312 0.942598470200848 -0.045161260121850 0.293356965916966
1735690829.905209064483643 1.462192366373756 13.724554589955943 44.874007163485139 -0.151674963501010 0.943210535526890 -0.038183246231163 0.293071033753413
1735690830.005213737487793 1.505596099638180 13.727737383290698 44.869042557887461 -0.154863605742799 0.946664233115244 -0.036492473168780 0.280200629475903
1735690830.105204820632935 1.514463568657810 13.721571873738897 44.831289230003925 -0.158174322974258 0.948274860415633 -0.028587933835450 0.273748794872902
1735690830.205208063125610 1.573367987533041 13.728374303743564 44.834325447665513 -0.174128546651209 0.946999169068608 -0.034805781103433 0.267694565925951
1735690830.305208683013916 1.577925136019935 13.721988253571958 44.803170921283908 -0.178833433827907 0.951401708962011 -0.035191653487534 0.248223565872174
1735690830.405209064483643 1.649450821362822 13.719650472122124 44.791546463440916 -0.172402206201560 0.959321965440001 -0.041038380722948 0.219760545205017
1735690830.505213260650635 1.670208656120423 13.707518276709438 44.764751217756007 -0.169437727882309 0.964070458389647 -0.039429696421656 0.200759325239336
1735690830.605215311050415 1.735655916807797 13.700388028354483 44.754512660842821 -0.163487267717628 0.966533440449720 -0.047495739900292 0.191909292317948
1735690830.705209732055664 1.777225198507847 13.690957940386150 44.738368038256041 -0.156991603248722 0.968172357882517 -0.045939165531092 0.189434724936875
1735690830.805215120315552 1.791450463902720 13.683646351287202 44.709089687581638 -0.164437253211261 0.966004022052218 -0.049320043379942 0.193298092220989
1735690830.905213594436646 1.844404955113720 13.679964132834817 44.694397692202216 -0.162154066845587 0.965772410248739 -0.050813948770795 0.195978705011786
1735690831.005208730697632 1.879635017496747 13.676332452521374 44.666736141852574 -0.158658371231422 0.965286144545335 -0.053156874377633 0.200560532242501
1735690831.105215787887573 1.896598571727964 13.674821609672854 44.621566583348624 -0.143354925396358 0.966445948225037 -0.060720432818883 0.204315010614251
1735690831.205206394195557 1.951051438024699 13.659278497460448 44.600219844326375 -0.126901282229293 0.970135302141989 -0.050741864617907 0.200396664846325
1735690831.305213928222656 1.985080941871304 13.639331164407841 44.567626228465024 -0.122993204333373 0.969403822896207 -0.062887133243045 0.202914041688838
1735690831.405207395553589 1.989400904962032 13.627306104053488 44.519453155286413 -0.134327174208479 0.968536311972963 -0.066493485625175 0.198676216564515
1735690831.505208492279053 2.035006924576464 13.613177533029372 44.503588687271758 -0.128471058165840 0.971246092230411 -0.069769424149528 0.187905409700594
1735690831.605213165283203 2.066436470332340 13.611751009301969 44.474601240908044 -0.132146899687827 0.973925932438145 -0.065139547655166 0.172517576955700
1735690831.705223560333252 2.077746155193108 13.613582128196475 44.427714645380568 -0.137390045540343 0.976004935968310 -0.067444216779100 0.154885822382074
1735690831.805211067199707 2.135275999294268 13.599028214376640 44.414910536570957 -0.137984044999207 0.977550568116470 -0.086293729293992 0.133823325266408
1735690831.905215978622437 2.154891755738984 13.590411270944319 44.368394513998219 -0.117764440314445 0.985421739872667 -0.081497618533337 0.091835011608572
1735690832.005214452743530 2.200628080440158 13.573294957292719 44.348387192950838 -0.111623669360697 0.986460552938593 -0.094715748854519 0.073923344441837
1735690832.105208158493042 2.223662479372456 13.567847067516944 44.311549914583274 -0.114256609241823 0.987750537526374 -0.087658890504902 0.060085121089754
1735690832.205215692520142 2.267438614971857 13.553620875794167 44.291639515624141 -0.125310185422026 0.986135501279904 -0.087423327512136 0.064740191161572
1735690832.305204391479492 2.290102331474159 13.553700392371091 44.243908580048064 -0.129592380672288 0.985242194633924 -0.083633978838494 0.074222573171908
1735690832.405208349227905 2.339130321044435 13.542507721660868 44.207889096355139 -0.130174799973735 0.983506134038008 -0.085783039088611 0.091714099058604
1735690832.505210638046265 2.365368305395279 13.540956502759467 44.137194100783987 -0.119338911915318 0.982118811618984 -0.091432208049566 0.113318203736924
1735690832.605205774307251 2.415611697770397 13.521871709983419 44.104786427018816 -0.113352081492697 0.980860554350747 -0.091724058094183 0.129037109804712
1735690832.705213069915771 2.443039070291341 13.509901942501905 44.048155373938627 -0.113000060093207 0.977272546054393 -0.096714073111469 0.151048817305815
1735690832.805216073989868 2.482453817217398 13.487500362061940 44.017319595475172 -0.124134558135590 0.974677180415346 -0.085525730351109 0.165167656948877
1735690832.905209064483643 2.512812750747607 13.487396236335321 43.957762777856701 -0.119214354829319 0.973674049031207 -0.079496625138242 0.177276818669093
1735690833.005214691162109 2.554165209926885 13.474715260871646 43.940954696754062 -0.117643567031140 0.973888606931419 -0.072603371037826 0.180082544793531
1735690833.105215549468994 2.596804728430557 13.473709080407939 43.901634032177085 -0.124738409790196 0.973181129962447 -0.068481102190539 0.180746109365589
1735690833.205210685729980 2.638997583697986 13.479892052488715 43.841617236256781 -0.137588416256710 0.970314232759058 -0.079090000699403 0.182495175844568
1735690833.305216789245605 2.693791260794008 13.453865475003440 43.815809199682583 -0.136523404108668 0.972705424058132 -0.079495623910614 0.169958712390784
1735690833.405215501785278 2.740763890650542 13.432784433829426 43.778663018745235 -0.131207665889112 0.972914675295524 -0.093137683515658 0.165972753534652
1735690833.505208492279053 2.775751704261232 13.434645980558042 43.718569867418218 -0.130317373694013 0.974623661515498 -0.083767825987325 0.161582956579514
1735690833.605208396911621 2.817555911067531 13.412719464291218 43.706163190388146 -0.137349624249602 0.972997586536854 -0.089116501166894 0.162693043894696
1735690833.705207347869873 2.851886044985874 13.407009489371415 43.660407665213896 -0.141167042637952 0.973446297417137 -0.083032288521131 0.159936897496058
1735690833.805212736129761 2.881254307591458 13.417614582586447 43.594724624344444 -0.138403739710005 0.973714464228063 -0.085219084945842 0.159568964865774
1735690833.905214309692383 2.913578179621184 13.390635898958807 43.556056456435179 -0.121543414580671 0.976520358741651 -0.089207035626220 0.153874273775477
1735690834.005207538604736 2.946253549495553 13.373975760821283 43.505234156589964 -0.114640554864349 0.978193069218196 -0.085466229592529 0.150636602833165
1735690834.105216026306152 2.972551547807385 13.364693217394668 43.430187007288616 -0.110247657418344 0.977092031348963 -0.098792364316909 0.152894359152977
1735690834.205215215682983 3.009538272920004 13.344547357259081 43.399434580516647 -0.123270744330548 0.977273393061086 -0.081431282193161 0.152019686512777
1735690834.305208206176758 3.040319327548003 13.335578594350640 43.354555676199226 -0.122506529840128 0.977313581956091 -0.075912844960650 0.155201651539744
1735690834.405213594436646 3.066982064664138 13.340995895030177 43.293749130826470 -0.121469428567807 0.977592099866660 -0.080380273955942 0.151979853140057
1735690834.505204200744629 3.104183220597227 13.321082443305695 43.248787469666482 -0.120222915578936 0.979062931835957 -0.088765620457536 0.138213207398094
1735690834.605206966400146 3.129685128364226 13.313239755495090 43.183133387406542 -0.126409076396272 0.978707821776053 -0.101005292725185 0.126292026036937
1735690834.705210685729980 3.171443701721531 13.293984311151481 43.141285180174783 -0.117383187261796 0.983684920503657 -0.088369400591881 0.103807579496912
1735690834.805209398269653 3.198596201536670 13.281657632419272 43.086099133664561 -0.116933744116665 0.983959452182424 -0.100015886313143 0.090261389490293
1735690834.905212879180908 3.226453611430772 13.264834713703330 43.045317781804691 -0.112586941294264 0.986968792677341 -0.082764516204984 0.079792341665037
1735690835.005222320556641 3.247338821670276 13.249248431790241 42.996186487693073 -0.120040930092249 0.985619845492453 -0.093573179826352 0.073401330309507
1735690835.105209112167358 3.258501007830564 13.235896539212398 42.924226099040979 -0.111631624971537 0.986883679447785 -0.097450787346450 0.064049415230534
1735690835.205225229263306 3.274881991685116 13.224727470739642 42.875927684104639 -0.108164529767998 0.987365436152314 -0.101882823766122 0.055043802678042
1735690835.305213928222656 3.277167999353559 13.205400845228597 42.809161416816345 -0.094953543105328 0.989572816969651 -0.100041745522057 0.041486307613411
1735690835.405209541320801 3.289529922107679 13.182419376164651 42.755992821533049 -0.088838793490348 0.990231545517197 -0.100900792484424 0.036988986331314
1735690835.505213737487793 3.296341987928814 13.165413019590440 42.698116692231594 -0.100789024830059 0.990237766936614 -0.090618866050600 0.032541642888743
1735690835.605204582214355 3.309338639865548 13.149311285448285 42.646637975518054 -0.093499893061673 0.991347665142211 -0.088411976763997 0.025901721549462
1735690835.705207347869873 3.320995446785562 13.135850839076348 42.587558963781781 -0.088723194893570 0.991864823071561 -0.090191197905227 0.014068235906459
1735690835.805210351943970 3.333588681781184 13.127741607514219 42.530963641806906 -0.087984725659372 0.991979588899336 -0.090608006081309 -0.005037111445992
1735690835.905207395553589 3.346361562856052 13.113258311550252 42.471662262564330 -0.090516726462971 0.990671945180859 -0.099136725940152 -0.023403607240504
1735690836.005214691162109 3.367060471898689 13.095357106269848 42.411065719160504 -0.082748615494775 0.991007741675191 -0.094123151561764 -0.046873819063699
1735690836.105220794677734 3.382453354751086 13.066594106162549 42.344570834759381 -0.083676123683687 0.988721356297033 -0.107759001557467 -0.061776884922804
1735690836.205209970474243 3.396446005406665 13.054696608248589 42.299542920713819 -0.077726300236949 0.989658433494121 -0.095850188123307 -0.073126935544744
1735690836.305222749710083 3.403722155524088 13.036678476964543 42.241565228200784 -0.085659704871040 0.988260688427649 -0.100079244104039 -0.077378107817907
1735690836.405216932296753 3.411337402021333 13.023631845697057 42.177551590768502 -0.082610311926767 0.988364088644083 -0.100027569192526 -0.079413160392649
1735690836.505215644836426 3.413166272902788 13.009890758694201 42.107913421987284 -0.074690598556139 0.989314251214161 -0.098589864998481 -0.077192391797840
1735690836.605212211608887 3.413978710718505 12.995592316451791 42.042850903620746 -0.067998676349719 0.990532803254095 -0.093756619910877 -0.073692889176354
1735690836.705210208892822 3.410043429669052 12.968550351001742 41.963864871371065 -0.059851370717565 0.992361879327585 -0.079348798950357 -0.073071759153511
1735690836.805207967758179 3.403923523443781 12.954369390224677 41.919852142244089 -0.068585143477411 0.991914892211524 -0.081113874387750 -0.069436763209352
1735690836.905214071273804 3.399779546197524 12.938987110830164 41.863204446752562 -0.067108495056714 0.993335466724757 -0.066997979778649 -0.065516189934337
1735690837.005207777023315 3.401171423897344 12.926528454212292 41.800928650075804 -0.062993820043384 0.994048334811996 -0.060447642641182 -0.065159567163730
1735690837.105212688446045 3.400134726761636 12.922616777427415 41.743291978152094 -0.066006726965144 0.994369110920447 -0.050692973980220 -0.065600347801430
1735690837.205215454101562 3.393795720815619 12.913845106620528 41.688069096727922 -0.060202916906225 0.994152703294522 -0.042574705243252 -0.078888565721698
1735690837.305208444595337 3.387394104538316 12.895320482999356 41.624867807148000 -0.059024984179037 0.993057351547182 -0.027681102609403 -0.097912738390307
1735690837.405215501785278 3.378565505304143 12.880907638165105 41.584522779726633 -0.068124561184994 0.991102568439693 -0.040047156707903 -0.107102606108384
1735690837.505216598510742 3.369688303098953 12.864659429493031 41.539724989560888 -0.068470238777389 0.989696250542931 -0.040172091757375 -0.119161072111946
1735690837.605208635330200 3.357749024865992 12.848991458901379 41.485297525522988 -0.059410751412137 0.988815010206950 -0.041881491052386 -0.130235090944430
1735690837.705213546752930 3.338006971450909 12.841285510114874 41.442747845974225 -0.051889635688595 0.988378892408289 -0.047427677217571 -0.134778507869816
1735690837.805204153060913 3.319487529367481 12.823225813609961 41.396076102112083 -0.053213489103314 0.987366206962981 -0.059253293464711 -0.136986660440251
1735690837.905207157135010 3.306036514748605 12.793390278826742 41.331355368857018 -0.041635874827075 0.987093570449726 -0.067070962108825 -0.139334931535468
1735690838.005207777023315 3.293136553505798 12.784263233181107 41.302672369991939 -0.053330594863981 0.987404995619450 -0.064661455655640 -0.134186878753855
1735690838.105207681655884 3.289561764647932 12.772227945343717 41.258265638167778 -0.054618884352071 0.987896619933319 -0.058497395042351 -0.132872497416577
1735690838.205213546752930 3.289436648082386 12.757209717460382 41.203230390190626 -0.057956487903805 0.987093002001676 -0.062663357418828 -0.135505551717176
1735690838.305222511291504 3.286161363612714 12.747552353319675 41.149195976614109 -0.062710057777418 0.985539163224758 -0.067938158124528 -0.142001454480029
1735690838.405210494995117 3.292039211048270 12.729721741798409 41.089079003744892 -0.061469346341573 0.985444622532439 -0.068926456200156 -0.142721964034717
1735690838.505215644836426 3.304892346646170 12.704499098219138 41.029439734899128 -0.066815962698478 0.985383693162881 -0.063381039538320 -0.143308925766677
1735690838.605213165283203 3.310834349042049 12.687312112207486 40.979154383104472 -0.061038061655205 0.986188967645540 -0.071701477236623 -0.136251874429992
1735690838.705209016799927 3.317738284974030 12.663287740166272 40.915712876408158 -0.044426878798994 0.989007281882551 -0.065431284398303 -0.124938368187903
1735690838.805222988128662 3.311559543823425 12.656679064307541 40.879153268705629 -0.051267950019526 0.990082442647627 -0.065191854099874 -0.113394780394536
1735690838.905207395553589 3.303479934055076 12.643763617568860 40.822779592021533 -0.048415009448232 0.990614443326061 -0.062815386685148 -0.111324924116393
1735690839.005207300186157 3.290768885362098 12.628521420875568 40.757651474400035 -0.046400822700721 0.991699600559773 -0.058118864183041 -0.104885954866969
1735690839.105209827423096 3.274082067756756 12.609659658762631 40.698525103206919 -0.049719479289799 0.991943576980173 -0.065685491961233 -0.096235802135911
1735690839.205207347869873 3.255401566959772 12.575067541346314 40.628255757742814 -0.056133187961149 0.991607578992148 -0.072453410172683 -0.091181016933336
1735690839.305212736129761 3.237604578799077 12.547746599195888 40.576774215947864 -0.064510949466278 0.990642529490207 -0.084020889173399 -0.086059318767434
1735690839.405215024948120 3.227982494697462 12.527418417734172 40.521466736225051 -0.067196357682266 0.991415211365152 -0.076661104017357 -0.081875535533323
1735690839.505208969116211 3.227199695966952 12.514097581835340 40.462761471121695 -0.063698668720993 0.992211569997104 -0.068531626899898 -0.082231965083589
1735690839.605215311050415 3.227807882701461 12.509122002255809 40.406689784051146 -0.066997094619541 0.992170716489644 -0.062524744194793 -0.084848777341474
1735690839.705213546752930 3.228628985236018 12.494802001041435 40.326056943670025 -0.071007381303571 0.990597195221704 -0.062679019887980 -0.098724308481672
1735690839.805210113525391 3.233685692317821 12.484248097580060 40.275988904287146 -0.072896805517495 0.988241515807417 -0.056787186196482 -0.121819446985652
1735690839.905213832855225 3.244894440172734 12.456882585881051 40.217491326654269 -0.076520810850609 0.986177491068171 -0.068527172162749 -0.130009800756056
1735690840.005204439163208 3.244628874635519 12.436674009737740 40.165982173854864 -0.068522321580375 0.986138984548906 -0.061397395752596 -0.138075900840398
1735690840.105205535888672 3.247142577778614 12.419346847372582 40.111690819360987 -0.067804046013995 0.986586440108432 -0.067088720232145 -0.132472303354011
1735690840.205208778381348 3.243139748826728 12.402139524358773 40.051443317995073 -0.052071905547151 0.988087313303073 -0.067995123433625 -0.127861804818520
1735690840.305216312408447 3.229965321750056 12.391273662754580 39.989862042985457 -0.048333917295222 0.988801896227109 -0.069106353195871 -0.123121705659640
1735690840.405215024948120 3.213413088108856 12.364185224148217 39.909273089553857 -0.043255319860311 0.988430153120553 -0.081841348356109 -0.120153249665235
1735690840.505221843719482 3.193527188908614 12.342450300831585 39.865296451962088 -0.034806909520290 0.988407875094178 -0.083127933140424 -0.122180596795317
1735690840.605208158493042 3.177185071030900 12.314503749444604 39.807536948091979 -0.044560291727395 0.987625479945532 -0.093125378735846 -0.118059119083761
1735690840.705216169357300 3.165342104439636 12.294471631278412 39.743865418504114 -0.049468216887209 0.989102375050567 -0.081307865213912 -0.112331733012914
1735690840.805215597152710 3.156776030005846 12.283067765112072 39.694793633281037 -0.050640978284026 0.989888822867045 -0.075916316392227 -0.108592461003368
1735690840.905211210250854 3.147872348785223 12.271515320244760 39.632589426191110 -0.045300682618453 0.989020038086446 -0.075426216279796 -0.118735413064091
1735690841.005213975906372 3.140906059455459 12.258534362390263 39.564261467541527 -0.043646851536054 0.987036802650503 -0.075091733963138 -0.134961231673659
1735690841.105204343795776 3.136764588074368 12.241208301244960 39.504224437216365 -0.050677150027805 0.984540601983683 -0.076996963582535 -0.148939911070663
1735690841.205206871032715 3.132409746611359 12.214499276321309 39.424045545223692 -0.042460883797406 0.982379890549411 -0.081024933102305 -0.162977864162704
1735690841.305209875106812 3.132131018364134 12.197451258869604 39.384888009178368 -0.036450837642080 0.981567783393960 -0.072934262739038 -0.172848535883218
1735690841.405216455459595 3.123474698770185 12.176061928991885 39.328138886219378 -0.036469339026622 0.981800845414249 -0.070915149806542 -0.172360461773411
1735690841.505213499069214 3.109327507329618 12.162741070224646 39.274294328016062 -0.043866686381403 0.981488645961550 -0.069804846311069 -0.172867102439899
1735690841.605216264724731 3.086951544858334 12.148640241259322 39.210463442899623 -0.039796507263396 0.981538766261078 -0.073394352297859 -0.172078927783424
1735690841.705213308334351 3.065261960828982 12.130205413760864 39.154249733052808 -0.044642620895895 0.980308144159545 -0.086794281379782 -0.171667503080175
1735690841.805219411849976 3.039810116174355 12.103841286268278 39.093548012974189 -0.034045792938027 0.981804720015140 -0.077841405767862 -0.169826650697989
1735690841.905213832855225 3.018310672299499 12.075971202470869 39.045414962883804 -0.048000303469001 0.980545709526183 -0.088919878083689 -0.168283503880387
1735690842.005213022232056 2.997034742095271 12.055520351105228 38.993770695468612 -0.049209475347746 0.980506453006576 -0.083050528136208 -0.171137760078715
1735690842.105215549468994 2.979371308824074 12.032010312005088 38.933820586079086 -0.054066396951255 0.979467418833074 -0.090069758584873 -0.172069284747883
1735690842.205204963684082 2.971191171799971 12.025680535059941 38.888642265198513 -0.059907447255619 0.977854445374783 -0.088701116116450 -0.179844080869478
1735690842.305207490921021 2.956484539489228 12.009637087017957 38.828357760694544 -0.062169104344436 0.975657092209700 -0.088172871012090 -0.190928745094625
1735690842.405210256576538 2.950215701539252 11.992068030778977 38.769598493844747 -0.073360849422360 0.972979526035800 -0.093579884920716 -0.197918753091783
1735690842.505208730697632 2.941204090239697 11.966804186129494 38.708160785156657 -0.068452730567093 0.971899073062744 -0.078398746075754 -0.211139887447723
1735690842.605213642120361 2.937534724111970 11.938091572805781 38.656784077475628 -0.066094984340992 0.968463647036094 -0.106568213345365 -0.215297081538253
1735690842.705222129821777 2.927454624729702 11.917470723737589 38.589107467386341 -0.056539655501269 0.970083928500223 -0.088997807325842 -0.218677454970932
1735690842.805206060409546 2.925778080693852 11.904117877351567 38.547547566015055 -0.077051697765790 0.970852962156362 -0.084553441338034 -0.210614048205532
1735690842.905215024948120 2.906329767989693 11.895688790141975 38.481304257266252 -0.073298031846337 0.971691781716534 -0.083223622836644 -0.208605629056228
1735690843.005214929580688 2.891928983426266 11.881910208710977 38.421457806921545 -0.067416593064654 0.973055867915842 -0.082950795574506 -0.204294998489096
1735690843.105208873748779 2.870137146079319 11.863838276040513 38.347000780245025 -0.057242149441713 0.975472973115766 -0.069442356339357 -0.200881990715989
1735690843.205214738845825 2.862327348953265 11.841765876945042 38.291803843178549 -0.063212154210229 0.977843789600420 -0.072669096616898 -0.185862715725545
1735690843.305203914642334 2.847272207667970 11.831062434160167 38.221824163857491 -0.070967179048522 0.979935271465888 -0.048767366185989 -0.179756132663821
1735690843.405208587646484 2.844683983822743 11.814906710292913 38.162233393981268 -0.073302196030517 0.981855464229458 -0.055031378949354 -0.166006574420389
1735690843.505210399627686 2.834656344537393 11.797429924995809 38.081980067909107 -0.076295582190540 0.982466905984081 -0.056084395207049 -0.160599823781138
1735690843.605209112167358 2.842723152486193 11.780586770215569 38.022616098893117 -0.086598336011956 0.981380693739786 -0.066946195710670 -0.157831774477276
1735690843.705212831497192 2.842453471699118 11.751728093045720 37.958342792942624 -0.081918501649271 0.982585361496800 -0.072650632238710 -0.150124122295709
1735690843.805224180221558 2.851083169369027 11.727848308822770 37.907515427020265 -0.082345063415237 0.984168035854921 -0.071651024169233 -0.139637740128191
1735690843.905207872390747 2.845663326623416 11.700723636125543 37.848873051903361 -0.076279206798716 0.985996429578070 -0.075208902687106 -0.127812927460634
1735690844.005225896835327 2.847384921172617 11.687399906520506 37.790878809387642 -0.084025165403013 0.986983838758420 -0.075317391501274 -0.114586055635641
1735690844.105215311050415 2.837597048213933 11.676970162465977 37.722899645055392 -0.086602934227658 0.988696072610770 -0.077349396447941 -0.094852931722420
1735690844.205209016799927 2.833031959285682 11.671845489327138 37.653202327078574 -0.077938540740582 0.991292106855584 -0.067374990496735 -0.082013129489187
1735690844.305222511291504 2.812945307438290 11.649621712187223 37.569837311896627 -0.062887661236325 0.993518224999679 -0.057856628522874 -0.074961918289743
1735690844.405215978622437 2.814563571757840 11.626219284833567 37.518427163747852 -0.073343061763201 0.992852358293902 -0.069019256836259 -0.064041643539248
1735690844.505206584930420 2.810336518180339 11.597001405968520 37.455129098078132 -0.084716375594710 0.993008974831176 -0.067702363339961 -0.046612247414358
1735690844.605208873748779 2.819270501891888 11.582035111673644 37.398821112434945 -0.091432546069788 0.993253663305935 -0.064498702285534 -0.030449421209922
1735690844.705209255218506 2.822302580107994 11.570083929583728 37.336317941417043 -0.093513261197029 0.993744890038351 -0.056236037504892 -0.023745980474816
1735690844.805213928222656 2.832031293778240 11.556890324522119 37.275262955720414 -0.095981250895029 0.993181762720766 -0.063668167888074 -0.017998613093045
1735690844.905224323272705 2.837148368716321 11.541429710756466 37.207756928379595 -0.100321198062561 0.992035585305616 -0.071377424254196 -0.026576644134886
1735690845.005207300186157 2.846453979605207 11.525079827604571 37.145175687822395 -0.087173212696411 0.993898796837767 -0.049232941131885 -0.046283151795555
1735690845.105215787887573 2.850156784030381 11.499499111308786 37.084627897867719 -0.091088486866940 0.992140832685970 -0.066812150614816 -0.053810707184578
1735690845.205215215682983 2.853728034654179 11.482442596802198 37.024784391357969 -0.084359488142941 0.992738912121953 -0.053470159647986 -0.067036341982553
1735690845.305209398269653 2.846971659456604 11.467805976383605 36.959562518842660 -0.099555708628310 0.990688986405143 -0.059238121172066 -0.071518096276881
1735690845.405227184295654 2.837590343077099 11.458307320630809 36.889057865949006 -0.090910283061408 0.991275866907528 -0.052380925718919 -0.079772894777942
1735690845.505205154418945 2.825519133794687 11.437351466089819 36.807099761224627 -0.087788654990721 0.991045399854145 -0.061089657082207 -0.079938859639329
1735690845.605206727981567 2.820549401672069 11.405210225901669 36.747199469968059 -0.070931038402485 0.992698775108315 -0.056689701338515 -0.079399039362874
1735690845.705207824707031 2.819450963113353 11.370920032630625 36.681684172079457 -0.093283402253048 0.990122544656812 -0.076065141968064 -0.071900261500175
1735690845.805208921432495 2.822560222428571 11.343321966485899 36.619499688651601 -0.094188665545803 0.989964254761635 -0.082828891933850 -0.065104871076994
1735690845.905210733413696 2.833258175546215 11.326410827812365 36.555582559790466 -0.098704557766449 0.989685232564588 -0.083383393476898 -0.061868896967573
1735690846.005223035812378 2.850074231736892 11.309449062529801 36.489043078767750 -0.103216536494900 0.988100060235360 -0.093516987207670 -0.065262475132919
1735690846.105209112167358 2.873408245133214 11.294544837938359 36.428733808777579 -0.103366413100131 0.987076025663323 -0.096531885450455 -0.075351836705502
1735690846.205215692520142 2.900692392953973 11.276648741035675 36.374642751696548 -0.094852273003258 0.987627399387937 -0.100954054666197 -0.073508129691829
1735690846.305213212966919 2.915793449425808 11.256513134968895 36.318291587076267 -0.089197039074993 0.989487291047069 -0.083848923683070 -0.076994461318844
1735690846.405209779739380 2.935566416015786 11.246398848952404 36.271490602420812 -0.089689041156442 0.990298180801272 -0.076822093867164 -0.073237660339437
1735690846.505222320556641 2.935997446723232 11.235655091958629 36.213675320227267 -0.095501291924761 0.990383735588342 -0.075757441443150 -0.065424533538814
1735690846.605207204818726 2.932592950996625 11.219727661051056 36.146674254540635 -0.093531764790264 0.990411370891485 -0.082317123575660 -0.059674253663519
1735690846.705207824707031 2.933748351432979 11.203191585560512 36.086740167168493 -0.082888848604703 0.990841775886619 -0.092211118315762 -0.053470773267210
1735690846.805209636688232 2.929885062306222 11.179038801285817 36.023617014364483 -0.074919005346591 0.992178759206280 -0.089052057598854 -0.045146245194652
1735690846.905218601226807 2.927981449755116 11.147945415657475 35.962646052983196 -0.082200832267408 0.990828915963169 -0.101842433548686 -0.033603589014850
1735690847.005213737487793 2.930397529189428 11.129659257787329 35.904955240737522 -0.095760995293175 0.990973573303420 -0.090934553495433 -0.023067634800703
1735690847.105220556259155 2.931763230528413 11.116884304573796 35.846872847774698 -0.094930519333195 0.991735067439132 -0.084818965828570 -0.015984228051485
1735690847.205207109451294 2.938679824388006 11.107592562071972 35.776418219701775 -0.098428449913917 0.991872062284556 -0.079015384570128 -0.016069265949622
1735690847.305214166641235 2.948841726444747 11.095498829605342 35.713375308291255 -0.103195372028458 0.990981920347050 -0.082172217263290 -0.023521807907061
1735690847.405214309692383 2.960271095956219 11.082035427432675 35.643493817436010 -0.098964193845157 0.991157057548084 -0.080738440210585 -0.035987218308234
1735690847.505209684371948 2.967899662938004 11.049969202301719 35.580292569257232 -0.090406566323573 0.991322143896786 -0.084512036513210 -0.044325787864985
1735690847.605222940444946 2.979193518165436 11.029510124059197 35.521701844263333 -0.083146551693490 0.991037130960389 -0.089916289184036 -0.053358382084312
1735690847.705207109451294 2.979985343583297 11.009419054973662 35.461902089544544 -0.086753722664715 0.990735822216267 -0.089621156632484 -0.053706335428215
1735690847.805205345153809 2.972110731569046 10.990768400312987 35.395796424148813 -0.090234779105224 0.990315761444646 -0.093279474329517 -0.049308386132100
1735690847.905208826065063 2.965824736116277 10.974307300441705 35.330415230585146 -0.084455546748015 0.990292915896106 -0.100475785584485 -0.045736395361483
1735690848.005208492279053 2.951691530880905 10.952926955402155 35.264697324284533 -0.079491153150020 0.991178589846684 -0.094603511183304 -0.047920092573047
1735690848.105211257934570 2.935701160533201 10.916211123672714 35.193766128879211 -0.081957798398544 0.990200040848374 -0.106999057477392 -0.036578683471272
1735690848.205220699310303 2.931021632401410 10.892491864132058 35.143258433502609 -0.090878400218293 0.990041927074854 -0.102356619282374 -0.032881932679762
1735690848.305208683013916 2.924228616412767 10.869384451919043 35.083755724427093 -0.086051942480315 0.989956575439229 -0.107286438142936 -0.032720973863889
1735690848.405214548110962 2.921099201330834 10.855026689855077 35.019659408621884 -0.085560423726349 0.989364045887099 -0.110683099705510 -0.039842816633085
1735690848.505213975906372 2.922223710401008 10.842424258339108 34.951601230753873 -0.087755126792174 0.988348262204162 -0.109854429757140 -0.058298838602803
1735690848.605211734771729 2.923209439282443 10.828843413134297 34.884888795880379 -0.091427133910869 0.986755602505653 -0.111535963268925 -0.074257585513013
1735690848.705213546752930 2.928779409685211 10.805123923302487 34.823688084652574 -0.086036247421468 0.986646042804130 -0.103760697582464 -0.091438875680883
1735690848.805205345153809 2.928929019012624 10.778902748991054 34.767622575051043 -0.085287339163216 0.985749629031572 -0.099514818626835 -0.105453968707894
1735690848.905205965042114 2.932574416742659 10.759867292202626 34.718942035262472 -0.086891205083923 0.984546267609341 -0.108059457573831 -0.106965971432175
1735690849.005209684371948 2.930539499563733 10.747002892976143 34.660921926658816 -0.090781796887316 0.984924649533597 -0.102258417225458 -0.105949592739070
1735690849.105219125747681 2.925920529268455 10.733836153165937 34.596843386021170 -0.089547323919974 0.984854713255050 -0.109030502093768 -0.100771127666939
1735690849.205214977264404 2.917026779297820 10.718868218113126 34.530025327308714 -0.075490127281318 0.985597244516561 -0.113848678191200 -0.099688468533378
1735690849.305227041244507 2.903470779686075 10.692350780519762 34.456153653351116 -0.065422203981533 0.986728942756846 -0.111505167722913 -0.098247271327201
1735690849.405209064483643 2.897318879277603 10.665877809949947 34.399654206301989 -0.070318520120076 0.985357644532090 -0.127982924791016 -0.088011300707530
1735690849.505215644836426 2.889124215150927 10.644167585771603 34.340983645876214 -0.082591587695925 0.986012514597753 -0.120651415576646 -0.080007416017730
1735690849.605220556259155 2.884504739121681 10.627339677105677 34.284842735562371 -0.076886019661016 0.987445918990838 -0.116131682765171 -0.074515295793244
1735690849.705209732055664 2.882269445264363 10.614924513779666 34.227885838246273 -0.075256303561636 0.987828457058355 -0.114800839106943 -0.073158701056613
1735690849.805221796035767 2.881508340039686 10.602387302947312 34.165308838879099 -0.076926748773091 0.987405420687178 -0.113715085793795 -0.078623722779377
1735690849.905205965042114 2.881183976354928 10.587341026496482 34.101906924773630 -0.088818986585534 0.985401703922614 -0.119012227655997 -0.083251181353094
1735690850.005209445953369 2.884336715780111 10.562498264494639 34.035830365236592 -0.083356076600769 0.984603960520203 -0.115153981511558 -0.101717087864789
1735690850.105207204818726 2.881088004621921 10.540037725813926 33.980811779337003 -0.080294535987467 0.983105975888458 -0.126142615527899 -0.105562626960212
1735690850.205210924148560 2.881184977701924 10.522368460619884 33.927706175104092 -0.080684590241472 0.984048236653870 -0.116267193663934 -0.107800763046875
1735690850.305212736129761 2.878833713238874 10.504396814341119 33.875107839597881 -0.079288441249162 0.984151786479872 -0.115954500053097 -0.108227344835723
1735690850.405230998992920 2.875932782222563 10.492810874494719 33.816818502994259 -0.077885422226552 0.985579514072115 -0.114660413027186 -0.097056025729473
1735690850.505206108093262 2.869784125807614 10.471769837132090 33.752068298291420 -0.076441790092292 0.986534240268396 -0.119891093843820 -0.080826797056898
1735690850.605209589004517 2.873922650492907 10.456640301814987 33.699828206777092 -0.075274197466958 0.987447163054478 -0.125188376416914 -0.060081326395689
1735690850.705214738845825 2.878984589384559 10.427978346589255 33.643689914202007 -0.084170333289530 0.987771212448013 -0.126405758895833 -0.035284146169072
1735690850.805208444595337 2.889327925338042 10.412411775701477 33.592672926981052 -0.108059571415711 0.985231756718482 -0.131824555573320 -0.016241955755476
1735690850.905212879180908 2.898001354837435 10.394017423530036 33.544886854887658 -0.100480731607074 0.986936928788863 -0.125899882506113 -0.002888036263847
1735690851.005205869674683 2.924253974784947 10.391614009883321 33.500755586435609 -0.103684019532438 0.987103134030062 -0.121422624716734 0.011557382425386
1735690851.105209350585938 2.956502677418133 10.385064035061177 33.459470016445160 -0.115607227790610 0.985664590350521 -0.120028881043323 0.026331576618137
1735690851.205208063125610 2.999647319458775 10.381755655750977 33.416003501631955 -0.125038847697988 0.983915797592619 -0.122625943359041 0.035183345908885
1735690851.305208206176758 3.050518030548038 10.373548950819908 33.372878707385439 -0.118451165139282 0.985183687012468 -0.117258030472561 0.040410130058704
1735690851.405211448669434 3.108469287410509 10.359204740356358 33.332148969186072 -0.124976399739616 0.982597811329950 -0.123907022093239 0.059409515683111
1735690851.505235195159912 3.165437894828211 10.349776545987824 33.301674738644714 -0.116429537079932 0.980939243122525 -0.135376679864260 0.076651932438072
1735690851.605214834213257 3.220478153952961 10.339394620249607 33.271874117179792 -0.103883803447384 0.982599522815870 -0.121514834080035 0.094554102194625
1735690851.705210924148560 3.271072664949358 10.335806960413297 33.242920831245918 -0.111694468933782 0.979492181037164 -0.120786563495544 0.116318609756122
1735690851.805217027664185 3.325831021665884 10.334869112409411 33.216448398598970 -0.106986912254243 0.974498081277899 -0.125027390337010 0.152562911146563
1735690851.905209541320801 3.381396489142755 10.332347782974198 33.199881107083719 -0.127727085388924 0.964695199370127 -0.132719575830640 0.188240479604191
1735690852.005229473114014 3.432884602810663 10.331502431206848 33.186046683208673 -0.130456389571638 0.963201067135532 -0.116051115526499 0.204345230612217
1735690852.105209589004517 3.498450900074688 10.335810391543280 33.183936856521647 -0.135980952777737 0.957736502561390 -0.128815032995317 0.218304052682379
1735690852.205211162567139 3.559822572485676 10.342286316522157 33.182976195220377 -0.140037343520001 0.957322172569606 -0.134062869042298 0.214361721094554
1735690852.305209159851074 3.630851737259341 10.352054029731613 33.189219283314735 -0.142418856691819 0.955605347781587 -0.148454706667229 0.210941908159984
1735690852.405209541320801 3.712690040358540 10.366434128399101 33.201966074193543 -0.135004857703887 0.958329911370787 -0.131300756625284 0.214796603041206
1735690852.505213737487793 3.785852868366320 10.374261667468218 33.214901740056888 -0.141107572162669 0.956107050272367 -0.123571644991861 0.225117769293843
1735690852.605213880538940 3.854112151993456 10.380796552412331 33.227535706277308 -0.145559206249011 0.950610096272596 -0.126640670577260 0.243135976146077
1735690852.705217838287354 3.912748212463796 10.384666818409958 33.232731455663554 -0.150114439835548 0.945908948411940 -0.130105070284952 0.256504555423923
1735690852.805210351943970 3.973663589071203 10.395768258315439 33.238262636794950 -0.155574932478424 0.941321727519532 -0.132896304157391 0.268418363800399
1735690852.905222892761230 4.035582350260834 10.405605058669410 33.237130984132122 -0.157702088077989 0.938062472106678 -0.134286634330678 0.277733594801004
1735690853.005210399627686 4.104599137895491 10.413899075518849 33.235101311095207 -0.148535314184847 0.936647927756347 -0.133027806154750 0.287978337135633
1735690853.105213403701782 4.177597436950788 10.421134668428989 33.236579328962733 -0.147304836559492 0.935595981644401 -0.124583390284207 0.295703268704158
1735690853.205208778381348 4.245402798369589 10.421879434975628 33.238027823420232 -0.143478360156395 0.932180274738752 -0.121365858438795 0.309393315959204
1735690853.305205583572388 4.307979671772309 10.425253307105390 33.242661442314230 -0.147065486760023 0.926932174529543 -0.114069854347394 0.325816750267900
1735690853.405209302902222 4.367467929466841 10.426218341644670 33.245688257589748 -0.143915093717223 0.923555189545730 -0.116750443879736 0.335713555754603
1735690853.505209684371948 4.431093414481763 10.434671354917267 33.249741500216437 -0.133440835636213 0.926524458060844 -0.118862299479349 0.331085677374074
1735690853.605212211608887 4.497874517855450 10.446842675331997 33.249532101251077 -0.135835107268997 0.929398766366863 -0.123265382548606 0.320269265110031
1735690853.705223321914673 4.565191256172472 10.456495936723234 33.252173881020447 -0.133861838831867 0.936091070532934 -0.128482561091619 0.298842345172826
1735690853.805206298828125 4.635207914430545 10.460714393696719 33.252786275680968 -0.117630339052344 0.947045909697740 -0.116240632462161 0.275236741050332
1735690853.905207633972168 4.699248053998078 10.463721908956048 33.257372302487887 -0.128705287761795 0.949536003921457 -0.117673692763236 0.260709087280225
1735690854.005215406417847 4.757882209576465 10.466236508265144 33.252069870490914 -0.119472091201020 0.954497508091334 -0.113307925764181 0.248640785935267
1735690854.105209112167358 4.821753173999298 10.469629081780909 33.248724725016771 -0.129231375239394 0.954247011344000 -0.119660240672636 0.241647097638158
1735690854.205225944519043 4.886782509498494 10.480292053870871 33.236720015283467 -0.134804879182851 0.954265961594550 -0.119617878266697 0.238528158273817
1735690854.305205583572388 4.950732524101607 10.481043595811331 33.219350012731937 -0.123519359765302 0.959816586529825 -0.121406212129154 0.220806747274299
1735690854.405207872390747 5.015251126636450 10.475401145699776 33.199545539433778 -0.100383516270126 0.967957766923830 -0.111434175746671 0.201403415037425
1735690854.505207061767578 5.083689463635693 10.468022162793481 33.189688230018540 -0.103513631306649 0.967872606122777 -0.117861779964029 0.196509916478852
1735690854.605208158493042 5.152012625702242 10.466539345299410 33.181973315934215 -0.111805762162165 0.966179494695342 -0.117368654918523 0.200552373259975
1735690854.705224275588989 5.223231213434989 10.470773232326311 33.176222440749314 -0.116728329521750 0.965346512124053 -0.128655594164375 0.194752013358524
1735690854.805222749710083 5.297496518897565 10.479972331298894 33.166437040636112 -0.107896595873910 0.968537154317224 -0.135640022101421 0.178594204021972
1735690854.905207395553589 5.370050203027812 10.480306885175388 33.156519865485301 -0.098249527346267 0.973125063398748 -0.143828772865370 0.150625115626380
1735690855.005209684371948 5.434643498274145 10.485246036154113 33.145441119625701 -0.076604192448349 0.977454810095367 -0.141337422978432 0.136885444027413
1735690855.105216264724731 5.487001804683583 10.486409316082172 33.135013103294483 -0.083850960045079 0.980669994577019 -0.123457189936568 0.126545250755586
1735690855.205208301544189 5.559396908750919 10.479378889351105 33.128957660620344 -0.089145773028778 0.981526527448722 -0.121429208485651 0.117956154532532
1735690855.305214405059814 5.611094838749785 10.483357215139405 33.098763592632537 -0.087044197743371 0.979342966835618 -0.137293073036363 0.120255033346027
1735690855.405213356018066 5.669666017126245 10.481928356137249 33.067528495882392 -0.094709304451154 0.977392791360058 -0.143899291752793 0.122582514580249
1735690855.505206823348999 5.729176242025590 10.477953955444011 33.028598047333297 -0.097483096553669 0.978995174463593 -0.136227411895809 0.116222142948223
1735690855.605216741561890 5.793309621100441 10.456833419683283 33.002013779597689 -0.093660803466685 0.978008189206293 -0.146343037242449 0.115374829100888
1735690855.705207824707031 5.854735974456093 10.444687308081271 32.967420568144220 -0.104320892815626 0.976118279713173 -0.148200843175297 0.119777983845433
1735690855.805210590362549 5.914317201925924 10.437697818572703 32.928680936114091 -0.103717006934172 0.976133323679590 -0.152336717918347 0.114891432442634
1735690855.905212640762329 5.983250972321137 10.434034594855010 32.894726990941010 -0.103624608320143 0.976471440035771 -0.160694290991895 0.099713650959018
1735690856.005227327346802 6.038494522233051 10.437325884584137 32.853188876356036 -0.103105582782794 0.977224467221314 -0.168318512325767 0.077913143124123
1735690856.105208396911621 6.104109617911060 10.431884024459379 32.818724397411948 -0.095655304224820 0.981114729095914 -0.161553492082226 0.046523330929196
1735690856.205216884613037 6.166171859098246 10.433325564399720 32.774777771338165 -0.091758541865383 0.985179821201240 -0.142581351214237 0.025916176001753
1735690856.305208921432495 6.216457090109095 10.424541841110756 32.745371450649067 -0.097827795973978 0.987335846593703 -0.123691510129713 0.017264376264467
1735690856.405222415924072 6.257360082201391 10.418741978283185 32.700568505871608 -0.098716707441806 0.985310241871496 -0.139082891180950 0.008642240203270
1735690856.505205154418945 6.298276017381864 10.415186776963999 32.646836642894726 -0.087667798432525 0.986665529762056 -0.137108504672117 -0.002597584249235
1735690856.605210542678833 6.340992824788607 10.405379309122770 32.596616447836304 -0.067123780512483 0.988226686948629 -0.136933940150657 -0.012308912505383
1735690856.705217123031616 6.377517657590166 10.398537025683344 32.546324147420563 -0.066383063556543 0.989176388653110 -0.128398750272660 -0.025241274382624
1735690856.805207490921021 6.420921009602747 10.378441645670328 32.504959901227672 -0.072707930670594 0.989311605027705 -0.121283920397890 -0.035585328831198
1735690856.905207395553589 6.450524446681771 10.368806481627036 32.455394974077798 -0.081330166392746 0.986215397809071 -0.138232849423915 -0.040697327909450
1735690857.005212306976318 6.482768694430867 10.350596940775413 32.416719002348394 -0.077381660865592 0.984944041191271 -0.143333331475118 -0.057903975439815
1735690857.105236053466797 6.516397043169408 10.343047115433485 32.370861927452509 -0.075826955505571 0.982223983195754 -0.150473206385874 -0.082729280268706
1735690857.205209732055664 6.564712316045854 10.328701067716329 32.326863869103889 -0.071584531965453 0.979088140436310 -0.156751486695715 -0.108125110214692
1735690857.305224657058716 6.597370703414486 10.320299165776714 32.277589465468289 -0.058313346934189 0.979441012474284 -0.139691272188133 -0.133346185274058
1735690857.405208587646484 6.644321671173535 10.307960635897777 32.233385338031411 -0.062612835639617 0.975534131109030 -0.139659291488532 -0.157822920247467
1735690857.505214452743530 6.673694985909592 10.299049031160658 32.189073089643095 -0.052432472284713 0.976522052398228 -0.119072393945641 -0.171689493068503
1735690857.605205297470093 6.707425537702720 10.285740647606046 32.140631629413576 -0.068461242067029 0.972840749078778 -0.119423070075459 -0.186096925284201
1735690857.705209493637085 6.722337874786722 10.277098993806524 32.086988714826333 -0.072958510639231 0.969848771759979 -0.119662390039871 -0.199377350897518
1735690857.805207490921021 6.746075470752551 10.265153135294829 32.027825142540408 -0.067697773789637 0.966502289471754 -0.122515023768879 -0.215128809834240
1735690857.905209541320801 6.753545064271096 10.251249831590044 31.954986858073404 -0.053802177770573 0.964277652907626 -0.120759521089302 -0.229545358995529
1735690858.005210876464844 6.774184984972120 10.223909538693515 31.903951723686610 -0.049794196185704 0.961397165099198 -0.125805053240264 -0.239601998206732
1735690858.105212688446045 6.787577989104168 10.205086400546719 31.849082994869409 -0.053404104456830 0.961444828620302 -0.120391544180458 -0.241407786196483
1735690858.205214738845825 6.809769648275093 10.186150949762801 31.795728408093812 -0.049801409572609 0.957857079721067 -0.126036357562180 -0.253267587751115
1735690858.305209636688232 6.812231614104582 10.176675089725151 31.736832876928528 -0.051160625309536 0.949840036678768 -0.136057309003816 -0.276902336224622
1735690858.405230045318604 6.823890450549914 10.165152302690620 31.676541738578134 -0.044371048819464 0.939052345155810 -0.135004744674438 -0.313026551588559
1735690858.505208730697632 6.840307829055931 10.149184365644469 31.615339631440047 -0.034857895151789 0.927250398339935 -0.134532967440852 -0.347695997382165
1735690858.605213880538940 6.842678242407112 10.130161482275588 31.557773809675147 -0.025478304742639 0.920842031341396 -0.123990513695271 -0.368818602860643
1735690858.705204963684082 6.856430139562264 10.111958173505005 31.498544317548060 -0.022126237970800 0.916889887708116 -0.112099563344375 -0.382435682579251
1735690858.805209875106812 6.848141494696375 10.098601578614140 31.447025572891601 -0.035959079446381 0.913747469750024 -0.108274049187657 -0.389934913034606
1735690858.905208349227905 6.843093318797301 10.083702748942098 31.388216675666172 -0.036435219045828 0.907414229332736 -0.109464235807442 -0.404090920829277
1735690859.005205154418945 6.811722516131345 10.068780782684025 31.337894771014238 -0.023662969519584 0.904060846637170 -0.120515472498646 -0.409377662238216
1735690859.105208873748779 6.795650943797533 10.053124629553221 31.279257043905943 -0.013041153939154 0.905691168336246 -0.101419059182399 -0.411421450991826
1735690859.205212831497192 6.774083703710406 10.032539464251325 31.229283838213195 -0.024789056983829 0.910259487994607 -0.105127209768368 -0.399701684930107
1735690859.305232524871826 6.765329231219788 10.012616075734956 31.169716327538350 -0.022484963938984 0.917934095995991 -0.094886271333369 -0.384562111130485
1735690859.405209541320801 6.749840949622389 9.997461370952072 31.112964321986816 -0.050727449837412 0.925617309044966 -0.100928279217554 -0.361210195708166
1735690859.505214929580688 6.741482439235803 9.984736849032775 31.046778794058248 -0.061679752993361 0.927776921315805 -0.105196037650673 -0.352646261864553
1735690859.605208635330200 6.721885306357741 9.967951677002404 30.983331888388680 -0.056657580974311 0.926189867455030 -0.104010759404488 -0.357972079735103
1735690859.705214738845825 6.704051949696766 9.946620689613056 30.931936282375549 -0.041717090860742 0.928824024777572 -0.090284804219978 -0.356923338341820
1735690859.805213451385498 6.689822166788908 9.927636627734454 30.882076219086688 -0.061426866500124 0.929044503523776 -0.079363518127094 -0.356096170345494
1735690859.905206441879272 6.655532395655188 9.913283301704340 30.834730165970523 -0.067410056813897 0.930037430293656 -0.073742610648005 -0.353621676185069
1735690860.005209684371948 6.626177388347213 9.898082806979142 30.785022482666776 -0.071591383576290 0.932574102347385 -0.082326513442078 -0.344096734383041
1735690860.105205059051514 6.597617074251314 9.882838150525084 30.733520330640395 -0.077782253275316 0.931729091525108 -0.086743064311269 -0.343957063999422
1735690860.205212116241455 6.575366212556758 9.866209726877690 30.682061425632401 -0.068433302902260 0.933659172346764 -0.098182560802900 -0.337576091719821
1735690860.305211544036865 6.560089387024423 9.851362613398095 30.635455896900698 -0.039320954015329 0.934461836272247 -0.094198840594392 -0.341118040503133
1735690860.405220746994019 6.544377002133684 9.836045972682616 30.579211535799168 -0.038829563620289 0.932454330906311 -0.101316606605893 -0.344610114461240
1735690860.505208253860474 6.536286935034308 9.826474250159769 30.518580618702799 -0.039412326618532 0.926768968472427 -0.114453185438900 -0.355593048202516
1735690860.605214118957520 6.524342098568190 9.809009430743261 30.447568543924319 -0.029030113851327 0.919654300527591 -0.114916244174985 -0.374416181321802
1735690860.705208301544189 6.519252176919007 9.787829856596353 30.377305818965255 -0.013109932315907 0.909864066098174 -0.104784283288485 -0.401242775478498
1735690860.805216073989868 6.506169246682357 9.756094712650778 30.313780574857091 -0.006672671191064 0.905129403085153 -0.105142815423352 -0.411875257201427
1735690860.905205488204956 6.496741157017224 9.730802300522216 30.254443921882544 -0.013866343518384 0.908333990502334 -0.107017183827611 -0.404084655216136
1735690861.005205869674683 6.492627037845256 9.713076149176164 30.195770732781064 -0.029052180092366 0.910777802139001 -0.105616048952556 -0.398101766093022
1735690861.105206966400146 6.471597299231123 9.700098149005731 30.132103036673772 -0.027075698016138 0.914160339270813 -0.106700684047313 -0.390118885347848
1735690861.205206394195557 6.450964812568561 9.683513013449582 30.065107268522333 -0.024469762296060 0.917167515490116 -0.120767564457417 -0.378972524911617
1735690861.305211305618286 6.419091812985234 9.657655855699559 29.994860230262233 -0.016453722233843 0.919392028758759 -0.113195814467659 -0.376343300812580
1735690861.405213356018066 6.398687177460285 9.624624328591036 29.931806843348625 -0.027816653525159 0.920161559223356 -0.131926792788864 -0.367592519046222
1735690861.505220651626587 6.373551894588688 9.593068923386191 29.874509640751484 -0.032600743998756 0.924651359084091 -0.125504649327628 -0.358058149791092
1735690861.605209350585938 6.355977472599092 9.571134495816054 29.819330697900973 -0.041140958875531 0.923145177667106 -0.135458542525696 -0.357437247233109
1735690861.705216646194458 6.341692742451733 9.556360400594240 29.758503235235057 -0.040807022713231 0.920464252351129 -0.134530471799718 -0.364666833148154
1735690861.805207967758179 6.333839155292686 9.546644900439475 29.687840330102439 -0.041338558188401 0.917963902981357 -0.121691121555457 -0.375266128720290
1735690861.905214786529541 6.325130990169932 9.530792306757364 29.622745666797233 -0.048177787303015 0.909414752585925 -0.109797304147457 -0.398231415877272
1735690862.005204200744629 6.318485182662378 9.510309978715412 29.563406023042880 -0.018805184479717 0.902549161039683 -0.105356417118218 -0.417074816208389
1735690862.105206489562988 6.313198570125120 9.492461276624157 29.509063507202505 -0.014277661308802 0.903004733429511 -0.093556638897886 -0.419077266276255
1735690862.205213069915771 6.303696455260629 9.469114444454585 29.457263470937569 -0.027226247050831 0.906718721114541 -0.100921676579453 -0.408576440153284
1735690862.305169105529785 6.291812287899042 9.452174691878886 29.396967157844450 -0.049267905926500 0.913185459246488 -0.104770431904048 -0.390753307170955
1735690862.405104160308838 6.261872736051355 9.427506667833779 29.336457106546217 -0.045658119946556 0.917492373193087 -0.125797153583468 -0.374563956308879
1735690862.505027770996094 6.235294374641310 9.407701673288031 29.274559460620562 -0.060377785943999 0.920786224870343 -0.143830661658232 -0.357519218812749
1735690862.604958534240723 6.195487727883021 9.377928812727701 29.210126611739057 -0.048034865413330 0.925536236871189 -0.138594451365329 -0.349094405560710
1735690862.704829216003418 6.171001163682135 9.353255252737867 29.151536616223460 -0.049840870808197 0.929230392279255 -0.140187928603984 -0.338221983814399
1735690862.804719448089600 6.129669359087336 9.330711526042439 29.088265253750759 -0.041860520931953 0.933435807072281 -0.134041195830693 -0.330118537320918
1735690862.904600620269775 6.094881025382007 9.311382951738226 29.026995791959965 -0.042351155562950 0.934463164278694 -0.136618699854641 -0.326067945494129
1735690863.004500389099121 6.080378461016547 9.294808936645012 28.954933821854702 -0.048569558214093 0.933821451291224 -0.139498246234224 -0.325820095176487
1735690863.104375839233398 6.044020195579852 9.268667844743584 28.889275992388136 -0.063906412843379 0.930561331528921 -0.143114149450919 -0.330892609297266
1735690863.204275131225586 6.026437364815042 9.251677596822264 28.816709398943022 -0.049811523533630 0.926636324438602 -0.133553185161774 -0.347890041661617
1735690863.304170131683350 5.990530332783936 9.231033510680319 28.754036180020606 -0.038891618801310 0.924342554398236 -0.113463583729748 -0.362221340181333
1735690863.404066085815430 5.962735312140626 9.209847959256948 28.701224541977798 -0.043063029823888 0.923099922132334 -0.117377184823415 -0.363668400750732
1735690863.503975391387939 5.926285375852117 9.196062060064090 28.639740525243052 -0.047785188362847 0.920726882064940 -0.112674049530431 -0.370517399022659
1735690863.603892803192139 5.878986297282011 9.182748165820872 28.574682242286777 -0.040896005135048 0.920727281670262 -0.112356701219087 -0.371436079619696
1735690863.703877925872803 5.830310453972150 9.165523247690748 28.512021709837096 -0.048533708950508 0.920927257451618 -0.120292893231313 -0.367514741767170
1735690863.803858757019043 5.789907665343822 9.139994054174078 28.456606637953758 -0.032524927618234 0.923533362567870 -0.119785196165715 -0.362877064702431
1735690863.903868198394775 5.744882222140022 9.114844214151690 28.393889251314338 -0.029439195101813 0.925274506701107 -0.103208677228551 -0.363797182487046
1735690864.003859519958496 5.710565798762406 9.091169306105236 28.336905740624381 -0.031860002581014 0.925530914747314 -0.101871014294245 -0.363317715683119
1735690864.103863239288330 5.677687972133562 9.074903895778620 28.278048057317502 -0.040195936419195 0.920233719065577 -0.101600450654946 -0.375807846401366
1735690864.203856229782104 5.642067358614591 9.060700910381920 28.209744383194018 -0.038172725217359 0.910891938067406 -0.094256173579602 -0.399918109061614
1735690864.303858518600464 5.616797810352725 9.037944790902493 28.140818416867955 -0.036008942872978 0.901480110186043 -0.100593213446697 -0.419425765041441
1735690864.403871297836304 5.593225273923737 9.006878165898128 28.066357435046879 -0.018299118748061 0.896466942441932 -0.093792081960866 -0.432683728285804
1735690864.503858566284180 5.577424154505451 8.971711150778361 27.996893514254328 -0.021119542019955 0.894176752234032 -0.099361267055458 -0.436038116818015
1735690864.603859424591064 5.563034954025989 8.941628762317180 27.927583156321454 -0.025574602821113 0.898534965478386 -0.105909272053580 -0.425163593921656
1735690864.703861236572266 5.551501044922031 8.918753175911739 27.855954612611455 -0.040971067341850 0.904016000453926 -0.108821502782565 -0.411380995059690
1735690864.803843498229980 5.529154230665913 8.896015430178959 27.778659001369086 -0.048862765877513 0.908596529318036 -0.116421509465942 -0.398134159744791
1735690864.903796195983887 5.505983170359563 8.877485117439225 27.702197558839199 -0.033205389715277 0.909378581572936 -0.129728793230044 -0.393825389833271
1735690865.003769636154175 5.482826492028788 8.851650121594547 27.629561893471948 -0.013345281216204 0.914157942636865 -0.118855962394444 -0.387311786015459
1735690865.103693962097168 5.478077099819597 8.833506442810702 27.546815299902320 -0.027472326345803 0.924388211366496 -0.107142657695303 -0.365064592741870
1735690865.203624725341797 5.469367019596770 8.800206608778309 27.486916511730168 -0.028771234719387 0.930268360355301 -0.107968078100595 -0.349450837580690
1735690865.303554058074951 5.460769127990603 8.782601721069062 27.408217287660570 -0.024977768185751 0.929744700438544 -0.115153456526118 -0.348841775813890
1735690865.403493881225586 5.450584861118102 8.763818385149536 27.340776256805619 -0.034866172542661 0.925571286688792 -0.131132989611988 -0.353420828906421
1735690865.503433227539062 5.442653404051902 8.702955267409830 27.277889192076852 -0.036869949257508 0.919986489194931 -0.135601152077323 -0.365893145734977
1735690865.603324651718140 5.433416486545233 8.694451250647420 27.201371071645543 -0.025567686464491 0.915549777029478 -0.126570373546170 -0.380913165604065
1735690865.703233242034912 5.432590918395718 8.691416279794874 27.129602328149506 -0.032583408985238 0.909707637178326 -0.131207490184549 -0.392625687949477
1735690865.803144693374634 5.415824757083785 8.651095798244553 27.076524816051489 -0.019102867198015 0.909138177762971 -0.122438243236766 -0.397632658105109
1735690865.903058290481567 5.398813922451153 8.640253142952519 27.008310276972356 -0.026384069103965 0.905000888315030 -0.123911058934301 -0.406107525810965
1735690866.002953290939331 5.377955511332647 8.640116102713259 26.945594812273569 -0.030944729300185 0.901951857400578 -0.126064630666949 -0.411865244412528
1735690866.102874755859375 5.348198814785586 8.614093425866121 26.880163818907953 -0.028503328814662 0.899759119295925 -0.123258385918666 -0.417646330991940
1735690866.202774763107300 5.319005618144240 8.595349491814437 26.807802566201890 -0.009950950289002 0.898297892538297 -0.119475468574925 -0.422714427549383
1735690866.302717685699463 5.301386998735706 8.542147262297904 26.737859687493511 -0.033691427859203 0.898464007668538 -0.133403183473719 -0.416930336209871
1735690866.402660369873047 5.283694986424095 8.538295313299384 26.665085800328484 -0.039172579176657 0.905704545858383 -0.116912714940402 -0.405581313348352
1735690866.502596378326416 5.258919603257151 8.508574321522840 26.587278136461400 -0.055354346085172 0.907586311299304 -0.124881818902410 -0.397023318231098
1735690866.602566480636597 5.233662317145474 8.491562994431359 26.510799285750672 -0.053642364436520 0.902066542501595 -0.128754134652385 -0.408437048327882
1735690866.702543020248413 5.211684101099994 8.476779996662483 26.440861479345994 -0.047971486952417 0.889579903712434 -0.134026239897645 -0.434031448594972
1735690866.802515268325806 5.189813138900305 8.451962151743340 26.377959297323429 -0.019971784777318 0.882096185886164 -0.119339100519343 -0.455264347105201
1735690866.902520895004272 5.168543720386960 8.438147536904246 26.325198675490597 -0.022185451030068 0.872850640633896 -0.109325277576911 -0.475065836058878
1735690867.002525568008423 5.141379872727398 8.424125269003406 26.277064295098864 -0.004809709970764 0.864415524773497 -0.096768116042795 -0.493354435409356
1735690867.102516174316406 5.109442931859720 8.406796996716821 26.235619277550096 -0.014260961671646 0.857458038009652 -0.106284252382620 -0.503255398103494
1735690867.202529907226562 5.070950135095700 8.394777492911384 26.186913863053800 -0.013114154767151 0.851927883080887 -0.108471883219760 -0.512133528998855
1735690867.302518606185913 5.019752516551609 8.382219811444314 26.138602139568231 -0.005977308974124 0.845788891324662 -0.115213502193094 -0.520894684174861
1735690867.402520179748535 4.971780266334935 8.362246491069723 26.082371824425966 0.018394760142288 0.839180492919829 -0.108008524112150 -0.532702442101832
1735690867.502518653869629 4.918385287043406 8.336351291806203 26.029789271076218 -0.001853132519195 0.842158447732325 -0.101020214554249 -0.529679743868275
1735690867.602514982223511 4.865371937974942 8.318329545398994 25.980796575265597 0.001757659584912 0.843667853840646 -0.091200685000752 -0.529059446644793
1735690867.702519178390503 4.814991195339701 8.300441745699146 25.925618792683501 0.002064478638188 0.837202222101450 -0.096330800428403 -0.538338698335138
1735690867.802511930465698 4.758442103946020 8.289170574411743 25.872408089540478 -0.003426806571160 0.828236572505492 -0.103143851115076 -0.550793775326329
1735690867.902516841888428 4.702704476306707 8.271106437391451 25.821035035256379 0.010866895917437 0.816793086043022 -0.104891369053256 -0.567211394335102
1735690868.002520322799683 4.645119638820357 8.246091969852392 25.778227268562567 0.026410059212803 0.802202630568854 -0.109299750044261 -0.586367643139566
1735690868.102533578872681 4.597212309301078 8.217673933141951 25.738693174523029 0.015960681021963 0.788696947021348 -0.100109188625176 -0.606366665288693
1735690868.202517032623291 4.535778691258789 8.207074077837685 25.713676036896228 0.018181331727844 0.778410292163312 -0.097998622884594 -0.619792809044726
1735690868.302498817443848 4.474740351315518 8.201547297659113 25.686080511430223 0.016883896792047 0.769872463945576 -0.088146416714647 -0.631855626316528
1735690868.402453660964966 4.401877743032329 8.201059092082549 25.660612276619766 0.011726001131040 0.759543538932976 -0.081200808821890 -0.645261607419283
1735690868.502438306808472 4.337366355121542 8.187809423716214 25.633555597196256 0.032547943659437 0.751848903889065 -0.076514502082385 -0.654071393699066
1735690868.602404356002808 4.265781012298674 8.171489020760111 25.608155622108214 0.030659440158610 0.747467175498049 -0.091024500156904 -0.657318309993960
1735690868.702368974685669 4.204836309872139 8.148208851844933 25.582101887025715 0.043544572683856 0.749207312336471 -0.075678090576817 -0.656555481233680
1735690868.802347421646118 4.138956985257902 8.136293355398228 25.554299293108382 0.034924157218278 0.745914132369218 -0.079897890015763 -0.660309577051173
1735690868.902282953262329 4.076328904839897 8.127070109948509 25.520502963256035 0.027492547474005 0.736655718100965 -0.079796473843805 -0.670980652168628
1735690869.002236127853394 4.000967821679209 8.121573616280914 25.489050089435484 0.032425232068773 0.725691823927396 -0.077721299583295 -0.682846527853294
1735690869.102183818817139 3.935502453113607 8.103318151467466 25.459989091372869 0.048576599944009 0.715438241070150 -0.058362930071433 -0.694537403993339
1735690869.202144861221313 3.869172339809885 8.081679184545544 25.435460020128964 0.025441596870198 0.704699008476790 -0.077837564905892 -0.704764745209381
1735690869.302068471908569 3.812006713742942 8.063122783715151 25.420407036004423 0.047967212418679 0.695453834193622 -0.076705733605718 -0.712852959221031
1735690869.402019977569580 3.741595128902012 8.060213644171062 25.394792475665348 0.035206710460838 0.701774623723946 -0.056608507930776 -0.709273108094119
1735690869.501965284347534 3.673052590840797 8.055761959515971 25.380206044020280 0.033962412279728 0.702540328870337 -0.063338145999891 -0.708005593285955
1735690869.601948499679565 3.589410729767662 8.054879324858355 25.365521336108625 0.032512418719962 0.709028353574732 -0.060597599629406 -0.701818828028457
1735690869.701907634735107 3.512858672570253 8.043091926136089 25.354454835091442 0.044268941786990 0.712739110760101 -0.058991418825795 -0.697540847041146
1735690869.801879167556763 3.436923003317015 8.027962937856312 25.349804033084848 0.035386058283930 0.722147888500984 -0.059238288541992 -0.688288514493241
1735690869.901858329772949 3.365738472470753 8.017927916228412 25.334965130581629 0.041810440125630 0.734108098071069 -0.052311517007834 -0.675722348773013
1735690870.001830101013184 3.292802264078258 8.020153190616812 25.319182196203169 0.043927075120378 0.740862794612934 -0.040842929843881 -0.668972784731524
1735690870.101806163787842 3.219372231303382 8.021802406377171 25.301391871190116 0.040881424432649 0.738280898420036 -0.035430138759039 -0.672320406823992
1735690870.201811075210571 3.136656387224795 8.013533604505339 25.291780467205722 0.033067587189071 0.729733506918897 -0.042018989144962 -0.681637695633521
1735690870.301818370819092 3.059899491328679 7.997025685559727 25.284143032682028 0.056208656569282 0.716147689209781 -0.057037997653901 -0.693339556775611
1735690870.401808500289917 2.989736980775116 7.989220711589294 25.283608366834304 0.061415391306436 0.709730639609382 -0.041891818678173 -0.700539538097722
1735690870.501813888549805 2.931620803227705 7.982514423673071 25.286685583813764 0.068135381424268 0.699727108968142 -0.046692287385450 -0.709619174678905
1735690870.601809740066528 2.854955074234170 7.985444941284691 25.298818414869650 0.075860146969929 0.690138344078900 -0.048749701877113 -0.718037443801246
1735690870.701814651489258 2.782544087931939 7.987996035282521 25.307806016055878 0.068222185550283 0.684075664995828 -0.053116719575723 -0.724268480648422
1735690870.801803112030029 2.702772745086721 7.987183713773994 25.332289992116031 0.068367939334617 0.676221269625673 -0.059466571780967 -0.731104880449858
1735690870.901820182800293 2.629779511556784 7.973659258492882 25.342741551754440 0.070753190383882 0.670492054860257 -0.066402698022625 -0.735544065379559
1735690871.001808404922485 2.558771376196249 7.970367533292679 25.366102713283574 0.069483093715319 0.676672695365966 -0.047572586713573 -0.731452672445242
1735690871.101802349090576 2.491556282257856 7.967564678587709 25.375230479892839 0.069117211022129 0.681366802529940 -0.048526421070377 -0.727053834326420
1735690871.201807737350464 2.423423619851970 7.966930788363970 25.376856128290274 0.062732828017241 0.678498576298334 -0.041833272718239 -0.730721733318351
1735690871.301810503005981 2.345488147393068 7.971411693430110 25.392437276976413 0.056809378402868 0.667289609428243 -0.038969749790258 -0.741605441104546
1735690871.401812553405762 2.273582091282695 7.963473402834644 25.396761109172445 0.050584765263558 0.652862933901561 -0.039532993804550 -0.754750497490082
1735690871.501809835433960 2.200275863212830 7.955512247292136 25.418989910807589 0.065917968448308 0.639096068386863 -0.035118717773594 -0.765491810844532
1735690871.601833820343018 2.134229238344648 7.945824245573167 25.417558239058824 0.062503790702389 0.623877709162774 -0.035548813527572 -0.778207017453855
1735690871.701877832412720 2.073364004103691 7.949039559497360 25.444690782287577 0.070787385262899 0.615175434864821 -0.034517517672938 -0.784446856963695
1735690871.802040815353394 2.008369807295017 7.954625906337296 25.455913950757591 0.069458455510146 0.618767764387421 -0.020327737263201 -0.782233187617923
1735690871.902284860610962 1.937700794556865 7.960163517605926 25.472677918684013 0.065114235153874 0.620186666564763 -0.027521098422242 -0.781262583346500
1735690872.002595663070679 1.863105328877644 7.956593529793908 25.481736857288986 0.069164056604234 0.618613578864959 -0.041527306530956 -0.781542741077043
1735690872.102933406829834 1.794435697169516 7.948369919623931 25.515561548722296 0.075726081241183 0.624879062037884 -0.056820512184296 -0.774960094354298
1735690872.203262805938721 1.722624995105289 7.942371436290910 25.531804822704860 0.064562955321559 0.633806901963516 -0.053719495976948 -0.768917844490255
1735690872.303608655929565 1.655754574787533 7.941201982923987 25.544027054114963 0.074667105274273 0.638021178874019 -0.059178238012488 -0.764101913911950
1735690872.403979778289795 1.579411886024902 7.950836976269478 25.559215105255923 0.074706615325935 0.640827379510286 -0.051447621204213 -0.762307243550100
1735690872.504328012466431 1.503308554894350 7.962232465636799 25.570014521589826 0.079077883285199 0.632295282115921 -0.044961817545741 -0.769368442004261
1735690872.604674339294434 1.426358802084332 7.970549024983999 25.586638083907925 0.086368324186100 0.624431533045780 -0.031793911125776 -0.775638395343286
1735690872.705089092254639 1.348050147961043 7.967784864564538 25.599187044157087 0.093632560633976 0.614783848277491 -0.030248349164020 -0.782533578103263
1735690872.805208683013916 1.286765119344349 7.962224356089553 25.613525019187712 0.108376205701697 0.611497433631128 -0.029872084942827 -0.783219729859646
1735690872.905220031738281 1.217056036918897 7.955025106781505 25.622423993627006 0.093120299457382 0.622339806373584 -0.032591031057823 -0.776504732713489
1735690873.005205154418945 1.135980589710091 7.954414430927713 25.632297663299916 0.089747134910326 0.634648138803163 -0.031500784155072 -0.766925610660307
1735690873.105207443237305 1.068366111771974 7.955470733865655 25.645356072807367 0.078482746692689 0.650411109514615 -0.038636593761268 -0.754528369721156
1735690873.205209970474243 0.990487272787608 7.949934139758449 25.659668076293713 0.075048728552363 0.666830540940180 -0.046805009490595 -0.739941895758502
1735690873.305206537246704 0.919793359126598 7.936524484981567 25.673167042928743 0.058818797621936 0.682707813980563 -0.056181624274274 -0.726150132458912
1735690873.405208349227905 0.838425184433724 7.933853061470879 25.683641943609995 0.059870796428960 0.701448480643972 -0.032916429254527 -0.709437823507006
1735690873.505212068557739 0.774037019394114 7.928497091741894 25.688409999278523 0.060061383205244 0.709151948865703 -0.037381545898126 -0.701497515101597
1735690873.605226278305054 0.693646565989425 7.932613633833255 25.695310161294437 0.059087267764265 0.710466737974857 -0.042610092806892 -0.699950061797632
1735690873.705216646194458 0.617702915367089 7.930542770740895 25.697223857879479 0.063822587302731 0.706412796023886 -0.042488138507484 -0.703635130625149
1735690873.805214643478394 0.531764104852968 7.925942338957436 25.697000831045855 0.066865662168413 0.709769182780244 -0.039865301385944 -0.700119595600389
1735690873.905208826065063 0.464904149081932 7.907951026261071 25.693435342959617 0.054153000892085 0.712760016245617 -0.051989312103597 -0.697379181767656
1735690874.005214929580688 0.385785994398468 7.898046741415052 25.695450059061319 0.060117747704345 0.711785020010858 -0.056962375550049 -0.697497834742729
1735690874.105210304260254 0.327759213044291 7.887163947413252 25.694831261712125 0.057120833456381 0.714538717162602 -0.071389057239474 -0.693595872657364
1735690874.205207586288452 0.245876924572990 7.888432702576662 25.694384560719890 0.057089654721669 0.724022136961845 -0.072513498409052 -0.683574801365179
1735690874.305207252502441 0.167021418773640 7.889158834456937 25.695640482330202 0.048819658493210 0.737641381629885 -0.068670709203866 -0.669915044426679
1735690874.405206680297852 0.092847419535476 7.878177606002911 25.700865047508419 0.040456629865421 0.747144436846852 -0.075363823890991 -0.659134846323011
1735690874.505208253860474 0.011435077650006 7.862156004681614 25.704527068953119 0.038665904358318 0.757587729527096 -0.085580175842836 -0.645942577488775
1735690874.605214118957520 -0.065339882471078 7.851701028624325 25.694028284388867 0.033227886605964 0.772483981533502 -0.072418025972211 -0.630015900862936
1735690874.705227613449097 -0.136507701945014 7.847458916062439 25.677051844847689 0.043113486754327 0.789800892281766 -0.070042045669124 -0.607823896905423
1735690874.805207729339600 -0.202394927788871 7.838087555784626 25.636675925269110 0.031576235638551 0.810985044198899 -0.065101187562480 -0.580575606451532
1735690874.905215263366699 -0.263891642146525 7.833728292937324 25.589878729369424 0.027456959313086 0.827043269161592 -0.056650550866078 -0.558602059973249
1735690875.005209207534790 -0.328722506672669 7.813023228042643 25.551343738507708 0.045284226590700 0.832912583333948 -0.055041603652881 -0.548795398316504
1735690875.105215549468994 -0.386832842277267 7.784922708936302 25.511562180439704 0.020232996424417 0.841006599068584 -0.074410307295860 -0.535501290705186
1735690875.205205202102661 -0.446366030021053 7.763993458900094 25.465745293151613 0.022452491760442 0.851450089525707 -0.071996899358898 -0.518984659834101
1735690875.305207014083862 -0.498235737098101 7.751940881145735 25.431526308479274 0.008613170865140 0.864268237208904 -0.075636631881163 -0.497237697039490
1735690875.405206918716431 -0.558385026151470 7.742321828218860 25.387807193139800 0.006671165586701 0.879883773326270 -0.073109991275644 -0.469483727260610
1735690875.505208253860474 -0.616037228200269 7.724471144889514 25.344849718727492 -0.010488071691455 0.895663906620495 -0.085190825699075 -0.436369900366900
1735690875.605210065841675 -0.673596932338889 7.703958487672627 25.305271620485186 -0.006198777871855 0.907486493667158 -0.081616737662547 -0.412029789090431
1735690875.705214023590088 -0.720158062698330 7.677173804144651 25.268237975338220 -0.017431403941756 0.919454828582922 -0.092293514137400 -0.381812613202261
1735690875.805222511291504 -0.772046524219050 7.655880432892438 25.204865141235921 -0.033272990790474 0.931849267200740 -0.076919865655131 -0.353034255517645
1735690875.905209541320801 -0.798012127483605 7.647305627268963 25.165153063833539 -0.028385588620230 0.943160234022330 -0.077389216095826 -0.321953320451429
1735690876.005227327346802 -0.815925209060605 7.633539349096806 25.101318528924509 -0.042991161994171 0.951836188079579 -0.074365161892395 -0.294328819093961
1735690876.105210065841675 -0.837554078719955 7.612982832078573 25.038562309596507 -0.053273652834871 0.956006096628139 -0.082641311804692 -0.276377775348632
1735690876.205215454101562 -0.848142950369404 7.589230151547950 24.971017573965142 -0.056542239040102 0.958246101247019 -0.084325178277294 -0.267313764998592
1735690876.305204629898071 -0.862365597363983 7.562625395693664 24.913739262890157 -0.059394971131757 0.957522833944229 -0.104480186853231 -0.262118580865196
1735690876.405207633972168 -0.877849057580899 7.534333268886988 24.853820986949067 -0.056212522859664 0.958736848517707 -0.098798292579648 -0.260581474689650
1735690876.505208969116211 -0.889172646942281 7.510384720600387 24.795963995649281 -0.064751479165969 0.960767343253191 -0.113813299108104 -0.244499265909233
1735690876.605206251144409 -0.910966486328231 7.479953257987093 24.721018994142284 -0.076875298351139 0.962730421946433 -0.121477362323365 -0.229092936611376
1735690876.705209255218506 -0.915947679234680 7.471799903941916 24.670731013953429 -0.091539969658185 0.965814950507698 -0.124046699018655 -0.208409049211801
1735690876.805213212966919 -0.928827635561596 7.450679147258494 24.606543183857209 -0.100548758856175 0.968397533018605 -0.132276986246508 -0.186007967693603
1735690876.905214071273804 -0.945051397553663 7.431249005274795 24.540366062154249 -0.071257123796054 0.973443774920643 -0.132755397438352 -0.172353253022822
1735690877.005209922790527 -0.956190033401906 7.407211832291134 24.475068102385432 -0.065938183737432 0.976655999088724 -0.137265990829469 -0.151503343629833
1735690877.105217456817627 -0.961745098514782 7.397286550782471 24.407396085381286 -0.079712296170136 0.981907957002979 -0.110866317321663 -0.131192124371297
1735690877.205212116241455 -0.965685143193442 7.381937743791390 24.350242476322581 -0.081226862595537 0.984425409778447 -0.108678634215589 -0.111793398018204
1735690877.305214166641235 -0.969208189007674 7.373354663611134 24.287102865460518 -0.074815565840162 0.985336751019501 -0.108136709530901 -0.108722445935414
1735690877.405209541320801 -0.971668735571971 7.363289003782639 24.220955282072179 -0.073426928533318 0.984721346453084 -0.109658041405228 -0.113611046826260
1735690877.505213737487793 -0.980483671383936 7.335532096289158 24.139847375592023 -0.089917002407031 0.982609126132483 -0.113648994772153 -0.116095408636913
1735690877.605216741561890 -0.971430961284849 7.311780401505941 24.091929137617541 -0.094064642052674 0.980989110207688 -0.121544567167209 -0.118486821889895
1735690877.705217123031616 -0.971540073575866 7.283271431210124 24.037054891477890 -0.091023001636061 0.979854246625380 -0.129379819469450 -0.121907058275649
1735690877.805208683013916 -0.972407582515039 7.264227114861741 23.985547394585566 -0.088709852975230 0.981411543376931 -0.125585397476736 -0.114848824339796
1735690877.905212402343750 -0.975215968553389 7.254285481277843 23.927179390781994 -0.095996829653604 0.982797351669083 -0.118559523778466 -0.104103859535164
1735690878.005225181579590 -0.985016644642833 7.242519017445455 23.864261777622449 -0.087579572900437 0.985119476522467 -0.114937835442063 -0.093052293741585
1735690878.105214595794678 -0.992264214120175 7.235849487078089 23.806968696568514 -0.086915822121819 0.986658845773313 -0.110238221403026 -0.082446931198563
1735690878.205207586288452 -1.000507412549329 7.228831237189177 23.744435486052264 -0.085428814460746 0.988281689606452 -0.103897670855599 -0.072156036748357
1735690878.305210828781128 -1.012357876329871 7.217401733011005 23.689288244738808 -0.089092610578798 0.989335704033576 -0.097290032010779 -0.061741567326923
1735690878.405213117599487 -1.017600550682068 7.211621646781555 23.639967521685769 -0.095620184679615 0.991228163345035 -0.071799395424924 -0.056288145200211
1735690878.505204916000366 -1.017566065948293 7.203552942868455 23.589170385579468 -0.090663068675566 0.992426147873908 -0.065492162614053 -0.050806747884710
1735690878.605205535888672 -1.025936532733976 7.184877503562747 23.519367195998498 -0.091188646601179 0.992132795075125 -0.066437275500604 -0.054251599898282
1735690878.705211639404297 -1.015206711855458 7.187160792285367 23.474415388776183 -0.088894213793457 0.991778840422528 -0.068236171268639 -0.061776819073071
1735690878.805208206176758 -1.013415461439194 7.173199399687176 23.405144937566032 -0.076826636667765 0.991503124395488 -0.073690975250570 -0.074758694336673
1735690878.905212402343750 -1.002260687030020 7.168239924078487 23.326729817982795 -0.073662771974714 0.989724590002047 -0.089380798758836 -0.083845720126400
1735690879.005212545394897 -0.995000062801010 7.152711446821019 23.249678174723588 -0.071883264534677 0.989559950709744 -0.083301912907699 -0.093084324873118
1735690879.105229854583740 -0.974244902211592 7.145184635656842 23.187522238171411 -0.081832889968437 0.989468399063620 -0.074161845857817 -0.093571822643634
1735690879.204976320266724 -0.964148403638051 7.131796552639129 23.119545868135692 -0.076963286628653 0.990255008336709 -0.075276919302976 -0.088346230228768
1735690879.304761648178101 -0.964633185436163 7.111308637670499 23.052706933790699 -0.073609406695953 0.991823643823645 -0.070810316049892 -0.076507607067353
1735690879.404567956924438 -0.961127994208295 7.100396642930166 22.979294439996721 -0.078560525928274 0.992866614531630 -0.063039366789059 -0.063797866337421
1735690879.504417419433594 -0.969238855359043 7.065406885281424 22.886526658216102 -0.062515279723619 0.993677676758367 -0.072884736794140 -0.058174991668425
1735690879.604274034500122 -0.963068409830774 7.030604867169118 22.827876801685122 -0.061947202296678 0.992612840662416 -0.094737056264806 -0.043671304651709
1735690879.704160213470459 -0.954606041348914 7.008952493967524 22.750800274046370 -0.075311449413789 0.993435476210387 -0.081693973303858 -0.027207258584153
1735690879.804098606109619 -0.949836468604312 6.986091620764265 22.683607295524290 -0.080834444445348 0.993063938571822 -0.084242021655801 -0.013895621136753
1735690879.904055595397949 -0.942752336347691 6.967259574451529 22.600515984259857 -0.086372800289628 0.991417319446547 -0.096671691643770 -0.016912188098639
1735690880.004032373428345 -0.941926498892462 6.942341794752424 22.524377903699254 -0.084458631842590 0.990548863903068 -0.102592335697024 -0.033977939664550
1735690880.104030609130859 -0.939534786265380 6.914406372130555 22.438933471831252 -0.071624782646846 0.991412978633319 -0.093968745027845 -0.056036338799878
1735690880.204037666320801 -0.932118649439122 6.884471799588696 22.383152636243675 -0.070296074646167 0.988814370825460 -0.112635006168385 -0.067955554032304
1735690880.304025650024414 -0.930376060261077 6.867687426183529 22.325125468529986 -0.059094503582609 0.989721041912039 -0.097238742286643 -0.086629820739653
1735690880.404031753540039 -0.935297320288495 6.852518256226327 22.261060946948323 -0.062224317165506 0.988853294855827 -0.093733140532363 -0.097526375775998
1735690880.504025936126709 -0.948017825037967 6.840605729714262 22.185631224272083 -0.062503174481183 0.988683461212857 -0.088597885161940 -0.103676330224268
1735690880.604004859924316 -0.961342194912660 6.827855711158549 22.114046267078468 -0.065112432455735 0.988209647912071 -0.086678829973653 -0.108114954319908
1735690880.703951835632324 -0.984468287778025 6.797719519810908 22.036320611769334 -0.046787556637632 0.987479934350337 -0.086522185305215 -0.123321592794386
1735690880.803920030593872 -1.004929316020328 6.759527028593945 21.965234903831117 -0.042243164041381 0.984992888150608 -0.107197757143818 -0.128503565117205
1735690880.903891086578369 -1.021504091716961 6.733095484323631 21.888439781439480 -0.054323787716488 0.986231068079706 -0.091065765109033 -0.126902454143339
1735690881.003815174102783 -1.032155366728512 6.717992413498697 21.831877493571223 -0.053746866003984 0.986429860045707 -0.089385263843448 -0.126797792617201
1735690881.103767871856689 -1.046283418938103 6.704442436207779 21.756628473502865 -0.051330530494574 0.985283561675624 -0.094743549466114 -0.132684360666598
1735690881.203696489334106 -1.054744058893132 6.688401120293847 21.684784269226391 -0.049456792108263 0.984091941077719 -0.092077848407398 -0.143661919285914
1735690881.303628921508789 -1.062530708966300 6.669127160291876 21.611819422293422 -0.044971906872160 0.984688887425237 -0.079847603641063 -0.148289186275702
1735690881.403555393218994 -1.069414486331976 6.639075185930578 21.547107813019139 -0.047760511572458 0.983048645183461 -0.093191975911536 -0.150497675606647
1735690881.503501176834106 -1.086694782246068 6.611367604745649 21.489070141329499 -0.019271399360129 0.982509310751881 -0.088217984149656 -0.162854704338367
1735690881.603423357009888 -1.103597415393553 6.595949031670591 21.421975744557184 -0.034731627337927 0.981518232430194 -0.092049519803008 -0.164141887931149
1735690881.703405380249023 -1.133323059180169 6.575494653588946 21.361702470031450 -0.051548688802148 0.979489163359043 -0.106047032792210 -0.163394425795220
1735690881.803356647491455 -1.155190817272169 6.557991656977793 21.296711477852664 -0.049015992798915 0.979616585963041 -0.110725182678084 -0.160276981743975
1735690881.903326988220215 -1.179944252061434 6.534264039573633 21.229983360408909 -0.038155482327191 0.982152102737017 -0.102225539261038 -0.153203607595989
1735690882.003298044204712 -1.200531328729234 6.506220695294147 21.158964963242234 -0.047953183867013 0.984129027928215 -0.103685738156971 -0.135793284992033
1735690882.103263139724731 -1.217147957212085 6.477255552906778 21.099153607428956 -0.055689124933792 0.987007084091611 -0.096500699876707 -0.115772847595580
1735690882.203265905380249 -1.225433393004955 6.466469238449645 21.035684921162712 -0.057512522790863 0.987978091291251 -0.092966893126122 -0.109310372944215
1735690882.303271532058716 -1.240258096530660 6.449285518125397 20.965434467312942 -0.065694353364072 0.987659625314561 -0.091927275972003 -0.108453180644669
1735690882.403281927108765 -1.245092804744971 6.432583465936900 20.897161724651699 -0.081736541962214 0.985278021234971 -0.098487790048654 -0.113342462434390
1735690882.503266096115112 -1.257470267754583 6.403685911275450 20.834473748811920 -0.081097359868937 0.983327641443510 -0.096863394844002 -0.130795453035369
1735690882.603274583816528 -1.269835512096840 6.381887244980483 20.769466705744659 -0.080703998734498 0.980656706686989 -0.099883937463536 -0.147724362428380
1735690882.703266382217407 -1.286521504765359 6.362102629800210 20.713338001365095 -0.071749069422960 0.979900235887796 -0.092095300876246 -0.161759247959720
1735690882.803276777267456 -1.310472626277638 6.346033507247624 20.654562830054193 -0.076780117116386 0.977913246334416 -0.093379329349223 -0.170501604419337
1735690882.903265237808228 -1.339806864305524 6.329771044532437 20.592935135904316 -0.065960077202027 0.977338204620065 -0.095865656186185 -0.176830647709958
1735690883.003262042999268 -1.376848107035386 6.312185897599563 20.532252551504378 -0.055640436265235 0.977272147565427 -0.097526770475458 -0.179810512722976
1735690883.103265047073364 -1.407216169628921 6.287901622021380 20.474416575696768 -0.038367538726202 0.977707083916712 -0.095381866683815 -0.183082193397073
1735690883.203264951705933 -1.439842044938805 6.258115647036345 20.414916162575345 -0.039105228096513 0.978920276858688 -0.096964487771434 -0.175453015937750
1735690883.303271770477295 -1.467737243180023 6.234269036283600 20.355700770868090 -0.053666853164719 0.980423819488293 -0.088906467118920 -0.167286111664465
1735690883.403270483016968 -1.504093532574555 6.210864455524810 20.297592898918690 -0.054349466210799 0.980616605131759 -0.087560484091797 -0.166644444516086
1735690883.503290176391602 -1.531637245335196 6.197035428526784 20.236602126809469 -0.049792808427178 0.978824829893423 -0.091962534919856 -0.175970226982183
1735690883.603265762329102 -1.570407955629151 6.188930967467840 20.163742642840809 -0.048867622521705 0.976245573158201 -0.087913672583128 -0.191905504170770
1735690883.703270673751831 -1.595682382498310 6.173967866005455 20.100152187616530 -0.050486689531346 0.974887052241744 -0.080263151441932 -0.201504729652130
1735690883.803266048431396 -1.625289300881423 6.151048991911434 20.037343626877622 -0.050826231675121 0.971995824759865 -0.075473658452668 -0.216666881878305
1735690883.903271198272705 -1.655461605510343 6.120657960564825 19.977336563415079 -0.046940331877266 0.967441535527441 -0.081651648756627 -0.234918047060851
1735690884.003263711929321 -1.679979382025572 6.092306182331669 19.921007338488405 -0.041063377036308 0.964625235034082 -0.088932788847199 -0.244750718220961
1735690884.103266000747681 -1.722426625040481 6.063781873365305 19.854736969540262 -0.042286749438132 0.965116027528359 -0.095463258258814 -0.240103416369797
1735690884.203264474868774 -1.742778559496458 6.048250294471707 19.794927311795501 -0.052507457028058 0.968015903612134 -0.098204880260262 -0.224819880801270
1735690884.303266048431396 -1.782587432969358 6.023912851587708 19.728133387167603 -0.056403083925345 0.971928162254124 -0.103298368456663 -0.203724781544178
1735690884.403269052505493 -1.811044251975366 5.997444405461932 19.667787999792875 -0.055163565059996 0.973649073531877 -0.104716618728952 -0.194933046101384
1735690884.503270149230957 -1.864756557718129 5.965908287593600 19.606403787718847 -0.064170816096571 0.972473597460261 -0.104839438487184 -0.197954289526369
1735690884.603271961212158 -1.898308570297850 5.946291358217784 19.550252035569049 -0.061588651420729 0.972974083912453 -0.098842335263203 -0.199395242698052
1735690884.703267335891724 -1.933045229407092 5.936142571987910 19.489917972534087 -0.057405753831452 0.974465672391718 -0.088404573242502 -0.198257065919506
1735690884.803281068801880 -1.953362382027580 5.919437773516142 19.425177714060109 -0.062236475440819 0.974678771325201 -0.091858719905821 -0.194138840601164
1735690884.903266429901123 -1.984225195963230 5.900387121227285 19.352563395046598 -0.066894416773500 0.974651924383511 -0.099634106242126 -0.188816864112782
1735690885.003271579742432 -2.001178853652073 5.869291521723097 19.292264802553220 -0.061240276458644 0.975596097650672 -0.095599580923865 -0.187943084244225
1735690885.103262424468994 -2.032185529902715 5.844541652671917 19.232881418982181 -0.067722799094906 0.973043736534440 -0.108562523759076 -0.191868933673241
1735690885.203263759613037 -2.053943118946648 5.813115658204253 19.187698211883948 -0.057965539531302 0.973751780774435 -0.116309643128985 -0.186867687363736
1735690885.303273677825928 -2.081525269010566 5.806376705637749 19.123981966691414 -0.061401365689194 0.976561674978240 -0.112718227034866 -0.172776643529477
1735690885.403261661529541 -2.104255724764878 5.794952729688136 19.072098246872958 -0.081815974073908 0.979308339598502 -0.105346712545644 -0.152195244784418
1735690885.503296136856079 -2.142186766766015 5.786767821707203 19.010103117747231 -0.080747117727889 0.981879124240056 -0.105575628438950 -0.135081734664389
1735690885.603333473205566 -2.171365920773804 5.763184943299460 18.960670824626686 -0.073121522649278 0.986073272674843 -0.093084861587182 -0.116824451143893
1735690885.703342914581299 -2.199621792112954 5.748887486304611 18.908255164914852 -0.085691408166089 0.987316856927873 -0.087204090178947 -0.101281060661117
1735690885.803327798843384 -2.217968180131052 5.727487144565897 18.861964982710681 -0.068981306804353 0.989783287897007 -0.083027336787166 -0.093150865038307
1735690885.903344154357910 -2.240648520347911 5.710067678769378 18.811449664191851 -0.065071828317993 0.990481097143636 -0.078842525970156 -0.092177597382114
1735690886.003328800201416 -2.250756507160894 5.707384761330515 18.758657641855709 -0.068603447525479 0.990417559144256 -0.077571962520400 -0.091374045314225
1735690886.103330850601196 -2.263032421184215 5.694278278756272 18.697713147312438 -0.077029914137525 0.989947869319146 -0.073834468722600 -0.092833612376655
1735690886.203331708908081 -2.266707255654586 5.677020725345862 18.642224604143742 -0.072770816217046 0.990738095977251 -0.068623871750658 -0.091832443681012
1735690886.303326845169067 -2.275167784964266 5.657646996321058 18.583792524505473 -0.074354464876518 0.990533427365466 -0.071846024836374 -0.090294471257996
1735690886.403331756591797 -2.277127758688066 5.638677322528868 18.531043764998795 -0.069108501869183 0.991585790675996 -0.070756435336876 -0.083517432654961
1735690886.503296375274658 -2.281271719921884 5.622338003852565 18.472874486474215 -0.071764549932269 0.992193820190112 -0.075048369017495 -0.069058054254257
1735690886.603263854980469 -2.282531404563483 5.610837525077667 18.406558687933721 -0.075548086619292 0.993404164571778 -0.070054294529916 -0.050329397349144
1735690886.703208684921265 -2.290019674865648 5.595843857755280 18.339679087529362 -0.073047896352797 0.994320777782044 -0.067419163410780 -0.038011210377103
1735690886.803122758865356 -2.298610805463917 5.567164657690469 18.273023156715688 -0.066991075388379 0.994765415772437 -0.070023286594389 -0.032414545129000
1735690886.902985095977783 -2.306596338750471 5.535069051423498 18.212962371401478 -0.068585543414804 0.993781046059600 -0.083297248230853 -0.027510437371120
1735690887.002883434295654 -2.307299914684058 5.516558003591614 18.154115145402397 -0.067718203437917 0.994636726599075 -0.073086790529107 -0.027755144992808
1735690887.102743864059448 -2.298520697935982 5.505167786512096 18.103825894771912 -0.069428701710125 0.994649003778017 -0.072852942119895 -0.023355159745109
1735690887.202609777450562 -2.283836032600664 5.495120378680175 18.040218006254545 -0.081220432468370 0.994108140287320 -0.069739622197289 -0.016989168900105
1735690887.302484035491943 -2.267483398242466 5.482850633513333 17.980840293276135 -0.096778337746044 0.992554674450155 -0.070815074767432 -0.021316584058954
1735690887.402373790740967 -2.242121878955801 5.466269593177412 17.912798776842095 -0.092602397675455 0.992111493023730 -0.077769348934852 -0.033038004195649
1735690887.502255201339722 -2.218838452743738 5.441582542095972 17.854294015141697 -0.087312782764947 0.992250118905744 -0.079577021377033 -0.038518530165858
1735690887.602148771286011 -2.187240212220106 5.420005461178075 17.786345796007712 -0.086277768059476 0.991586068023071 -0.088654192548744 -0.038126769922868
1735690887.702041864395142 -2.155228113168291 5.401775618378091 17.724531513359114 -0.092908612994465 0.991165875969346 -0.089347056322619 -0.031229785011203
1735690887.801946163177490 -2.136849692372003 5.382090224526186 17.675519626028979 -0.100632345107658 0.990362666008397 -0.093174185941767 -0.019325940312520
1735690887.901840925216675 -2.118464522047866 5.361944952305550 17.602798758139084 -0.101786907154853 0.988990800937790 -0.106977235616401 -0.009617289230896
1735690888.001728773117065 -2.104243963652787 5.342214902876971 17.534205507067636 -0.101756104872503 0.987705677327981 -0.118668637210526 -0.000971924815432
1735690888.101636409759521 -2.096452952646520 5.313783566822558 17.476612236822774 -0.099169927829875 0.988457264581543 -0.114294413838367 0.007372141855385
1735690888.201524257659912 -2.079802766063445 5.284635773789135 17.408383107667444 -0.104096355482241 0.986459415116794 -0.124820059912640 0.021948205989373
1735690888.301427364349365 -2.062633872646415 5.268644475808562 17.358448206298391 -0.121936073183730 0.985593812149732 -0.110782974980287 0.038256554513024
1735690888.401327848434448 -2.042959014647614 5.250290473212288 17.289416412723771 -0.117564697073996 0.984507805826503 -0.120192264304198 0.049766875228540
1735690888.501240015029907 -2.025002356720564 5.243348745080036 17.227302518585152 -0.110169540104971 0.986586457230433 -0.112381331846423 0.043362092834492
1735690888.601141452789307 -2.000273848116847 5.234691810321867 17.151802156630037 -0.116028677701521 0.987204135048494 -0.104691795604115 0.031701255924305
1735690888.701045751571655 -1.973059880728492 5.220590276882289 17.085456354229393 -0.118036650753684 0.987572630043121 -0.102615444071867 0.015418174551461
1735690888.800934076309204 -1.948779694452280 5.192895026782626 17.018213410982199 -0.104991806942685 0.988455493525127 -0.109234340643186 0.000562689218374
1735690888.900820255279541 -1.924467845869706 5.172404438694825 16.959019017746524 -0.096571325717625 0.989684049708175 -0.105336247966785 -0.010185070772777
1735690889.000737905502319 -1.901476786690522 5.150829928379093 16.897891686203248 -0.098219725676878 0.989002816913137 -0.110215888748958 -0.008875330591949
1735690889.100640058517456 -1.881458673647207 5.140211158442215 16.838162334484284 -0.104314249305005 0.988100211616461 -0.112973568149600 -0.003671797241915
1735690889.200561761856079 -1.859802072161907 5.125523225017011 16.767584594453396 -0.104153571669832 0.988294894077996 -0.111468519097320 0.000071400488448
1735690889.300495147705078 -1.839129505709184 5.111087209242259 16.698816460432290 -0.087582707592370 0.989694397179202 -0.113232083166937 0.003572795062865
1735690889.400449752807617 -1.822418277581218 5.085608819921044 16.630580959466737 -0.077157907627794 0.991396342363128 -0.105332116363413 0.009224689800523
1735690889.500365257263184 -1.804405685960139 5.072117917613996 16.568053338698732 -0.088009075485200 0.992380289875648 -0.085616544404146 0.010274737118658
1735690889.600304603576660 -1.789864760889951 5.052289110381125 16.499542214323931 -0.090577586283019 0.992121615516953 -0.085991996502779 0.009786594128642
1735690889.700275182723999 -1.774584724035002 5.037641360813326 16.431702431825784 -0.091731573878457 0.991525192202182 -0.091875828442655 -0.004684413536775
1735690889.800231218338013 -1.762145686705661 5.020773034645359 16.355758950945621 -0.092809618580546 0.991086684189636 -0.091724654542613 -0.026835552350663
1735690889.900203466415405 -1.746872134862492 5.003423600129242 16.288666654371905 -0.091183666247557 0.989807241416136 -0.100683166531558 -0.042779245283334
1735690890.000156641006470 -1.723706134025812 4.981034060921548 16.216870322056707 -0.083434534330593 0.990345957261269 -0.094142209084059 -0.058230643874774
1735690890.100161790847778 -1.710990637538593 4.961917260146491 16.155039342034524 -0.077901886452494 0.990570441892774 -0.088725193319304 -0.069493422753163
1735690890.200140714645386 -1.699621579611527 4.944367974956101 16.086973485807160 -0.074313028637601 0.990896646994067 -0.086797875928521 -0.071186638387545
1735690890.300154209136963 -1.698027636801444 4.928414655706760 16.019552951492557 -0.081227428345835 0.990465351735244 -0.086051064703709 -0.070538685553820
1735690890.400141000747681 -1.698842741888254 4.910449103286993 15.942466692386867 -0.079310710450646 0.990041544401944 -0.093414949530993 -0.069290683141027
1735690890.500151872634888 -1.701982940381538 4.884887574557764 15.868913678353410 -0.083477001492255 0.989569078257309 -0.099405439849060 -0.062475500056084
1735690890.600135326385498 -1.708483329911184 4.850176171015009 15.797305510853205 -0.076522982565104 0.990384777695976 -0.101229820655476 -0.055088552871657
1735690890.700138330459595 -1.702169293018761 4.817946664696078 15.729364051942801 -0.085444655923645 0.990654851036926 -0.097063520683369 -0.043368765761136
1735690890.800141334533691 -1.696624216626285 4.793215953774223 15.662758121873317 -0.088460753918575 0.990016020432447 -0.104573365369978 -0.033277403120661
1735690890.900136470794678 -1.689813072428801 4.774201239398026 15.591461338927768 -0.087434562103521 0.989368017168270 -0.110618574297384 -0.035632218211968
1735690891.000140190124512 -1.679491461002732 4.758000646817647 15.517464889670613 -0.094744009715732 0.987735233638877 -0.115122203139290 -0.046363338918752
1735690891.100144863128662 -1.664870695068331 4.737620813153901 15.440385498598298 -0.097765117951191 0.986340615216444 -0.119124258298494 -0.058168578900219
1735690891.200152397155762 -1.645876211027984 4.713103748769135 15.369643967911017 -0.090980433330185 0.986690962722937 -0.117792873891858 -0.065485446415467
1735690891.300154209136963 -1.630065500946861 4.688074172577117 15.303961143663761 -0.086615807266556 0.987032631385024 -0.115429288676277 -0.070287735974403
1735690891.400155544281006 -1.619154132743771 4.673798486338008 15.242502626791415 -0.083381024756260 0.988320103840474 -0.108013503826100 -0.067853224290079
1735690891.500140190124512 -1.609787951521643 4.656648697986256 15.170016536382658 -0.088243122538147 0.988686243821856 -0.105040196116833 -0.060656572619000
1735690891.600152254104614 -1.606812710531166 4.642700667767654 15.097650902054410 -0.090339510160723 0.988473806511923 -0.109868934345881 -0.051837476881607
1735690891.700136423110962 -1.606053136602369 4.618092335594745 15.019023786829679 -0.080428772424708 0.988924449361697 -0.116915899019163 -0.043477794073058
1735690891.800138473510742 -1.605963884297900 4.590860737745968 14.949645390154311 -0.065433123448978 0.990356364121307 -0.115788727239162 -0.038803982327484
1735690891.900141954421997 -1.603881110057328 4.557469625311222 14.875913734446955 -0.083236332006873 0.989159924155803 -0.117670078437490 -0.028073299033825
1735690892.000137090682983 -1.599165851030857 4.538558433653002 14.812040681735354 -0.090255072448663 0.989282315707744 -0.113839749260859 -0.014664010823579
1735690892.100140094757080 -1.590936392479368 4.518644573319519 14.739604723729306 -0.094617736842602 0.989181274582622 -0.111652642211306 -0.010078560270082
1735690892.200127840042114 -1.584347421206500 4.497635900072074 14.664314436186228 -0.096179125951427 0.987639075193112 -0.122678715449209 -0.016387972987713
1735690892.300116300582886 -1.577617042421960 4.483938864706031 14.593317583768599 -0.094805708489779 0.986913533459418 -0.125991353066925 -0.033759947641580
1735690892.400103569030762 -1.571466550885719 4.452806081361919 14.518193604162416 -0.081474788471928 0.988788846295461 -0.115179268082469 -0.048910249325999
1735690892.500113964080811 -1.566560366568672 4.420279610570463 14.450343422671576 -0.075344984689344 0.988644330009435 -0.115133062888476 -0.060414401033821
1735690892.600099325180054 -1.562280825859766 4.411620405251993 14.390066879070028 -0.070364634150721 0.988887516644824 -0.113537311602214 -0.065265431577598
1735690892.700104475021362 -1.567520229179652 4.382308429078400 14.318634299383904 -0.078268016071235 0.987760016949369 -0.117844761657419 -0.065702958277094
1735690892.800101757049561 -1.580103505831348 4.355452308545730 14.243259482765090 -0.078097728633940 0.987220036967174 -0.122204616005965 -0.066055849245810
1735690892.900095224380493 -1.582984324640345 4.346693512682647 14.176229943937019 -0.075923969405616 0.986225307239208 -0.133049342740220 -0.062394443879405
1735690893.000105857849121 -1.596980552180743 4.316311681286856 14.103602969420546 -0.068511246361266 0.987386180273619 -0.128135552436040 -0.062896902376904
1735690893.100097179412842 -1.608676187011451 4.290669450643551 14.032829694496243 -0.076417729743791 0.986757223823668 -0.131107021416505 -0.057284035715932
1735690893.200107097625732 -1.614135496735291 4.268397368655883 13.969220243590945 -0.078487259049066 0.988287527524895 -0.120207522459944 -0.051746155893328
1735690893.300105333328247 -1.621210396723812 4.253050412076677 13.899943067075123 -0.082354844033765 0.988565744296212 -0.114913996803590 -0.052442561025147
1735690893.400114774703979 -1.627506872662543 4.233324656849872 13.828949880994941 -0.088439716535165 0.986011799240621 -0.126945188713892 -0.062000543222203
1735690893.500099420547485 -1.632497024289865 4.211993353724667 13.757384419014109 -0.091178159678979 0.983572690005641 -0.136480842635543 -0.075128465085579
1735690893.600110530853271 -1.635147137596454 4.186537365193557 13.684876981175814 -0.090644913160102 0.982715838136685 -0.133620120094648 -0.090546919878049
1735690893.700106382369995 -1.632685419267567 4.162694090738193 13.625041330827804 -0.085746183491769 0.981131561503854 -0.141250931683568 -0.100382395548865
1735690893.800102233886719 -1.635321092263851 4.136094864145590 13.559685906190737 -0.077755271442206 0.982801136319365 -0.131239674903086 -0.104077816770176
1735690893.900094032287598 -1.637764560212730 4.117554128576310 13.497916571576914 -0.084275926672044 0.982703922836439 -0.129920087850140 -0.101544763520594
1735690894.000097990036011 -1.645241290091643 4.106639135763514 13.433066331442015 -0.084679660180669 0.983331478495548 -0.128268537395542 -0.097137741716880
1735690894.100108385086060 -1.660018123692613 4.083668126240800 13.363378399653653 -0.085104063218496 0.982103674984547 -0.139516845974956 -0.093620081685239
1735690894.200098514556885 -1.675648997581449 4.062305652870260 13.293562784164704 -0.069120959117204 0.983450901607404 -0.139130772130366 -0.093216121914131
1735690894.300100088119507 -1.689228939447858 4.032316335237290 13.224298642062067 -0.058761838705386 0.984452620998507 -0.140921187175178 -0.086840672074040
1735690894.400104761123657 -1.696098499506443 4.016758114088148 13.159702842916291 -0.068487872695003 0.987166847435722 -0.119151671494354 -0.081325923281772
1735690894.500113964080811 -1.704225767892748 3.995385203097045 13.094185958405967 -0.067301910437043 0.987846548759605 -0.117687294792355 -0.076022033646294
1735690894.600099802017212 -1.708037742039435 3.985647985592935 13.030478189985192 -0.069315155765826 0.987074864998473 -0.119204423767455 -0.081663488926666
1735690894.700107097625732 -1.719728695077697 3.966986288742255 12.953115525281605 -0.073088056400762 0.985206972385042 -0.120462779682886 -0.097540126545594
1735690894.800124168395996 -1.722992644760143 3.947930219698562 12.883654329284083 -0.074910042268875 0.982753349962228 -0.127883281807229 -0.110590256982730
1735690894.900142431259155 -1.725461329054477 3.918790000740168 12.812703929146705 -0.072732270074271 0.981591328559709 -0.128663851964352 -0.120971458550867
1735690895.000156879425049 -1.727428332014999 3.898243647207811 12.755993636575010 -0.070901466990105 0.980894572845490 -0.129421822696601 -0.126762812965020
1735690895.100170373916626 -1.734584289177837 3.876553864847184 12.689865665372212 -0.072953202261353 0.980644727130741 -0.130465297761575 -0.126461676054342
1735690895.200198650360107 -1.747390999709905 3.861170381070031 12.622684946008631 -0.074682860178153 0.980941771991508 -0.128673633970569 -0.124975222658649
1735690895.300208806991577 -1.759554408371125 3.845853776196954 12.558529013676582 -0.075902908451919 0.980664579066044 -0.134893543388953 -0.119747500206604
1735690895.400234460830688 -1.786066186559478 3.821759972437102 12.487129116191184 -0.069816586872369 0.980651570602655 -0.137821515845493 -0.120222173670621
1735690895.500260353088379 -1.799172698674822 3.795743165924227 12.427347929039005 -0.063146581028264 0.980702437888894 -0.137737138263535 -0.123546421907685
1735690895.600301504135132 -1.831572164713751 3.767063256992706 12.351490547309218 -0.076843211907081 0.981261580904902 -0.127633239693454 -0.122190780131600
1735690895.700329542160034 -1.836417092675022 3.749442131734507 12.287324911828236 -0.079928071308797 0.982715201304434 -0.119630748398841 -0.116493864986850
1735690895.800405502319336 -1.846642407624473 3.728508556098116 12.220675054970730 -0.096386710779421 0.981085726745185 -0.123069326240248 -0.114168032744579
1735690895.900454044342041 -1.843563273995137 3.711096100670268 12.154239548651871 -0.108679346384940 0.978682979015299 -0.131085746303316 -0.114825752212579
1735690896.000528812408447 -1.846809457036449 3.685040017272684 12.086219684378744 -0.108877897351535 0.975465954984289 -0.146501089170862 -0.123082106768810
1735690896.100574970245361 -1.842311426478172 3.659562261561091 12.021587657007169 -0.095021860446654 0.977013186848336 -0.133617779687185 -0.136243780456879
1735690896.200641870498657 -1.837150368113457 3.629028551012004 11.963401597077988 -0.093605963366577 0.974734830712900 -0.150875593629908 -0.135523018945614
1735690896.300703287124634 -1.830435219324650 3.606767649746006 11.910835022078771 -0.085609779009433 0.976342787285411 -0.147844000990021 -0.132543875094149
1735690896.400764465332031 -1.833713689523276 3.584560828832708 11.853798981534027 -0.090826958749657 0.975668157142133 -0.154988479277964 -0.125700763698021
1735690896.500828742980957 -1.837710676716997 3.565362038873144 11.795726772384063 -0.088894631014796 0.975340827374515 -0.163437306509278 -0.118727679477590
1735690896.600904226303101 -1.848090542136497 3.545117718830086 11.733742787742074 -0.084817309876025 0.975513588620119 -0.169461141981182 -0.111634151232159
1735690896.700969219207764 -1.850799056599503 3.522268998107824 11.676541869016113 -0.068547064765132 0.976611250313657 -0.174626592961790 -0.105058644115740
1735690896.801033735275269 -1.865318047888660 3.496691647593878 11.608506565038798 -0.061926913476071 0.977383108417616 -0.176698016508760 -0.098311381483106
1735690896.901104688644409 -1.871435958608583 3.478763376975126 11.546533689973572 -0.067025377170287 0.980169391981373 -0.162759949450798 -0.091020660801927
1735690897.001172065734863 -1.874717172203326 3.466758418692792 11.488892037346380 -0.061914197989969 0.982962977499754 -0.150609330903305 -0.085248146002926
1735690897.101242303848267 -1.885085401265211 3.456890496044324 11.423928217477082 -0.065657291851273 0.983987623186400 -0.138529411285566 -0.090923482399270
1735690897.201303482055664 -1.890153922015240 3.445515575025643 11.361751222231096 -0.071764454383540 0.981893651205782 -0.143318812453052 -0.100967513616307
1735690897.301357030868530 -1.897099347696242 3.424960610271444 11.296079406051987 -0.077466431254235 0.978470223673581 -0.155480445971732 -0.111448662321885
1735690897.401404619216919 -1.896376440067819 3.404221365757913 11.238495968169593 -0.076541952530952 0.979526435046129 -0.138825236620640 -0.124084028890884
1735690897.501453638076782 -1.899616130063223 3.377255116776158 11.177726039933130 -0.081606212141491 0.977849360955960 -0.145823799996259 -0.126041551770004
1735690897.601473808288574 -1.904037124946264 3.356332577422263 11.121169275339168 -0.080381697203881 0.977429132307596 -0.146603359027797 -0.129145380067623
1735690897.701509714126587 -1.913583430766457 3.341254919750692 11.060936953413940 -0.083915129537790 0.977051608986302 -0.142926189695625 -0.133792782731449
1735690897.801539182662964 -1.924568978896458 3.331446160533391 11.001137731429395 -0.078133016857965 0.977139479456550 -0.142508814560994 -0.137058042947054
1735690897.901547908782959 -1.940233304501900 3.312155860176673 10.934149362694408 -0.066067942360497 0.976861848089765 -0.153237617934010 -0.133769163818908
1735690898.001593589782715 -1.954129147929457 3.289932542641544 10.871755191995236 -0.052323657956362 0.979272274589264 -0.144769461018781 -0.131642888889476
1735690898.101596832275391 -1.963613655494032 3.266209147075555 10.815687653366920 -0.065893169685782 0.976988341489115 -0.157442905867543 -0.127920296181230
1735690898.201631546020508 -1.964586553317145 3.246146313074936 10.764621986495689 -0.065224783524280 0.978791112730380 -0.148593918533934 -0.125034125857569
1735690898.301645040512085 -1.975588323389422 3.230665657589518 10.699418476366821 -0.069320587170129 0.978363590297478 -0.148907638927213 -0.125800860266298
1735690898.401643753051758 -1.980884978031087 3.220325306442090 10.633688046616928 -0.075060824787180 0.978054444468736 -0.141583720801358 -0.133151891617296
1735690898.501645803451538 -1.977491298732383 3.206998526479218 10.570659797577781 -0.075919380827115 0.976584631986875 -0.144710357236989 -0.139920036771830
1735690898.601643323898315 -1.972845997975522 3.187643498876782 10.500671044456723 -0.072439753395223 0.978057560235283 -0.133741797816746 -0.142369317310258
1735690898.701648473739624 -1.964510864151013 3.165113804252601 10.438659778425357 -0.075466281337443 0.976932767064463 -0.140903413334952 -0.141610158983847
1735690898.801652908325195 -1.963903229009459 3.145439241826188 10.379835267230339 -0.062148387255617 0.978076352068368 -0.135689607553418 -0.145232771398743
1735690898.901666641235352 -1.966363339728526 3.129071089226551 10.322087507985653 -0.066322080740954 0.978820775881624 -0.132697844898886 -0.141076405780265
1735690899.001646518707275 -1.976023502349594 3.116480979990865 10.252970311544846 -0.070851160768351 0.979205241249490 -0.137982065207747 -0.130759925850052
1735690899.101634502410889 -1.985658114462807 3.100728594420852 10.183255767810076 -0.070577600406762 0.979693455139856 -0.145007481605344 -0.119131719350599
1735690899.201626062393188 -1.995285187140960 3.080863608768432 10.117833470564079 -0.057445799204581 0.982404364585661 -0.141608407158412 -0.107371800855010
1735690899.301600217819214 -2.006388546798187 3.056169372173534 10.054525442301518 -0.058563906902712 0.983717471455414 -0.141904804296627 -0.093451761241793
1735690899.401592016220093 -2.012232419830809 3.035250190730061 9.993900864469056 -0.066985227285194 0.986128550453849 -0.130216000280076 -0.078148925625374
1735690899.501591205596924 -2.011909969922130 3.017057603096259 9.939717453473222 -0.069957773684001 0.987543985373283 -0.126398979890380 -0.062338469157516
1735690899.601596117019653 -2.016836467363824 3.007676054293901 9.873184543329781 -0.072232037263091 0.988223318289868 -0.120947078727866 -0.059741192892188
1735690899.701590538024902 -2.016875054390874 2.994171631141576 9.805737547917083 -0.078802950137097 0.987252250318139 -0.122432290907153 -0.064291705800104
1735690899.801575660705566 -2.013682709186882 2.973922723616860 9.737937817004278 -0.088584964174375 0.985459454030548 -0.128136219601046 -0.067848933745429
1735690899.901545763015747 -2.010593220025727 2.953302892635786 9.665654216822629 -0.090978475534977 0.987122494214563 -0.108102139656258 -0.075006838399516
1735690900.001533508300781 -2.001711706780477 2.928213217978296 9.600388616514437 -0.093504663778239 0.985455999282576 -0.121706264696124 -0.072944749388936
1735690900.101515054702759 -2.002258443979673 2.913888820864786 9.535966385825484 -0.084436268807458 0.987896838564127 -0.103660034351039 -0.078644453988951
1735690900.201480627059937 -1.999100266789187 2.899928691066376 9.467670674122703 -0.096629373473774 0.987481290262746 -0.103594163380995 -0.069366525619209
1735690900.301453590393066 -2.002960659364869 2.888137086072327 9.393606610839106 -0.098234812595013 0.987867220579978 -0.100796850611898 -0.065637420765410
1735690900.401456832885742 -2.009818704652265 2.871627663868896 9.316387771569859 -0.100154745114154 0.987130911423628 -0.105560300245271 -0.066322045770654
1735690900.501450538635254 -2.021223298580816 2.846035091190158 9.238651781072647 -0.084567296440479 0.989254248963816 -0.096901532096159 -0.069530542621219
1735690900.601429462432861 -2.025340224601706 2.813410176788019 9.168730583232259 -0.095800664406097 0.987546422926626 -0.108617529161946 -0.061453458998903
1735690900.701430559158325 -2.028625785106262 2.788496206715916 9.093173496456258 -0.112192786982305 0.987701606672393 -0.094155718319225 -0.054708458520665
1735690900.801424741744995 -2.028573276977369 2.767164966266216 9.023435959960301 -0.113189768050355 0.987919548501351 -0.095428659435747 -0.045786603454403
1735690900.901428699493408 -2.028110859934059 2.749693983073162 8.945149984193817 -0.114368849914188 0.987631351592782 -0.095576620174990 -0.048674317624872
1735690901.001432418823242 -2.026973340447125 2.735675648539800 8.868193265254378 -0.117840643627418 0.986595672705964 -0.095493258168168 -0.060196336697255
1735690901.101440906524658 -2.023767494852610 2.712783345158694 8.789140555375063 -0.125842465324750 0.985316063422250 -0.091855623531680 -0.069846070101878
1735690901.201396703720093 -2.022597164445453 2.688419931516618 8.717861218933084 -0.122537650317815 0.984979895628152 -0.091704621264543 -0.079933671889075
1735690901.301411390304565 -2.022614423365754 2.663787875928155 8.648617213392352 -0.115529850793258 0.985964460738539 -0.080182816598516 -0.089986952713039
1735690901.401396989822388 -2.026492780535874 2.644147187913265 8.580977340781100 -0.125973394003541 0.984151140851740 -0.080367291688049 -0.095489970102498
1735690901.501401424407959 -2.039851028674396 2.622406209419278 8.499196662682577 -0.121095484867413 0.983924971135902 -0.088319510520961 -0.097093762834073
1735690901.601393461227417 -2.053195338603321 2.605201900383983 8.421985172135287 -0.121732781320915 0.983829100285337 -0.090458591871021 -0.095282078799379
1735690901.701393604278564 -2.070070342401176 2.577220495269575 8.340503754438997 -0.112706915432528 0.985353958317590 -0.084755002602326 -0.095871359515872
1735690901.801397085189819 -2.081537582331768 2.541479015143174 8.273263843084846 -0.113926556594354 0.985543068720522 -0.090573039705175 -0.086730178588852
1735690901.901394605636597 -2.085226074635988 2.512359442686453 8.193259600484406 -0.120361344652264 0.986643265777699 -0.079285236080559 -0.075908261399310
1735690902.001397371292114 -2.087128535079720 2.493150332913282 8.126914708060033 -0.125969990962889 0.986293953860002 -0.083422167015805 -0.066306409994820
1735690902.101400613784790 -2.088964477164121 2.478757645664362 8.051908613212658 -0.118391613125893 0.987051121198412 -0.083560517927816 -0.068783355007166
1735690902.201416492462158 -2.086339958950589 2.466706966350882 7.975731022066255 -0.116386946189356 0.987047170209055 -0.081044543964977 -0.074991629082996
1735690902.301396608352661 -2.080827161775292 2.448146842167368 7.896755310368016 -0.120956719134518 0.986341765483200 -0.071413273501242 -0.086020568049363
1735690902.401402950286865 -2.080016599135612 2.412107552158126 7.827525287992831 -0.115429786703196 0.984857106047797 -0.087673142625782 -0.095109752764543
1735690902.501398324966431 -2.075085240319953 2.387308424223022 7.761594370763344 -0.105971890570887 0.985387157382300 -0.084431225804346 -0.103215679933029
1735690902.601403474807739 -2.075974499233670 2.362757050833029 7.694828281252479 -0.107521010068132 0.983851558009241 -0.095616933614831 -0.106455371883317
1735690902.701395511627197 -2.083644172933933 2.344636203228058 7.614444923074004 -0.102727734050294 0.983801936132341 -0.099350227739419 -0.108214118151349
1735690902.801394701004028 -2.091610175333992 2.326267777558431 7.534063888515560 -0.096626909798026 0.983948322275685 -0.102592578980650 -0.109470096975602
1735690902.901394605636597 -2.100764073955995 2.297834850388752 7.459513083595301 -0.087013882196238 0.984361653376063 -0.104045597037579 -0.112406554101513
1735690903.001400947570801 -2.101466400044769 2.261264949707987 7.387756930944698 -0.096926104879488 0.982717440016103 -0.121010485077976 -0.101134691289787
1735690903.101407289505005 -2.098222872828698 2.232454801125009 7.314643875900179 -0.114349969280918 0.983481850600275 -0.109675364694669 -0.087514846994113
1735690903.201401948928833 -2.098143176511328 2.210159584259184 7.248536109316849 -0.116565192740250 0.983951851221418 -0.113387888929942 -0.073447239317655
1735690903.301413059234619 -2.090049310209744 2.197479221745089 7.167853092410666 -0.121919885425176 0.983575318952853 -0.110554625495209 -0.074113482351853
1735690903.401398420333862 -2.084073680551109 2.182985687735619 7.087756723303645 -0.123916818851854 0.982747047302398 -0.107020207586434 -0.086020568425298
1735690903.501410961151123 -2.080027645602255 2.163644287790363 7.011153280017458 -0.111330453794524 0.983585811385856 -0.102719715245294 -0.098046630733848
1735690903.601396560668945 -2.069631271125720 2.132031575510719 6.937525206070716 -0.100110568585445 0.983228662392717 -0.110362205829137 -0.105163943590257
1735690903.701402902603149 -2.065436715588341 2.109078721259075 6.869589564462015 -0.084850649667402 0.985258390425079 -0.101663277579276 -0.108309045512562
1735690903.801394939422607 -2.073577020914122 2.089866845499926 6.799508745084141 -0.092009856409678 0.984254557033238 -0.107414325096920 -0.106015640576040
1735690903.901394844055176 -2.077498454233528 2.074627932174235 6.719780824872268 -0.084251383956020 0.985300715014215 -0.107608856692778 -0.102491654563899
1735690904.001397371292114 -2.090531452620224 2.061336462047716 6.642680319043764 -0.084455966767451 0.986155858089634 -0.105154381067619 -0.096469525629388
1735690904.101410627365112 -2.103993599726960 2.037138216860799 6.566836313967623 -0.089389635433186 0.987458305669658 -0.091931850100941 -0.092109296914849
1735690904.201395988464355 -2.120312149730774 2.006926934876331 6.497885859984725 -0.093902765003428 0.987106043396326 -0.097513224714563 -0.085411362364315
1735690904.301400661468506 -2.133325847761909 1.988755783386479 6.429905638061666 -0.098041939166233 0.987993105725507 -0.078936784598303 -0.089590095661699
1735690904.401416778564453 -2.146865223078137 1.961814433344840 6.358693908342226 -0.095417539764807 0.987664228768095 -0.079255372768726 -0.095569086029141
1735690904.501397609710693 -2.155096525824087 1.946250615714729 6.287206153903291 -0.097273831391393 0.986155423792619 -0.080618767440907 -0.107405289381608
1735690904.601435661315918 -2.164563047682606 1.926430628365223 6.214678696834744 -0.108288109733538 0.981950769651170 -0.088691869646644 -0.127201114501384
1735690904.701451063156128 -2.166307019453811 1.901100097232579 6.142141937879037 -0.099025243123323 0.980755626865745 -0.082888271165346 -0.146430652866011
1735690904.801475286483765 -2.166287178239921 1.873330616376077 6.075108175468666 -0.107561254252445 0.979018806929699 -0.089010387648074 -0.148424739017220
1735690904.901517391204834 -2.164376684464542 1.851466751327159 6.010191429935430 -0.107524504713012 0.980212604173924 -0.086561735191330 -0.141875993407842
1735690905.001592636108398 -2.164578854202590 1.838922766125136 5.944888413650929 -0.116850555566247 0.980477362712686 -0.085974323014206 -0.132734715331316
1735690905.101666927337646 -2.175363459469037 1.817004237456343 5.869742138799644 -0.111852400396496 0.982132563221403 -0.089378515961230 -0.122131689869034
1735690905.201750755310059 -2.189115398341814 1.795114577312850 5.794654364034367 -0.110865199686518 0.983078926634017 -0.094338715320939 -0.111197744123577
1735690905.301822662353516 -2.201682803016236 1.773040101145528 5.719893528122173 -0.101854976497703 0.985506253544840 -0.088456334530480 -0.102851664391485
1735690905.401878833770752 -2.219048992683177 1.742036514686949 5.649589307086151 -0.095280613179469 0.986821304852521 -0.092299024748213 -0.092661788628547
1735690905.501944541931152 -2.231823004349212 1.719618716203275 5.576816061005560 -0.102523154051290 0.988429181435923 -0.074821966590443 -0.083056784700743
1735690905.601980924606323 -2.242139249790012 1.701938743104595 5.508978665258409 -0.096848583243631 0.989764812793613 -0.072074711665320 -0.076099955438140
1735690905.702044725418091 -2.245137612673428 1.697937472214855 5.443316853651608 -0.092112430157939 0.989577542691725 -0.077018007809445 -0.079497255824777
1735690905.802063941955566 -2.266808753197593 1.672393839485257 5.358993539691138 -0.094199834771936 0.988397350204601 -0.076384567818952 -0.091446525557700
1735690905.902097463607788 -2.278431956391335 1.647375391769905 5.283142225008360 -0.099521522176869 0.987251961487276 -0.067031912815825 -0.104574154681629
1735690906.002111434936523 -2.295204455237733 1.610142871319195 5.210975042243840 -0.101688969895655 0.984994061106489 -0.075225611025887 -0.117418739698097
1735690906.102136611938477 -2.303109321947744 1.594228856319425 5.148322303985353 -0.092064992036298 0.984537890694276 -0.073535818041252 -0.129621227017902
1735690906.202167510986328 -2.330062530565483 1.552670073274767 5.078056301959028 -0.097397560740167 0.983032120729599 -0.079534265782451 -0.133550984055449
1735690906.302195549011230 -2.352603416217860 1.529213655788606 5.006246881285414 -0.096962546899538 0.983127530365002 -0.084858741685372 -0.129836502944059
1735690906.402218341827393 -2.360542474990427 1.530322860921548 4.929560562215856 -0.099151591249421 0.983025726776388 -0.095265891086500 -0.121465190256126
1735690906.502254962921143 -2.398719002646662 1.486590931574872 4.853191227026242 -0.090933390678714 0.985130172953184 -0.085556855938017 -0.118024087367387
1735690906.602295637130737 -2.419306022093211 1.453163963851487 4.781602782633266 -0.104700506897832 0.983994738007691 -0.094086441269536 -0.109269854020892
1735690906.702304601669312 -2.435051587202285 1.438339302505510 4.713962701974991 -0.103782233358638 0.985870506261019 -0.085960342848597 -0.099495790770706
1735690906.802361965179443 -2.453519738937845 1.408838658661936 4.642549743845576 -0.103575575652623 0.986296638221682 -0.089910313977687 -0.091690659291277
1735690906.902416944503784 -2.456052748758755 1.410605971954973 4.569248834857646 -0.108942724294642 0.986186127754932 -0.085621581625443 -0.090759842479769
1735690907.002484321594238 -2.476798402963572 1.381344792042796 4.487896086570418 -0.109306064376662 0.985510817018960 -0.087282929833644 -0.095928640086061
1735690907.102496862411499 -2.488163018697177 1.358172529899348 4.412052126602111 -0.103646681898912 0.985945258397420 -0.075931765384233 -0.106788013281567
1735690907.202530622482300 -2.492109041004039 1.338101432619608 4.341103267430201 -0.103152997181608 0.984028896805795 -0.086981243691240 -0.116107074158067
1735690907.302552938461304 -2.514030082250738 1.308867117806467 4.275445562695212 -0.086217076350619 0.984388491378749 -0.071066688302679 -0.135997939691421
1735690907.402580976486206 -2.526031416460454 1.290670428253382 4.217789878394462 -0.083764408186131 0.984596623991392 -0.067564641750375 -0.137797065030881
1735690907.502615213394165 -2.527027300127635 1.286746722460305 4.158032545060148 -0.082590201713875 0.985361839151009 -0.069871609189920 -0.131753036985919
1735690907.602651357650757 -2.553705733246951 1.253434179521549 4.086518795575328 -0.091398573531277 0.984166654582789 -0.083269051934911 -0.126998274608869
1735690907.702691078186035 -2.566092241941250 1.223583966825725 4.021426723034126 -0.084691286250497 0.985201380205645 -0.082286064278206 -0.124236186756244
1735690907.802701234817505 -2.555871936814301 1.211833177833161 3.957017006692189 -0.097164837196606 0.985976357452181 -0.077230216541295 -0.111557655993976
1735690907.902735471725464 -2.553391220766922 1.184830260460011 3.888881067216541 -0.109109868944945 0.986936055021784 -0.077941141007747 -0.089316506510638
1735690908.002793073654175 -2.527217188670341 1.179259732007696 3.823613578988173 -0.123531812238800 0.986750293042749 -0.076153489693158 -0.072556161368981
1735690908.102857351303101 -2.505970851227605 1.161383025312836 3.749330224973419 -0.126724873482069 0.986217820401479 -0.083139818723261 -0.066355012668021
1735690908.202904701232910 -2.470245937034998 1.146391512565937 3.676490684344091 -0.130206876972264 0.985131463104005 -0.094333751763884 -0.060525307680690
1735690908.302943468093872 -2.432223712475234 1.127983393820963 3.599666758524196 -0.123929294508767 0.987037108415057 -0.086660821954847 -0.053751079173477
1735690908.402969121932983 -2.386904132410958 1.096893310490359 3.534759274195327 -0.118484163430663 0.987266380142154 -0.098291003434192 -0.040068395289094
1735690908.502998590469360 -2.347243832480088 1.079087193739795 3.468643283259732 -0.112849812256695 0.988464109830916 -0.098363765629257 -0.022982451153806
1735690908.603032112121582 -2.321428971367569 1.061574911099450 3.405508136915554 -0.120668239787732 0.987915980076519 -0.097265385300582 -0.000798146797047
1735690908.703066349029541 -2.291300970623065 1.053194376517213 3.335401747179996 -0.117395044667614 0.988263219151235 -0.096363172156712 0.016381459404518
1735690908.803105831146240 -2.275411880003524 1.039399526545990 3.265941625215194 -0.116170721635347 0.987758761914499 -0.099853647550164 0.029431968449065
1735690908.903126955032349 -2.257148160635919 1.022464571103018 3.184309961438316 -0.101301296815003 0.989278197807168 -0.100461904379113 0.031210581146821
1735690909.003162860870361 -2.244524120133868 0.993996234805631 3.120498158351461 -0.100229932478922 0.988846260410810 -0.103369513443891 0.038102199374838
1735690909.103188276290894 -2.221403656472691 0.973696991674799 3.053928316354908 -0.106030675994606 0.989063173713841 -0.092937061928147 0.043292455132439
1735690909.203225374221802 -2.210625793885121 0.954402301805709 2.993445096120567 -0.104544200325300 0.988824969444562 -0.092619521628143 0.052127863899065
1735690909.303252696990967 -2.191778594174482 0.945111864830653 2.921641463276887 -0.102720314711215 0.990035261357211 -0.085864658865183 0.043657514507291
1735690909.403290271759033 -2.180721174658143 0.930591175434324 2.848508646763899 -0.106792271473039 0.989685958416907 -0.090862412546862 0.029345126549406
1735690909.503312587738037 -2.156794445057012 0.918041428302631 2.778548438263449 -0.110684817031553 0.989359311404646 -0.093529493413597 0.013009922267715
1735690909.603341579437256 -2.143953274568736 0.888793373279081 2.711163514765960 -0.107682485090608 0.990641836146878 -0.083864336799200 -0.000088845277483
1735690909.703346252441406 -2.124220883938963 0.863464547835322 2.645694433880523 -0.104360312673639 0.989526951571498 -0.099189992228404 -0.010328731481113
1735690909.803350687026978 -2.110618822660097 0.842178397429208 2.586970800185282 -0.097935473372608 0.990671725145772 -0.092816604692205 -0.019059222056360
1735690909.903352499008179 -2.098865131898159 0.828820309332355 2.518629119657536 -0.102687239026459 0.990268500438543 -0.091920672294838 -0.019344714657695
1735690910.003344774246216 -2.092881431524178 0.815329739866131 2.446365161186344 -0.102996532259802 0.989723716344779 -0.097822257746929 -0.016416014632913
1735690910.103350639343262 -2.102366898724445 0.790012193175979 2.373948095348963 -0.099693569672331 0.989972675699401 -0.098579879860453 -0.017242413440593
1735690910.203343868255615 -2.103099015172229 0.764333886034639 2.301697624027691 -0.095760974590383 0.990515047228916 -0.096793784877145 -0.018459148619481
1735690910.303352594375610 -2.102618402588054 0.735186241763979 2.234508168715356 -0.105693589173834 0.988927846564665 -0.103205297111097 -0.014115457652442
1735690910.403340578079224 -2.102914078551128 0.706689757389221 2.173435503319322 -0.113391655346627 0.988633859136116 -0.098119536022809 -0.010861938963655
1735690910.503342151641846 -2.098669584946613 0.687390301062664 2.106559322636676 -0.114127711883727 0.987862668101401 -0.104153171731365 -0.015947763795044
1735690910.603344917297363 -2.098538151194250 0.673253760009834 2.038226495432796 -0.115629252417060 0.987027099400232 -0.106825277175177 -0.031555367078884
1735690910.703343868255615 -2.088641801567007 0.663516017393899 1.964940175355775 -0.110052252093837 0.986510209924644 -0.107140842094080 -0.056629916818604
1735690910.803354501724243 -2.083167597127173 0.642224755697419 1.895283924043053 -0.108545322073144 0.985323649687360 -0.106240914092705 -0.077897924205750
1735690910.903316497802734 -2.071524230670909 0.622226389949870 1.830845292569867 -0.100418233449171 0.984597819938925 -0.106499061365522 -0.095609943472036
1735690911.003298521041870 -2.066879327653592 0.599988312798561 1.769169756841989 -0.093339220244414 0.985739997922672 -0.092979170189444 -0.104686772662344
1735690911.103209018707275 -2.060803897647811 0.589300136382564 1.703706708559494 -0.090867971195827 0.985835464429259 -0.090333436564003 -0.108218848279028
1735690911.203154802322388 -2.067052885963601 0.572533544900522 1.635008883558971 -0.090690546598641 0.985395471786095 -0.087732094496068 -0.114341893181951
1735690911.303093910217285 -2.072820544483085 0.555726726421136 1.565477006929736 -0.090925774432590 0.984856211199800 -0.094709480889418 -0.113229241076085
1735690911.403036594390869 -2.084179565180154 0.533945195753793 1.494985830994057 -0.087137950905192 0.984525535599829 -0.094567106132898 -0.119052550168247
1735690911.502967119216919 -2.095815919823025 0.508880429148959 1.424447885001179 -0.072082649812830 0.984333581611950 -0.100187235123031 -0.125912706369750
1735690911.602905988693237 -2.100456817170544 0.482544595065861 1.355914016879486 -0.088362151770081 0.983778642734856 -0.087728355464347 -0.129133449891370
1735690911.702853202819824 -2.102325305060145 0.465475999431217 1.298461087726761 -0.103606656383177 0.983515905418425 -0.081103114373195 -0.124033904159482
1735690911.802780389785767 -2.102716695473224 0.453693725175738 1.243562141112262 -0.106325640038183 0.982672027758329 -0.075852725170907 -0.131517710655070
1735690911.902761697769165 -2.099125974083861 0.442382722701194 1.189122513192623 -0.106398530432701 0.981311167387317 -0.070901982122925 -0.143807699424412
1735690912.002733945846558 -2.088839605596769 0.425365114612272 1.130057050788040 -0.098636029756659 0.979728712106923 -0.080369287388984 -0.154736427358720
1735690912.102713346481323 -2.079020733518357 0.400064247112252 1.067009560618340 -0.095188176091174 0.978210357253198 -0.093209101383046 -0.159234956948441
1735690912.202669382095337 -2.070209051618797 0.374917397053285 1.010933480411820 -0.090253516067212 0.978481806558236 -0.090165463608920 -0.162166106952792
1735690912.302650928497314 -2.063285690201422 0.352611578616187 0.959474091997916 -0.084234106610104 0.979945527707736 -0.100085469295203 -0.150313927648652
1735690912.402616262435913 -2.066197909450773 0.346959197720724 0.904493546014060 -0.100931278210295 0.981790787390144 -0.087278280263843 -0.135211791900198
1735690912.502589941024780 -2.070090755510907 0.339654730811839 0.840975994780872 -0.106280338632525 0.984061315479046 -0.079401667106801 -0.118419560286580
1735690912.602582216262817 -2.076237278300797 0.329443630944037 0.779372295204212 -0.102710968278483 0.986613391813841 -0.084631265279895 -0.094244474777089
1735690912.702584505081177 -2.080938261428784 0.314703161274601 0.721562615237451 -0.103013104811522 0.989745036769720 -0.063133352220008 -0.076205264019365
1735690912.802584648132324 -2.086940560084070 0.294137558095187 0.667495516023290 -0.108022816531571 0.990465008098038 -0.064941471959337 -0.055612445205135
1735690912.902581691741943 -2.091356180539417 0.275969618153280 0.619383418736453 -0.107556426069206 0.991099594502562 -0.067935134804028 -0.039217680288808
1735690913.002585411071777 -2.092880216217243 0.263975128502942 0.571582058405439 -0.101704838380242 0.991923822450827 -0.068515914545704 -0.032385579484637
1735690913.102589368820190 -2.093458182487460 0.257628083929207 0.518673960896272 -0.103012639984883 0.992467717399170 -0.058652429281851 -0.030921165294412
1735690913.202609300613403 -2.086954647121374 0.247909630713899 0.468654230262440 -0.112034372569218 0.991744594843691 -0.056288676425436 -0.026880157507307
1735690913.302592754364014 -2.079525749206723 0.231027835260655 0.408793616935241 -0.131311709085105 0.989124823769740 -0.061770290789935 -0.023953063172713
1735690913.402594566345215 -2.067671504777037 0.212019768153070 0.343069797181665 -0.131084514158042 0.988986941465558 -0.060750776118703 -0.032109546236700
1735690913.502552986145020 -2.051615578794258 0.181119608025755 0.279712754346115 -0.129278663317185 0.987936172662583 -0.075757119940281 -0.039115274945770
1735690913.602495908737183 -2.041503271467314 0.159530551488313 0.222101003815918 -0.127798960699102 0.988339778475599 -0.068779721482290 -0.046057114975335
1735690913.702433586120605 -2.027065337585596 0.136970415526670 0.163619554432838 -0.131239491244426 0.987283180854213 -0.082317082563227 -0.035665314502618
1735690913.802383184432983 -2.015316832253171 0.121379298407534 0.101478617614421 -0.142621491820337 0.986112057864273 -0.081128701388930 -0.025695392905678
1735690913.902323961257935 -2.007169405968724 0.107390032507328 0.038983013196916 -0.143276607478001 0.985944065284063 -0.084544851566503 -0.015436384107926
1735690914.002301454544067 -2.002691791129196 0.091023199503232 -0.025447101851028 -0.132248542763203 0.987382153471984 -0.086694663744791 -0.008416722652860
1735690914.102271080017090 -2.001288752033316 0.070788734964948 -0.081338523406157 -0.122638085176855 0.989415285385263 -0.077446800885334 -0.004391599114175
1735690914.202244281768799 -1.997429488897793 0.056712021591003 -0.138041016023474 -0.143749265014374 0.986670192149576 -0.075913781387597 0.007428225008906
1735690914.302231073379517 -1.995655235270691 0.041979699811144 -0.191600801826903 -0.137350140434934 0.988634905978639 -0.060895790790756 0.005259683172893
1735690914.402220487594604 -1.996785016788275 0.029516730212662 -0.246829678207008 -0.135793118143463 0.988698152984086 -0.063087696703033 -0.007492254362894
1735690914.502235174179077 -2.000439677641525 0.010165810281726 -0.304221371195973 -0.134820169076053 0.987877220943441 -0.070932577841345 -0.029844392306580
1735690914.602218627929688 -2.007851166147522 -0.010662357625847 -0.357038910367084 -0.129681944866363 0.986402385025514 -0.082687229498302 -0.057928836252344
1735690914.702222585678101 -2.016997922573482 -0.042046086949890 -0.397327945237998 -0.118840502973744 0.984148003659089 -0.105953056614702 -0.078125485859480
1735690914.802215814590454 -2.011284709404986 -0.056625220195207 -0.419973560742046 -0.133362160481356 0.982572283434716 -0.107632460870479 -0.071982604458292
1735690914.902220487594604 -1.991085842785607 -0.070170975056060 -0.429097535332011 -0.124963411602750 0.984408383004198 -0.120102514043840 -0.029994455354480
1735690915.002219200134277 -1.909622698855856 -0.110462702830516 -0.424018912537465 -0.126065538344936 0.983644847508228 -0.128620514318440 0.002656559575251
1735690915.102225542068481 -1.846613883143827 -0.122231647523722 -0.408327595948185 -0.149129603777485 0.979471380952162 -0.132134054104651 0.030606648276211
1735690915.202219963073730 -1.836058071751095 -0.120925766232027 -0.422644806863618 -0.152416042385741 0.977704484605570 -0.123639765040112 0.074675962039003
1735690915.302223443984985 -1.829223666462679 -0.114625067379522 -0.428734029698942 -0.165731376363033 0.971650941558299 -0.124020707294986 0.114220938622204
1735690915.402245044708252 -1.810154792084378 -0.114673201385270 -0.458714902004665 -0.172507466003576 0.967201209165302 -0.119053811465685 0.143489320639890
1735690915.502218961715698 -1.795253602032755 -0.104503829063409 -0.460738063490266 -0.159277843691924 0.969336105561383 -0.114664603867727 0.147885467791120
1735690915.602227449417114 -1.777216696743590 -0.107535881990124 -0.484801152770204 -0.148658013959203 0.968863070735740 -0.128069387273166 0.151007870966036
1735690915.702219247817993 -1.756912396503351 -0.104030957748388 -0.489570613918310 -0.151378374232961 0.967177558159030 -0.132062772152970 0.155600716641649
1735690915.802226066589355 -1.747404511061263 -0.106882632800143 -0.506715330362687 -0.145986952780124 0.966762132411315 -0.133982896304629 0.161577759767005
1735690915.902216672897339 -1.730308637160860 -0.106647196235085 -0.514268424037618 -0.154077621666855 0.966975106010545 -0.122102332170301 0.162204350545707
1735690916.002218484878540 -1.724804303615129 -0.106585536519168 -0.529054078081778 -0.150411959432758 0.966891716031870 -0.129186312032917 0.160647280437232
1735690916.102188348770142 -1.711182131364246 -0.109451530358789 -0.543674040144899 -0.146881248439811 0.969886438728258 -0.114251946021247 0.157139071074441
1735690916.202152729034424 -1.705954635483971 -0.106810587697961 -0.555392237976188 -0.141290499207297 0.970980544852978 -0.131377357654599 0.141328575477368
1735690916.302137851715088 -1.694669196188414 -0.109959732622507 -0.575124771977280 -0.128062622039159 0.976433524841264 -0.115212860592667 0.130013588353585
1735690916.402087688446045 -1.686420999505463 -0.117742393222414 -0.595525536145270 -0.124487059428428 0.977529166526378 -0.121094931808251 0.119481036635369
1735690916.502037763595581 -1.675211102930050 -0.111348145152456 -0.599413093988373 -0.124464695547348 0.979673466787487 -0.127800958377097 0.091735233540812
1735690916.601968288421631 -1.673541840000990 -0.121004226124338 -0.623539654398752 -0.128696053719167 0.979676991965246 -0.118795698057944 0.097764509378237
1735690916.701922178268433 -1.667865296040711 -0.124680239361942 -0.641603831130823 -0.119960002289411 0.982322378914418 -0.125587170173780 0.069858459919929
1735690916.801865577697754 -1.663023203773076 -0.138443542698968 -0.667202838558341 -0.120582515299212 0.984109548297062 -0.124106131950077 0.039823635784027
1735690916.901818752288818 -1.657244494159037 -0.138674239446520 -0.682534713524825 -0.117284958784809 0.984264064256319 -0.132010547125631 0.006457995360039
1735690917.001757144927979 -1.651060343587903 -0.152896479163626 -0.708669973139213 -0.100921887294991 0.986950310156147 -0.122387820705222 -0.027660066712288
1735690917.101738214492798 -1.645070139923577 -0.154213565546918 -0.717442097112688 -0.089540722405881 0.986346480220785 -0.130119162055879 -0.046605618255495
1735690917.201708793640137 -1.643239271118775 -0.158458791048230 -0.732158733219762 -0.077530701807295 0.986354882427210 -0.126782408297005 -0.070846715772042
1735690917.301686286926270 -1.640587176667569 -0.166105902134458 -0.751558189221347 -0.082658280752696 0.986487205559174 -0.114232517365046 -0.083435806866743
1735690917.401655435562134 -1.640784405417093 -0.170192543301648 -0.765429421066125 -0.075700102085236 0.984035243429918 -0.122245671590177 -0.104881504611512
1735690917.501640081405640 -1.637844826073431 -0.187569301909661 -0.784148104683594 -0.072500973002751 0.983983681049131 -0.111714726190212 -0.118488582972802
1735690917.601636171340942 -1.638362118572724 -0.186978416700252 -0.800368947101578 -0.064570544786600 0.981585948304111 -0.109923868948675 -0.142254749914497
1735690917.701584577560425 -1.640799656445171 -0.214042919818979 -0.822511092893505 -0.060088078767907 0.981046994260014 -0.108967862102293 -0.148533574898840
1735690917.801539421081543 -1.640255801349174 -0.220097858398077 -0.834384280427869 -0.069097119968494 0.979290545930469 -0.112969345246474 -0.153145491927929
1735690917.901491403579712 -1.640736865249032 -0.234452754249734 -0.851748489808698 -0.064478987234550 0.978020927017316 -0.123743198307557 -0.154935946100357
1735690918.001454353332520 -1.633990105516174 -0.254051765553854 -0.869266198957562 -0.056662699948650 0.976417414308801 -0.124527525004890 -0.167006787242915
1735690918.101366758346558 -1.634204764376391 -0.257167046484816 -0.883437167993986 -0.060660729768761 0.972068351430455 -0.134900742404514 -0.182222901167524
1735690918.201294898986816 -1.632728161363066 -0.271006375842683 -0.900944476513206 -0.059190862104434 0.966353998961461 -0.144067603499846 -0.204697132750649
1735690918.301247119903564 -1.630127777719728 -0.289681842933237 -0.925422982089402 -0.038078288333163 0.964650236451120 -0.125696682705724 -0.228473869904616
1735690918.401200294494629 -1.627210536366648 -0.299241547008919 -0.938350865068946 -0.044748864488894 0.963096851662733 -0.124914806414856 -0.234175755753293
1735690918.501154422760010 -1.626534821532132 -0.311229478428676 -0.953177789418854 -0.040808212465677 0.962581326819749 -0.125111873764196 -0.236894276200376
1735690918.601112604141235 -1.627850207001911 -0.323682623068232 -0.968550471816286 -0.045521231092624 0.962601087794711 -0.120845292581902 -0.238166703292139
1735690918.701078176498413 -1.625937213265489 -0.338822908606797 -0.984799790890624 -0.041251579240107 0.963440561766650 -0.120740789747075 -0.235589161134827
1735690918.801016569137573 -1.632037856330214 -0.349879557282775 -1.002053779286504 -0.037762112922930 0.963935952788704 -0.127757116764130 -0.230390149236130
1735690918.901002168655396 -1.640567102195910 -0.365571888970529 -1.019535088857112 -0.032187981074231 0.964769183627914 -0.123524345048017 -0.230056715565427
1735690919.000974893569946 -1.644489138895906 -0.383322354138522 -1.036800140173552 -0.035315370501476 0.965985738609824 -0.128083929681335 -0.221853294693056
1735690919.100959300994873 -1.650099997089583 -0.396873554599591 -1.056938323668165 -0.046317278366795 0.969674929192707 -0.119445389295522 -0.208129864257520
1735690919.200917959213257 -1.650907072392614 -0.410381474125682 -1.073466535207131 -0.046436959953446 0.972405249880283 -0.115963657206236 -0.197038242386856
1735690919.300898551940918 -1.650090498311187 -0.421564652634404 -1.084716935044730 -0.051947421482076 0.972669508079355 -0.110229132275142 -0.197648758791696
1735690919.400880336761475 -1.654448238599896 -0.434043379123068 -1.105644995851642 -0.055967025239982 0.970764811732493 -0.107825796195003 -0.207019250464003
1735690919.500856399536133 -1.655887865944447 -0.450361748880698 -1.124921783379295 -0.057705186473339 0.966685188956182 -0.106996181926856 -0.225259126252196
1735690919.600849628448486 -1.653560847509264 -0.465604900417763 -1.138031198736605 -0.050673262454853 0.962593931689060 -0.101302777663237 -0.246135918519204
1735690919.700829267501831 -1.656063965676801 -0.482679898507998 -1.165171887141708 -0.036228135808566 0.960027945961545 -0.097703352851448 -0.259784372105558
1735690919.800835132598877 -1.656544660091113 -0.498521322208853 -1.184822233267290 -0.034235689455421 0.959351376922726 -0.088793904043251 -0.265684955857007
1735690919.900813102722168 -1.650674744828253 -0.510114804661408 -1.193307588050906 -0.035960347857662 0.959997756112784 -0.086041807871130 -0.264022667471267
1735690920.000823259353638 -1.655477974695724 -0.522515458421818 -1.215036342985442 -0.046082596237040 0.961233673898304 -0.077178949031293 -0.260671495017095
1735690920.100814342498779 -1.662591828722223 -0.536191045535707 -1.231926883575658 -0.046170703719067 0.960891069678972 -0.079733755503276 -0.261149663148607
1735690920.200818061828613 -1.673342163844850 -0.548288699009735 -1.244760795655059 -0.041355850896556 0.958530849201422 -0.088381749255598 -0.267762900948475
1735690920.300809621810913 -1.682573755699363 -0.556664551727244 -1.247753737059369 -0.027745515031135 0.956260437526082 -0.086542731124926 -0.278040496524375
1735690920.400810241699219 -1.695852687634169 -0.571546167365207 -1.269084084737520 -0.023204708214727 0.954287527313009 -0.091670058469617 -0.283537399846422
1735690920.500823020935059 -1.702900061700899 -0.581148198024382 -1.279840735410898 -0.023192013850228 0.952743385005909 -0.070318979465230 -0.294614008404255
1735690920.600810050964355 -1.708735948655126 -0.581987863531302 -1.283146137606607 -0.015904654594358 0.947583290269365 -0.069429490838531 -0.311468290145916
1735690920.700814485549927 -1.717260122320532 -0.591570157598746 -1.293208765752728 -0.012628942081349 0.937540199000458 -0.061664274107655 -0.342135064526955
1735690920.800816297531128 -1.723014115466267 -0.593930786994496 -1.296167053146324 -0.007097605525412 0.922523290679711 -0.066530780192866 -0.380097431504360
1735690920.900831699371338 -1.733613680918194 -0.601623308279474 -1.304103944174558 0.012065983554956 0.905074481804620 -0.065092524065584 -0.420068515527791
1735690921.000822067260742 -1.741466588362187 -0.603181344287927 -1.312757313079154 0.025707958937069 0.888343440595330 -0.061768297059920 -0.454279330232908
1735690921.100819349288940 -1.750264344577589 -0.604618379150209 -1.319514028239199 0.049082288495419 0.868587289160274 -0.055506563286113 -0.489965377855849
1735690921.200813293457031 -1.763594569115406 -0.603736907084424 -1.325104490947326 0.069831026854087 0.853489222964493 -0.049461999865325 -0.514036267729518
1735690921.300817012786865 -1.778158134084018 -0.597041008002429 -1.333520163366286 0.071039165508146 0.839316623125977 -0.047435294338452 -0.536890059471524
1735690921.400812149047852 -1.796010344768982 -0.592940652374511 -1.338512236948071 0.061404508054413 0.832866983475227 -0.060609809062588 -0.546706983010889
1735690921.500811576843262 -1.808666269926312 -0.590097994095478 -1.343677618563029 0.062983616261746 0.829235917734740 -0.083549579963744 -0.549017599452967
1735690921.600813150405884 -1.824218393744707 -0.583200777878361 -1.345268086429595 0.075096962663628 0.820423752370001 -0.087881947938410 -0.559948279729811
1735690921.700809955596924 -1.838051141250992 -0.572329083821992 -1.349131330117408 0.060916651354304 0.816696217874383 -0.085525697822426 -0.567434405292316
1735690921.800813198089600 -1.848874824049374 -0.562453892035023 -1.347649927182821 0.103826289291962 0.802856047499038 -0.117211654701320 -0.575242293862562
1735690921.900829315185547 -1.858198181435654 -0.552773338642744 -1.346154513207407 0.143126378430434 0.786277754563693 -0.148633225888085 -0.582400460712187
1735690922.000830173492432 -1.865287933401140 -0.547397211524417 -1.345944486351168 0.144279828369597 0.774724169477887 -0.123302948350359 -0.603143577666667
1735690922.100813388824463 -1.864738645211963 -0.548147072967791 -1.345383804417483 0.168820888431109 0.765162912768267 -0.090695539877462 -0.614654003159215
1735690922.200821161270142 -1.864012087666688 -0.548488666194644 -1.345864682576543 0.169270700170477 0.753179509371196 -0.077320465768954 -0.630943422424255
1735690922.300812959671021 -1.864689481510541 -0.548191600554707 -1.346356080048932 0.172109611448486 0.744171637203970 -0.051190806269661 -0.643402173901888
1735690922.400818586349487 -1.864496312737784 -0.548185975449953 -1.346234636444473 0.164418574480732 0.749892806009791 -0.053656532402991 -0.638551711602884
1735690922.500811100006104 -1.862076659090520 -0.551021551206165 -1.348885334544473 0.164577621162631 0.723223738857736 -0.077271749268694 -0.666251234092698
1735690922.600813150405884 -1.861541454681621 -0.550627085684900 -1.349586800658858 0.166975458188950 0.725485145015674 -0.057458534750228 -0.665198479785194
1735690922.700816869735718 -1.861790749361951 -0.550425157936023 -1.349945345539965 0.160738375049061 0.720642220667428 -0.066741607256122 -0.671106193116242
1735690922.800812721252441 -1.862221207848924 -0.550321633832230 -1.350725412626826 0.151376439390186 0.739234739520240 -0.048285695218945 -0.654435378873435
1735690922.900816917419434 -1.861216551624388 -0.548991274690133 -1.349112383137248 0.158653639626552 0.762064374940049 -0.034320113828286 -0.626824569450890
1735690923.000820636749268 -1.863334194857796 -0.550726565315639 -1.353955940898842 0.147860695363755 0.762137006940092 -0.030987302763208 -0.629542837689705
1735690923.100837945938110 -1.864069599251581 -0.549654501168031 -1.353410632381876 0.153986884426069 0.748406227213109 -0.030093974507952 -0.644414859536703
1735690923.200838088989258 -1.869335693269438 -0.546667450883044 -1.350102734377227 0.133233467929234 0.761449343113115 -0.076746050636338 -0.629725165931837
1735690923.300864696502686 -1.870315055027617 -0.545906941674022 -1.351695230839645 0.110928209994989 0.778243900111833 -0.111474401137842 -0.607951331980604
1735690923.400896549224854 -1.871484839683649 -0.544596760379508 -1.352948135627904 0.092352366722847 0.759746064426153 -0.151290132250298 -0.625594320493199
1735690923.500934839248657 -1.872026645162955 -0.544050719970762 -1.353882837235543 0.098612775149512 0.752641928812259 -0.150039814640814 -0.633477467313262
1735690923.600976705551147 -1.872277833029607 -0.543317394504868 -1.354316200565406 0.091176085546113 0.740617404208822 -0.148837774732884 -0.648860615864485
1735690923.701035976409912 -1.873470085582505 -0.542032158850065 -1.354029022064059 0.094971367664571 0.715310055924565 -0.153942895116004 -0.674991517176638
1735690923.801109552383423 -1.872307229459562 -0.542507402211878 -1.353819292904156 0.122571182581154 0.689462863281486 -0.161122391120204 -0.695454412910048
1735690923.901168584823608 -1.873012628744007 -0.541579636078563 -1.353417735626770 0.119990935557874 0.669930746111458 -0.170090099100169 -0.712646005381765
1735690924.001264572143555 -1.872953195805515 -0.541678069651489 -1.354031246868463 0.122528268244799 0.672496084860306 -0.169095795308974 -0.710029894678609
1735690924.101342916488647 -1.873100327482916 -0.541903373855519 -1.354456096952424 0.122942338461072 0.657719463474904 -0.180576409426091 -0.720890039561366
1735690924.201431512832642 -1.872933241138555 -0.542198068929964 -1.354681879324103 0.120383888446285 0.653922219012626 -0.185641164406315 -0.723485182268457
1735690924.301484823226929 -1.872130045945728 -0.542211401605386 -1.354842139559981 0.120750140242299 0.663952902366571 -0.175869466836434 -0.716697898493598
1735690924.401563167572021 -1.871790741251363 -0.542361341334305 -1.355373483745210 0.117090579736316 0.655515012615634 -0.173511474068602 -0.725591918876637
1735690924.501630067825317 -1.872374913082997 -0.542367045756340 -1.355302822502436 0.115404675915962 0.638615895175304 -0.167315719323496 -0.742197378918464
1735690924.601708173751831 -1.873037495658051 -0.542080172732709 -1.354869730664667 0.106192161215268 0.624821389621541 -0.179186862033676 -0.752471610389629
1735690924.701787710189819 -1.873407305268507 -0.542091046167447 -1.355120373500467 0.103001204114891 0.613594243454872 -0.179181553930897 -0.762093712794454
1735690924.801857471466064 -1.873814941722018 -0.542315083068691 -1.355582281940725 0.109189041003300 0.615715460169874 -0.187463830354088 -0.757515371290612
1735690924.901948928833008 -1.873995245123397 -0.542324904561646 -1.355621939997532 0.109714334783807 0.612552436854130 -0.188125897203566 -0.759836116309542
1735690925.002013206481934 -1.873729119267631 -0.542300524869192 -1.355974310302737 0.104198169068075 0.619955037462560 -0.181507318709274 -0.756210014706647
1735690925.102099418640137 -1.872118431755127 -0.542198142194605 -1.355787510721349 0.093218703048792 0.636379429304896 -0.167073669447504 -0.747273634177483
1735690925.202155828475952 -1.872282207536441 -0.541987812901277 -1.355466032171822 0.089129386253269 0.631743080229105 -0.160931769246208 -0.753032269385612
1735690925.302220821380615 -1.872146942650526 -0.541748606211760 -1.355449742336830 0.084042558230618 0.636399746147845 -0.157675037828530 -0.750380432817103
1735690925.402233362197876 -1.871400088775286 -0.541090588556157 -1.355598875336903 0.060990459373155 0.644214311526540 -0.133248187277001 -0.750675033071722
1735690925.502259492874146 -1.868728214659182 -0.540029314314272 -1.358310311374532 0.020696772206852 0.643042992175440 -0.087918426539467 -0.760485176784597
1735690925.602257251739502 -1.868796796209059 -0.540011605039321 -1.358289605564624 0.020582591768903 0.640418453878684 -0.086840557517001 -0.762823228813758
1735690925.702260255813599 -1.868836658050816 -0.539996311549007 -1.358269905439290 0.020450436625721 0.639805324196996 -0.086612134250989 -0.763367057824401
1735690925.802252769470215 -1.868960120247867 -0.539975347900015 -1.358291005097434 0.020300153959404 0.637386562093001 -0.085604410581297 -0.765505165953515
1735690925.902252912521362 -1.868984984757754 -0.539969133595111 -1.358289507566373 0.020259632826228 0.637094841875338 -0.085510237172959 -0.765759563487267
1735690926.002254247665405 -1.868908191727588 -0.539989732699795 -1.358320490620158 0.020434099704813 0.638975424145492 -0.086320071270318 -0.764095347586431
1735690926.102276325225830 -1.868914623971951 -0.539994116190322 -1.358313473031050 0.020495971257273 0.639229692493565 -0.086420258889373 -0.763869657893477
1735690926.202255249023438 -1.868897212075445 -0.539995167219037 -1.358324177537351 0.020469399281281 0.639348420077664 -0.086443490701687 -0.763768370877301
1735690926.302258491516113 -1.868892528711863 -0.539994402812459 -1.358317734506786 0.020469570330636 0.639475661620933 -0.086507227394630 -0.763654617280249
1735690926.402248144149780 -1.868888330881077 -0.539996998117208 -1.358319849603943 0.020494961473571 0.639513020761519 -0.086528551428312 -0.763620234552747
1735690926.502204418182373 -1.868877887802215 -0.540001590241489 -1.358331090012534 0.020514864921019 0.639471706624870 -0.086520396574267 -0.763655221759257
1735690926.602194309234619 -1.868880093172298 -0.539999673003919 -1.358326817908702 0.020509952351281 0.639519335330753 -0.086533466136847 -0.763613986796342
1735690926.702150821685791 -1.868877013305939 -0.540003084745686 -1.358327068509940 0.020534434893054 0.639515856495534 -0.086529914577466 -0.763616644762032
1735690926.802122831344604 -1.868874373632387 -0.540000998278683 -1.358329379967877 0.020507972587259 0.639535832708873 -0.086535090346065 -0.763600039209354
1735690926.902115106582642 -1.868874703186199 -0.540003955600167 -1.358326108153582 0.020541010412559 0.639569340028267 -0.086529007626596 -0.763571775949187
1735690927.002116918563843 -1.868877478810521 -0.540005374990276 -1.358326635483490 0.020543823766396 0.639594199875915 -0.086533594868374 -0.763550357048767
1735690927.102118492126465 -1.868878161490759 -0.540006401429670 -1.358322741446836 0.020540216143256 0.639612936749639 -0.086531097610291 -0.763535041638332
1735690927.202114820480347 -1.868874915947673 -0.540008818745970 -1.358320459820705 0.020580304865025 0.639644220572018 -0.086537189862879 -0.763507064087238
1735690927.302099943161011 -1.868879131213995 -0.540006600493904 -1.358323408935706 0.020558304838146 0.639639443090402 -0.086555651073895 -0.763509566549338
1735690927.402072191238403 -1.868876739695990 -0.540008053062023 -1.358326286287445 0.020562253121437 0.639638439977580 -0.086556242716541 -0.763510233524353
1735690927.502063512802124 -1.868869200198340 -0.540009343485813 -1.358323570160405 0.020558364621351 0.639662836186098 -0.086568253261339 -0.763488537683267
1735690927.602018356323242 -1.868869616521249 -0.540009450244815 -1.358326510240005 0.020560117056552 0.639659346442313 -0.086568552671866 -0.763491380294442
1735690927.702000379562378 -1.868866661744390 -0.540007686231584 -1.358328879465196 0.020536669762377 0.639672038474198 -0.086576390274179 -0.763480488969056
1735690927.801963806152344 -1.868871389438416 -0.540009007812448 -1.358329157263994 0.020543925286078 0.639703191699519 -0.086579922681353 -0.763453790777005
