1735690718.338561 0.000013 0.000226 -0.000085 0.000005 0.000001 0.000033 1.000000
1735690718.438553 0.000269 0.000541 -0.000294 -0.000009 0.000060 0.000166 1.000000
1735690718.538556 0.000322 0.001363 -0.000257 -0.000256 -0.000076 0.000454 1.000000
1735690718.638551 0.000015 -0.000037 0.000012 -0.000003 -0.000005 -0.000002 1.000000
1735690718.738556 0.000036 -0.000015 -0.000004 -0.000002 -0.000007 0.000004 1.000000
1735690718.838562 0.000008 -0.000024 -0.000004 -0.000001 -0.000007 -0.000012 1.000000
1735690718.938554 0.000015 -0.000006 -0.000006 0.000000 -0.000004 -0.000003 1.000000
1735690719.038554 0.000019 -0.000047 0.000004 -0.000009 -0.000006 -0.000006 1.000000
1735690719.138552 0.000017 -0.000034 0.000002 -0.000007 -0.000010 -0.000008 1.000000
1735690719.238551 0.000028 -0.000035 -0.000003 -0.000001 -0.000005 0.000000 1.000000
1735690719.338557 -0.000000 -0.000013 -0.000001 0.000004 0.000001 0.000001 1.000000
1735690719.438558 -0.000000 -0.000013 0.000001 0.000001 -0.000000 -0.000004 1.000000
1735690719.538553 0.000013 -0.000022 -0.000006 -0.000004 -0.000003 -0.000000 1.000000
1735690719.638558 0.000016 -0.000010 0.000000 0.000002 -0.000003 0.000005 1.000000
1735690719.738550 0.000020 -0.000035 0.000004 -0.000005 -0.000007 -0.000002 1.000000
1735690719.838562 0.000021 -0.000037 -0.000005 -0.000009 -0.000007 0.000001 1.000000
1735690719.938559 0.000016 -0.000013 -0.000003 -0.000002 -0.000007 -0.000008 1.000000
1735690720.038551 0.000014 -0.000035 -0.000002 -0.000007 -0.000006 -0.000005 1.000000
1735690720.138552 0.000013 -0.000040 -0.000002 -0.000012 -0.000005 -0.000000 1.000000
1735690720.238554 0.000017 -0.000026 -0.000006 -0.000004 -0.000005 0.000001 1.000000
1735690720.338555 0.000011 -0.000044 -0.000003 -0.000009 -0.000004 -0.000003 1.000000
1735690720.438555 0.000010 0.000001 -0.000001 -0.000003 -0.000006 0.000000 1.000000
1735690720.538567 0.000001 -0.000037 0.000013 -0.000012 -0.000002 0.000001 1.000000
1735690720.638551 -0.000001 -0.000034 0.000008 -0.000007 -0.000002 0.000001 1.000000
1735690720.738560 0.000014 -0.000032 -0.000002 -0.000006 -0.000004 0.000003 1.000000
1735690720.838550 0.000007 -0.000025 -0.000000 -0.000008 -0.000005 -0.000001 1.000000
1735690720.938555 0.000008 -0.000031 0.000001 -0.000006 -0.000002 0.000002 1.000000
1735690721.038561 0.000034 -0.000013 0.000002 0.000002 -0.000017 -0.000011 1.000000
1735690721.138551 0.000013 -0.000012 0.000008 0.000001 -0.000007 0.000005 1.000000
1735690721.238552 -0.000011 -0.000035 -0.000002 -0.000006 -0.000000 -0.000001 1.000000
1735690721.338552 0.000037 -0.000013 0.000000 0.000006 -0.000013 0.000002 1.000000
1735690721.438556 0.000008 -0.000009 -0.000005 0.000009 -0.000005 -0.000000 1.000000
1735690721.538554 0.000020 -0.000012 0.000003 0.000008 -0.000009 -0.000005 1.000000
1735690721.638559 0.000017 -0.000027 -0.000005 0.000002 -0.000010 -0.000009 1.000000
1735690721.738553 -0.000000 -0.000011 0.000004 0.000006 -0.000004 -0.000003 1.000000
1735690721.838567 0.000003 -0.000015 0.000003 -0.000002 -0.000003 0.000003 1.000000
1735690721.938553 0.000004 -0.000005 0.000005 0.000009 -0.000007 -0.000005 1.000000
1735690722.038553 0.000013 -0.000033 -0.000002 -0.000004 -0.000007 -0.000001 1.000000
1735690722.138565 -0.000011 -0.000005 0.000006 0.000004 -0.000002 -0.000000 1.000000
1735690722.238552 -0.000008 -0.000013 0.000003 0.000000 -0.000004 -0.000001 1.000000
1735690722.338554 0.000005 -0.000034 -0.000001 -0.000009 -0.000007 -0.000001 1.000000
1735690722.438552 -0.000003 0.000003 -0.000001 0.000006 -0.000005 -0.000005 1.000000
1735690722.538551 0.000031 -0.000044 -0.000003 -0.000009 -0.000011 0.000000 1.000000
1735690722.638551 0.000015 -0.000023 -0.000004 -0.000008 -0.000011 -0.000002 1.000000
1735690722.738559 0.000026 -0.000028 -0.000009 -0.000007 -0.000012 -0.000006 1.000000
1735690722.838555 0.000026 -0.000012 -0.000002 -0.000012 -0.000010 -0.000004 1.000000
1735690722.938559 0.000002 0.000008 -0.000000 -0.000015 -0.000011 -0.000010 1.000000
1735690723.038551 -0.000004 -0.000006 0.000000 -0.000023 -0.000012 -0.000012 1.000000
1735690723.138552 0.000008 -0.000024 0.000008 -0.000031 -0.000016 -0.000020 1.000000
1735690723.238559 0.000011 -0.000009 -0.000001 -0.000032 -0.000018 -0.000020 1.000000
1735690723.338552 -0.000008 -0.000013 0.000007 -0.000036 -0.000016 -0.000017 1.000000
1735690723.438554 -0.000003 -0.000029 0.000006 -0.000051 -0.000017 -0.000021 1.000000
1735690723.538551 -0.000015 -0.000036 -0.000005 -0.000051 -0.000016 -0.000025 1.000000
1735690723.638551 0.000015 -0.000020 -0.000003 -0.000050 -0.000023 -0.000026 1.000000
1735690723.738556 -0.000002 -0.000018 0.000008 -0.000053 -0.000020 -0.000025 1.000000
1735690723.838572 -0.000015 -0.000019 -0.000012 -0.000053 -0.000020 -0.000029 1.000000
1735690723.938554 -0.000015 -0.000013 0.000004 -0.000054 -0.000020 -0.000031 1.000000
1735690724.038558 0.000019 -0.000017 -0.000003 -0.000050 -0.000028 -0.000032 1.000000
1735690724.138552 -0.000009 -0.000029 -0.000005 -0.000063 -0.000021 -0.000032 1.000000
1735690724.238553 -0.000008 -0.000032 0.000002 -0.000064 -0.000024 -0.000034 1.000000
1735690724.338559 -0.000001 -0.000037 0.000003 -0.000065 -0.000025 -0.000033 1.000000
1735690724.438551 -0.000003 -0.000048 0.000003 -0.000074 -0.000027 -0.000038 1.000000
1735690724.538554 -0.000018 -0.000047 0.000003 -0.000077 -0.000023 -0.000036 1.000000
1735690724.638553 -0.000004 -0.000034 0.000003 -0.000072 -0.000029 -0.000038 1.000000
1735690724.738551 0.000013 -0.000034 0.000004 -0.000078 -0.000034 -0.000041 1.000000
1735690724.838554 -0.000008 -0.000025 0.000004 -0.000075 -0.000031 -0.000041 1.000000
1735690724.938566 -0.000016 -0.000026 0.000011 -0.000071 -0.000027 -0.000040 1.000000
1735690725.038552 -0.000002 -0.000036 -0.000004 -0.000076 -0.000031 -0.000038 1.000000
1735690725.138557 -0.000005 -0.000014 0.000000 -0.000067 -0.000031 -0.000039 1.000000
1735690725.238554 0.000000 -0.000025 0.000001 -0.000075 -0.000033 -0.000039 1.000000
1735690725.338555 -0.000014 -0.000025 0.000009 -0.000078 -0.000035 -0.000042 1.000000
1735690725.438559 -0.000000 -0.000028 0.000003 -0.000078 -0.000033 -0.000043 1.000000
1735690725.538550 -0.000005 -0.000027 0.000010 -0.000080 -0.000034 -0.000041 1.000000
1735690725.638553 -0.000018 -0.000031 0.000004 -0.000078 -0.000033 -0.000047 1.000000
1735690725.738553 -0.000010 -0.000041 0.000007 -0.000083 -0.000035 -0.000045 1.000000
1735690725.838553 -0.000009 -0.000030 0.000007 -0.000081 -0.000035 -0.000044 1.000000
1735690725.938554 -0.000019 -0.000019 -0.000001 -0.000079 -0.000036 -0.000043 1.000000
1735690726.038569 0.000013 -0.000032 0.000008 -0.000078 -0.000047 -0.000046 1.000000
1735690726.138552 -0.000004 -0.000028 0.000002 -0.000083 -0.000046 -0.000051 1.000000
1735690726.238567 0.000006 -0.000027 0.000007 -0.000082 -0.000046 -0.000044 1.000000
1735690726.338553 -0.000015 -0.000043 0.000007 -0.000087 -0.000043 -0.000046 1.000000
1735690726.438550 -0.000017 -0.000042 0.000012 -0.000089 -0.000042 -0.000045 1.000000
1735690726.538559 0.000009 -0.000040 0.000006 -0.000088 -0.000053 -0.000043 1.000000
1735690726.638550 0.000006 -0.000019 0.000007 -0.000082 -0.000053 -0.000045 1.000000
1735690726.738553 -0.000012 -0.000029 0.000028 -0.000084 -0.000050 -0.000043 1.000000
1735690726.838551 -0.000002 -0.000033 0.000012 -0.000085 -0.000056 -0.000044 1.000000
1735690726.938553 -0.000009 -0.000034 0.000002 -0.000087 -0.000054 -0.000043 1.000000
1735690727.038552 -0.000008 -0.000041 0.000020 -0.000089 -0.000055 -0.000040 1.000000
1735690727.138562 -0.000014 -0.000043 0.000012 -0.000094 -0.000057 -0.000047 1.000000
1735690727.238553 -0.000008 -0.000035 0.000029 -0.000091 -0.000057 -0.000041 1.000000
1735690727.338559 0.000006 -0.000055 0.000025 -0.000095 -0.000060 -0.000035 1.000000
1735690727.438552 -0.000005 -0.000036 0.000021 -0.000091 -0.000060 -0.000038 1.000000
1735690727.538556 -0.000022 -0.000027 0.000023 -0.000086 -0.000055 -0.000037 1.000000
1735690727.638557 -0.000028 -0.000035 0.000027 -0.000084 -0.000058 -0.000045 1.000000
1735690727.738550 -0.000018 -0.000031 0.000029 -0.000089 -0.000062 -0.000042 1.000000
1735690727.838549 -0.000029 -0.000028 0.000022 -0.000088 -0.000059 -0.000043 1.000000
1735690727.938555 -0.000002 -0.000048 0.000020 -0.000087 -0.000064 -0.000040 1.000000
1735690728.038552 -0.000031 -0.000055 0.000034 -0.000091 -0.000058 -0.000042 1.000000
1735690728.138550 -0.000010 -0.000042 0.000030 -0.000093 -0.000064 -0.000036 1.000000
1735690728.238559 -0.000022 -0.000028 0.000035 -0.000087 -0.000059 -0.000037 1.000000
1735690728.338552 -0.000003 -0.000052 0.000034 -0.000094 -0.000064 -0.000035 1.000000
1735690728.438560 -0.000022 -0.000040 0.000035 -0.000094 -0.000062 -0.000041 1.000000
1735690728.538553 -0.000013 -0.000037 0.000018 -0.000093 -0.000062 -0.000035 1.000000
1735690728.638554 -0.000002 -0.000046 0.000037 -0.000095 -0.000067 -0.000041 1.000000
1735690728.738558 -0.000013 -0.000030 0.000029 -0.000091 -0.000063 -0.000040 1.000000
1735690728.838552 -0.000017 -0.000025 0.000041 -0.000088 -0.000066 -0.000041 1.000000
1735690728.938552 -0.000013 -0.000034 0.000031 -0.000095 -0.000066 -0.000040 1.000000
1735690729.038555 -0.000001 -0.000026 0.000029 -0.000088 -0.000070 -0.000040 1.000000
1735690729.138553 -0.000018 -0.000018 0.000036 -0.000084 -0.000063 -0.000034 1.000000
1735690729.238553 -0.000024 -0.000032 0.000025 -0.000086 -0.000066 -0.000041 1.000000
1735690729.338567 -0.000037 -0.000032 0.000040 -0.000091 -0.000064 -0.000044 1.000000
1735690729.438554 -0.000013 -0.000048 0.000048 -0.000100 -0.000064 -0.000035 1.000000
1735690729.538559 -0.000022 -0.000031 0.000045 -0.000093 -0.000067 -0.000040 1.000000
1735690729.638553 -0.000017 -0.000026 0.000037 -0.000095 -0.000066 -0.000036 1.000000
1735690729.738551 -0.000021 -0.000032 0.000036 -0.000095 -0.000066 -0.000037 1.000000
1735690729.838560 -0.000010 -0.000029 0.000057 -0.000096 -0.000071 -0.000041 1.000000
1735690729.938553 -0.000024 -0.000017 0.000037 -0.000087 -0.000063 -0.000033 1.000000
1735690730.038553 -0.000010 -0.000004 0.000040 -0.000084 -0.000068 -0.000033 1.000000
1735690730.138557 -0.000012 -0.000022 0.000038 -0.000092 -0.000068 -0.000036 1.000000
1735690730.238561 -0.000019 -0.000033 0.000047 -0.000093 -0.000068 -0.000039 1.000000
1735690730.338551 -0.000008 -0.000024 0.000035 -0.000091 -0.000070 -0.000036 1.000000
1735690730.438565 -0.000013 -0.000027 0.000044 -0.000093 -0.000071 -0.000041 1.000000
1735690730.538554 -0.000013 -0.000032 0.000047 -0.000096 -0.000070 -0.000041 1.000000
1735690730.638568 -0.000018 -0.000043 0.000048 -0.000096 -0.000068 -0.000042 1.000000
1735690730.738552 -0.000019 -0.000046 0.000060 -0.000099 -0.000069 -0.000043 1.000000
1735690730.838550 -0.000003 -0.000019 0.000041 -0.000086 -0.000073 -0.000042 1.000000
1735690730.938560 -0.000006 -0.000037 0.000054 -0.000094 -0.000071 -0.000038 1.000000
1735690731.038551 -0.000012 -0.000026 0.000040 -0.000091 -0.000069 -0.000041 1.000000
1735690731.138555 -0.000011 -0.000032 0.000057 -0.000091 -0.000072 -0.000042 1.000000
1735690731.238552 0.000004 -0.000016 0.000051 -0.000092 -0.000074 -0.000039 1.000000
1735690731.338550 -0.000017 -0.000030 0.000061 -0.000089 -0.000069 -0.000037 1.000000
1735690731.438552 -0.000020 -0.000026 0.000051 -0.000091 -0.000071 -0.000043 1.000000
1735690731.538567 -0.000023 -0.000022 0.000062 -0.000090 -0.000069 -0.000041 1.000000
1735690731.638553 -0.000004 -0.000020 0.000054 -0.000092 -0.000072 -0.000040 1.000000
1735690731.738558 -0.000012 -0.000030 0.000054 -0.000094 -0.000071 -0.000040 1.000000
1735690731.838551 -0.000022 -0.000032 0.000053 -0.000091 -0.000069 -0.000042 1.000000
1735690731.938555 -0.000009 -0.000021 0.000058 -0.000093 -0.000073 -0.000038 1.000000
1735690732.038559 -0.000012 -0.000027 0.000061 -0.000097 -0.000075 -0.000042 1.000000
1735690732.138554 -0.000001 -0.000021 0.000058 -0.000096 -0.000077 -0.000042 1.000000
1735690732.238552 -0.000007 -0.000017 0.000051 -0.000091 -0.000075 -0.000041 1.000000
1735690732.338553 -0.000030 -0.000005 0.000068 -0.000091 -0.000069 -0.000041 1.000000
1735690732.438552 -0.000001 -0.000029 0.000068 -0.000092 -0.000077 -0.000037 1.000000
1735690732.538551 -0.000002 -0.000038 0.000069 -0.000097 -0.000074 -0.000034 1.000000
1735690732.638568 -0.000003 -0.000007 0.000043 -0.000086 -0.000076 -0.000039 1.000000
1735690732.738552 -0.000003 -0.000016 0.000068 -0.000091 -0.000075 -0.000038 1.000000
1735690732.838567 -0.000017 -0.000021 0.000072 -0.000088 -0.000073 -0.000044 1.000000
1735690732.938553 -0.000012 -0.000031 0.000072 -0.000098 -0.000075 -0.000032 1.000000
1735690733.038553 -0.000007 -0.000031 0.000066 -0.000096 -0.000076 -0.000043 1.000000
1735690733.138559 -0.000018 -0.000024 0.000071 -0.000093 -0.000074 -0.000038 1.000000
1735690733.238567 -0.000000 -0.000029 0.000068 -0.000095 -0.000079 -0.000042 1.000000
1735690733.338552 -0.000006 -0.000026 0.000069 -0.000099 -0.000076 -0.000040 1.000000
1735690733.438552 -0.000008 -0.000030 0.000067 -0.000093 -0.000075 -0.000042 1.000000
1735690733.538554 -0.000011 -0.000036 0.000061 -0.000103 -0.000077 -0.000039 1.000000
1735690733.638554 -0.000009 -0.000017 0.000065 -0.000092 -0.000077 -0.000037 1.000000
1735690733.738566 -0.000018 -0.000023 0.000059 -0.000095 -0.000072 -0.000038 1.000000
1735690733.838552 -0.000008 -0.000025 0.000071 -0.000093 -0.000076 -0.000040 1.000000
1735690733.938560 -0.000015 -0.000020 0.000086 -0.000095 -0.000075 -0.000034 1.000000
1735690734.038553 -0.000001 -0.000039 0.000074 -0.000099 -0.000078 -0.000038 1.000000
1735690734.138555 -0.000020 -0.000035 0.000075 -0.000101 -0.000075 -0.000041 1.000000
1735690734.238550 -0.000018 -0.000013 0.000080 -0.000093 -0.000074 -0.000038 1.000000
1735690734.338551 -0.000012 -0.000025 0.000085 -0.000096 -0.000078 -0.000041 1.000000
1735690734.438553 -0.000004 -0.000010 0.000083 -0.000093 -0.000077 -0.000039 1.000000
1735690734.538555 -0.000017 -0.000028 0.000087 -0.000101 -0.000074 -0.000039 1.000000
1735690734.638552 -0.000008 -0.000047 0.000084 -0.000098 -0.000076 -0.000036 1.000000
1735690734.738554 -0.000013 -0.000013 0.000070 -0.000095 -0.000078 -0.000042 1.000000
1735690734.838568 -0.000022 -0.000024 0.000075 -0.000094 -0.000074 -0.000041 1.000000
1735690734.938554 -0.000011 -0.000011 0.000086 -0.000098 -0.000079 -0.000038 1.000000
1735690735.038567 -0.000027 -0.000009 0.000074 -0.000090 -0.000074 -0.000038 1.000000
1735690735.138553 -0.000017 -0.000015 0.000086 -0.000094 -0.000073 -0.000036 1.000000
1735690735.238553 -0.000012 0.000002 0.000077 -0.000093 -0.000078 -0.000042 1.000000
1735690735.338559 -0.000012 -0.000015 0.000072 -0.000093 -0.000074 -0.000037 1.000000
1735690735.438559 -0.000023 -0.000014 0.000074 -0.000095 -0.000074 -0.000040 1.000000
1735690735.538550 -0.000015 0.000000 0.000090 -0.000090 -0.000074 -0.000038 1.000000
1735690735.638553 -0.000023 -0.000014 0.000083 -0.000096 -0.000072 -0.000035 1.000000
1735690735.738553 0.000348 0.000766 -0.000074 -0.000155 -0.000047 0.000100 1.000000
1735690735.838552 -0.000008 -0.000020 0.000081 -0.000095 -0.000079 -0.000040 1.000000
1735690735.938565 -0.000006 -0.000004 0.000076 -0.000090 -0.000076 -0.000041 1.000000
1735690736.038556 0.000007 -0.000049 0.000072 -0.000104 -0.000079 -0.000038 1.000000
1735690736.138566 0.000014 0.000002 0.000084 -0.000085 -0.000082 -0.000039 1.000000
1735690736.238551 -0.000007 -0.000018 0.000071 -0.000099 -0.000078 -0.000033 1.000000
1735690736.338551 -0.000008 -0.000018 0.000087 -0.000094 -0.000073 -0.000035 1.000000
1735690736.438560 0.000015 -0.000025 0.000089 -0.000088 -0.000073 -0.000031 1.000000
1735690736.538550 0.000260 0.000789 0.000001 -0.000373 0.001065 -0.000281 0.999999
1735690736.638553 0.000160 -0.000035 -0.000029 0.000008 -0.000666 0.000238 1.000000
1735690736.738553 -0.000124 -0.000010 -0.000094 0.000177 -0.001829 0.000884 0.999998
1735690736.838553 -0.000175 -0.000196 -0.000359 -0.000043 -0.002750 0.004103 0.999988
1735690736.938553 -0.000079 -0.000125 -0.000164 -0.003829 -0.002058 0.005407 0.999976
1735690737.038567 0.000242 -0.000233 0.000087 -0.018000 -0.001514 0.012900 0.999754
1735690737.138552 0.001552 -0.000247 0.000287 -0.046718 0.004534 0.015623 0.998776
1735690737.238571 0.001919 -0.002564 0.000482 -0.037108 0.007075 0.007671 0.999257
1735690737.338552 0.001220 -0.005274 0.000489 -0.017517 0.005400 -0.000939 0.999832
1735690737.438553 0.000718 -0.006838 0.000297 -0.013406 0.008341 0.003669 0.999869
1735690737.538558 -0.000550 -0.009285 -0.000779 -0.010863 0.005564 0.003291 0.999920
1735690737.638550 -0.000289 -0.018103 -0.002924 -0.016998 0.005876 -0.003356 0.999833
1735690737.738551 0.002425 -0.012688 -0.005983 -0.031370 0.015107 -0.006419 0.999373
1735690737.838551 0.007419 -0.017961 -0.005540 -0.026518 0.026962 -0.010197 0.999233
1735690737.938550 0.014019 -0.036000 0.001646 -0.020647 0.040573 -0.018593 0.998790
1735690738.038553 0.026243 -0.046350 0.006109 -0.016132 0.063674 -0.020147 0.997637
1735690738.138558 0.037384 -0.068246 0.017241 -0.019148 0.078062 -0.028825 0.996348
1735690738.238550 0.046973 -0.081768 0.022980 -0.022771 0.063970 -0.039032 0.996928
1735690738.338574 0.060495 -0.098443 0.034052 -0.014948 0.064740 -0.044666 0.996790
1735690738.438553 0.079923 -0.112697 0.046381 -0.000213 0.077163 -0.053768 0.995568
1735690738.538552 0.088192 -0.138125 0.058789 0.006726 0.083805 -0.060581 0.994616
1735690738.638559 0.116205 -0.141041 0.067284 0.013079 0.095848 -0.055858 0.993741
1735690738.738551 0.136962 -0.154493 0.072986 0.017717 0.083438 -0.081137 0.993046
1735690738.838551 0.157569 -0.166062 0.080061 0.017885 0.086814 -0.084395 0.992482
1735690738.938552 0.157848 -0.191030 0.076941 0.018405 0.076924 -0.094521 0.992376
1735690739.038550 0.173765 -0.183644 0.072334 0.015891 0.063840 -0.107377 0.992039
1735690739.138555 0.179382 -0.187934 0.071018 0.016908 0.058400 -0.095014 0.993618
1735690739.238574 0.181110 -0.189052 0.074392 0.020762 0.052935 -0.080158 0.995159
1735690739.338553 0.189944 -0.189363 0.081767 0.042909 0.063080 -0.066201 0.994886
1735690739.438566 0.201140 -0.191872 0.085659 0.034101 0.064552 -0.052735 0.995936
1735690739.538552 0.211114 -0.191770 0.091632 0.024407 0.067769 -0.045894 0.996346
1735690739.638555 0.215730 -0.192821 0.096784 0.028234 0.054074 -0.077287 0.995141
1735690739.738560 0.225994 -0.200799 0.105846 0.011215 0.061240 -0.070598 0.995560
1735690739.838553 0.233124 -0.201130 0.109450 0.021815 0.064874 -0.061043 0.995786
1735690739.938543 0.218003 -0.207165 0.106535 0.023065 0.063342 -0.069367 0.995311
1735690740.038523 0.227027 -0.196338 0.108485 0.033255 0.057558 -0.055833 0.996225
1735690740.138520 0.230933 -0.197877 0.111476 0.013166 0.056118 0.006410 0.998317
1735690740.238521 0.228629 -0.200363 0.112398 -0.011778 0.052691 0.033273 0.997987
1735690740.338532 0.233699 -0.190471 0.112065 0.006212 0.042375 0.024782 0.998775
1735690740.438520 0.239563 -0.190344 0.117401 0.020371 0.035906 -0.018560 0.998975
1735690740.538527 0.240196 -0.193396 0.119511 0.035976 0.011167 -0.089585 0.995267
1735690740.638533 0.248604 -0.179576 0.119386 0.028211 -0.001055 -0.075049 0.996780
1735690740.738525 0.248809 -0.171062 0.127063 0.022265 -0.001501 -0.083299 0.996275
1735690740.838527 0.249767 -0.163785 0.138430 0.010400 0.007956 -0.047888 0.998767
1735690740.938523 0.249354 -0.157552 0.152233 0.014935 -0.004370 -0.065027 0.997762
1735690741.038522 0.247289 -0.169172 0.161986 -0.005351 -0.003238 -0.023748 0.999698
1735690741.138520 0.262578 -0.149945 0.175822 -0.022902 -0.009404 -0.004649 0.999683
1735690741.238520 0.275911 -0.142874 0.195890 -0.026108 0.004668 0.005860 0.999631
1735690741.338522 0.276065 -0.169372 0.213744 -0.031310 0.027464 -0.002174 0.999130
1735690741.438541 0.290559 -0.155589 0.225569 -0.031176 0.035747 -0.002271 0.998872
1735690741.538538 0.291341 -0.154098 0.238382 -0.030662 0.034006 -0.031088 0.998467
1735690741.638535 0.288990 -0.153294 0.252206 -0.035754 0.033026 -0.033766 0.998244
1735690741.738521 0.285588 -0.152477 0.267464 -0.036876 0.029326 -0.035457 0.998260
1735690741.838520 0.284417 -0.150914 0.283610 -0.042410 0.031750 -0.017241 0.998447
1735690741.938528 0.276401 -0.160377 0.302137 -0.040985 0.032003 -0.013601 0.998554
1735690742.038521 0.282616 -0.139156 0.321649 -0.045690 0.026672 -0.001886 0.998598
1735690742.138523 0.286998 -0.131008 0.346743 -0.034786 0.023180 -0.001873 0.999124
1735690742.238521 0.290944 -0.141841 0.380034 -0.036964 0.029492 0.018759 0.998705
1735690742.338518 0.307061 -0.122081 0.408739 -0.034032 0.033097 0.022883 0.998610
1735690742.438520 0.311471 -0.129186 0.441160 -0.032729 0.039293 0.013646 0.998598
1735690742.538537 0.323268 -0.112145 0.468366 -0.023775 0.045768 0.021757 0.998432
1735690742.638518 0.326109 -0.100943 0.492435 -0.033328 0.049631 0.017317 0.998061
1735690742.738538 0.322311 -0.101948 0.517779 -0.048960 0.054369 0.015521 0.997199
1735690742.838518 0.318398 -0.080801 0.540575 -0.045680 0.054226 0.009391 0.997439
1735690742.938523 0.309355 -0.068965 0.566051 -0.048685 0.061667 0.000338 0.996909
1735690743.038527 0.294255 -0.068327 0.593903 -0.056146 0.066299 -0.014668 0.996111
1735690743.138520 0.276140 -0.052454 0.623509 -0.048076 0.066000 -0.036888 0.995978
1735690743.238521 0.262640 -0.055630 0.652071 -0.051161 0.076314 -0.040322 0.994954
1735690743.338520 0.245896 -0.050851 0.677574 -0.040925 0.073735 -0.041140 0.995588
1735690743.438521 0.233248 -0.050828 0.702253 -0.038520 0.064861 -0.053342 0.995723
1735690743.538521 0.223338 -0.044193 0.727934 -0.033144 0.057099 -0.049935 0.996568
1735690743.638534 0.219264 -0.035483 0.756880 -0.038799 0.053372 -0.042883 0.996899
1735690743.738521 0.217745 -0.021144 0.786455 -0.035524 0.047825 -0.038609 0.997477
1735690743.838531 0.221244 -0.006263 0.821695 -0.038400 0.047382 -0.027780 0.997752
1735690743.938542 0.228071 0.008696 0.859398 -0.043382 0.046198 -0.021070 0.997767
1735690744.038573 0.238582 0.020365 0.895772 -0.043724 0.049939 -0.007931 0.997763
1735690744.138612 0.247687 0.026556 0.936783 -0.036848 0.051001 -0.003915 0.998011
1735690744.238671 0.252305 0.037393 0.973126 -0.036922 0.045130 -0.013012 0.998214
1735690744.338727 0.252453 0.049891 1.006778 -0.042617 0.038529 -0.018661 0.998174
1735690744.438855 0.247179 0.059102 1.048190 -0.041512 0.032297 -0.027293 0.998243
1735690744.538999 0.241179 0.066865 1.094227 -0.038976 0.028417 -0.034281 0.998248
1735690744.639178 0.237406 0.089330 1.124527 -0.027556 0.025704 -0.045490 0.998254
1735690744.729168 0.230128 0.094810 1.180978 -0.017596 0.030771 -0.061836 0.997457
1735690744.829389 0.227632 0.111926 1.223579 -0.042446 0.043283 -0.051963 0.996807
1735690744.929648 0.220133 0.126880 1.246824 -0.044129 0.045194 -0.064182 0.995937
1735690745.029969 0.220045 0.137212 1.295625 -0.053364 0.045006 -0.056002 0.995987
1735690745.130307 0.219500 0.154397 1.339637 -0.056410 0.036451 -0.058388 0.996032
1735690745.230633 0.209264 0.172609 1.363474 -0.056831 0.031161 -0.046464 0.996815
1735690745.330969 0.213400 0.188885 1.415628 -0.057769 0.023051 -0.041654 0.997194
1735690745.431283 0.222356 0.209848 1.440499 -0.064617 0.023294 -0.027315 0.997264
1735690745.531567 0.237952 0.225110 1.482677 -0.084124 0.030117 -0.014505 0.995894
1735690745.631796 0.251225 0.243409 1.505066 -0.087933 0.029861 -0.025286 0.995358
1735690745.732016 0.264052 0.252445 1.543172 -0.089780 0.038687 -0.017683 0.995053
1735690745.832147 0.270287 0.264390 1.577429 -0.093604 0.042697 -0.020945 0.994473
1735690745.932316 0.272021 0.276028 1.607472 -0.081577 0.037051 -0.033081 0.995429
1735690746.032436 0.269157 0.286589 1.645118 -0.082624 0.044190 -0.034589 0.995000
1735690746.132531 0.264915 0.298464 1.684671 -0.081640 0.054859 -0.042585 0.994239
1735690746.232599 0.257306 0.308109 1.718648 -0.069004 0.062177 -0.059611 0.993891
1735690746.332653 0.251900 0.318808 1.760492 -0.076507 0.076597 -0.059436 0.992344
1735690746.432689 0.241667 0.326413 1.793719 -0.070077 0.077491 -0.061772 0.992607
1735690746.532721 0.232436 0.336350 1.824403 -0.078005 0.076026 -0.054562 0.992551
1735690746.632724 0.225477 0.347938 1.856027 -0.081333 0.064798 -0.058305 0.992868
1735690746.732731 0.219336 0.363977 1.883304 -0.090023 0.052984 -0.049726 0.993285
1735690746.832734 0.212399 0.381209 1.914411 -0.090151 0.034179 -0.048399 0.994164
1735690746.932721 0.210438 0.394666 1.948670 -0.087086 0.020427 -0.036747 0.995313
1735690747.032732 0.205047 0.405945 1.985473 -0.094762 0.010238 -0.023926 0.995160
1735690747.132717 0.195705 0.413054 2.021506 -0.090403 -0.002375 -0.017702 0.995745
1735690747.232720 0.182021 0.421780 2.056321 -0.099307 -0.012503 -0.012941 0.994894
1735690747.332726 0.163768 0.432809 2.089018 -0.098257 -0.023980 -0.015777 0.994747
1735690747.432717 0.139283 0.441354 2.119649 -0.102375 -0.023122 -0.014388 0.994373
1735690747.532717 0.111451 0.444724 2.149971 -0.105620 -0.006991 0.008883 0.994342
1735690747.632722 0.077982 0.454195 2.176946 -0.119008 0.002095 -0.009922 0.992841
1735690747.732722 0.042918 0.459555 2.203463 -0.147572 0.010392 -0.010892 0.988937
1735690747.832721 0.016967 0.466625 2.224176 -0.177238 0.007714 -0.007202 0.984111
1735690747.932743 -0.009888 0.473766 2.242207 -0.187465 0.003801 -0.029501 0.981821
1735690748.032687 -0.030906 0.478359 2.263255 -0.227450 0.006205 -0.029205 0.973332
1735690748.132659 -0.047281 0.493332 2.278992 -0.259482 -0.003046 -0.045194 0.964685
1735690748.232593 -0.066866 0.505268 2.302972 -0.252306 -0.011427 -0.037745 0.966843
1735690748.332522 -0.082525 0.512574 2.331545 -0.253154 -0.023775 -0.048127 0.965936
1735690748.432465 -0.101037 0.517721 2.368624 -0.230438 -0.030541 -0.033453 0.972032
1735690748.532394 -0.112369 0.525857 2.402689 -0.224172 -0.040291 -0.021558 0.973478
1735690748.632332 -0.129661 0.527321 2.439028 -0.215870 -0.059373 -0.002822 0.974611
1735690748.732273 -0.151244 0.523269 2.476529 -0.202252 -0.075720 -0.002902 0.976398
1735690748.832244 -0.163089 0.531124 2.510083 -0.204317 -0.078840 -0.000702 0.975724
1735690748.932210 -0.176684 0.534279 2.541944 -0.202617 -0.082341 0.000678 0.975790
1735690749.032193 -0.192518 0.541296 2.574610 -0.195890 -0.081920 -0.007237 0.977171
1735690749.132146 -0.211469 0.551324 2.608955 -0.191301 -0.077719 -0.013824 0.978352
1735690749.232129 -0.234844 0.554383 2.650482 -0.192100 -0.068927 -0.020534 0.978737
1735690749.332086 -0.259846 0.565738 2.686696 -0.182064 -0.062727 -0.021887 0.981040
1735690749.432052 -0.286119 0.573757 2.722520 -0.180844 -0.054875 -0.032496 0.981442
1735690749.532030 -0.312501 0.564347 2.758202 -0.175282 -0.048337 -0.037830 0.982603
1735690749.631989 -0.333641 0.579883 2.789370 -0.187833 -0.045102 -0.029758 0.980714
1735690749.731927 -0.356873 0.591107 2.820277 -0.185050 -0.052379 -0.031147 0.980838
1735690749.831867 -0.379828 0.605793 2.853610 -0.181511 -0.064648 -0.031034 0.980771
1735690749.931815 -0.402682 0.608400 2.892959 -0.184997 -0.071128 -0.023979 0.979868
1735690750.031754 -0.422579 0.630318 2.939005 -0.186216 -0.075946 -0.013487 0.979476
1735690750.131705 -0.440093 0.645990 2.988312 -0.186668 -0.076054 -0.005800 0.979458
1735690750.231636 -0.459660 0.646505 3.038162 -0.195789 -0.080274 0.011555 0.977287
1735690750.331583 -0.479248 0.659408 3.084511 -0.184893 -0.092531 0.007100 0.978367
1735690750.431510 -0.501268 0.671142 3.124484 -0.190007 -0.098728 0.005802 0.976789
1735690750.531490 -0.529870 0.673968 3.164617 -0.187461 -0.102253 -0.003318 0.976930
1735690750.631466 -0.556326 0.694463 3.201800 -0.181787 -0.097938 -0.009976 0.978398
1735690750.731424 -0.586081 0.710672 3.240283 -0.188585 -0.084838 -0.015859 0.978257
1735690750.831406 -0.619049 0.710956 3.279479 -0.184059 -0.071764 -0.030322 0.979823
1735690750.931381 -0.644947 0.726563 3.317936 -0.190406 -0.055455 -0.028284 0.979730
1735690751.031384 -0.668541 0.736054 3.351825 -0.197841 -0.045181 -0.032362 0.978657
1735690751.131388 -0.694446 0.732739 3.391425 -0.201632 -0.039283 -0.036638 0.977987
1735690751.231386 -0.715729 0.747832 3.432349 -0.191330 -0.037903 -0.036737 0.980105
1735690751.331380 -0.734916 0.756470 3.474897 -0.181924 -0.041424 -0.034517 0.981833
1735690751.431384 -0.751928 0.767514 3.519743 -0.175391 -0.041486 -0.020592 0.983409
1735690751.531382 -0.769141 0.771634 3.564461 -0.171532 -0.045053 -0.010144 0.984096
1735690751.631381 -0.791518 0.786185 3.618477 -0.164485 -0.058922 -0.000979 0.984618
1735690751.731385 -0.813482 0.793821 3.665245 -0.156984 -0.066612 -0.010998 0.985291
1735690751.831376 -0.833919 0.794209 3.699960 -0.169997 -0.075369 -0.005551 0.982543
1735690751.931380 -0.863938 0.810839 3.743584 -0.165898 -0.082626 -0.006624 0.982653
1735690752.031383 -0.895887 0.820116 3.787063 -0.160265 -0.082348 -0.010289 0.983579
1735690752.131382 -0.930122 0.825386 3.823771 -0.159145 -0.078941 -0.011449 0.984027
1735690752.231380 -0.968486 0.833102 3.866541 -0.146056 -0.071971 -0.010688 0.986597
1735690752.331388 -1.004468 0.839019 3.907844 -0.159042 -0.066245 -0.009313 0.985003
1735690752.431390 -1.039221 0.842028 3.944427 -0.154708 -0.065289 -0.019369 0.985610
1735690752.531396 -1.068705 0.853920 3.978898 -0.160859 -0.066039 -0.014061 0.984665
1735690752.631378 -1.099032 0.867859 4.016064 -0.164373 -0.075366 -0.018618 0.983339
1735690752.731412 -1.132890 0.885683 4.057907 -0.164759 -0.084797 -0.015090 0.982566
1735690752.831435 -1.159112 0.904746 4.105504 -0.166522 -0.086985 -0.002149 0.982191
1735690752.931465 -1.185514 0.919056 4.157388 -0.168905 -0.086290 0.004005 0.981840
1735690753.031492 -1.206674 0.935127 4.206147 -0.178759 -0.087273 0.009431 0.979969
1735690753.131555 -1.226940 0.945040 4.264547 -0.171066 -0.085246 -0.004893 0.981553
1735690753.231613 -1.247485 0.958103 4.308466 -0.178335 -0.086161 -0.007343 0.980163
1735690753.331672 -1.269522 0.971116 4.358835 -0.176479 -0.083546 -0.011679 0.980683
1735690753.431745 -1.294216 0.985974 4.406141 -0.171177 -0.072309 -0.013687 0.982488
1735690753.531778 -1.321393 1.001559 4.452037 -0.170032 -0.054076 -0.009251 0.983910
1735690753.631850 -1.344688 1.012321 4.503247 -0.165174 -0.031119 -0.011340 0.985708
1735690753.731900 -1.369239 1.020810 4.550079 -0.167435 -0.007063 -0.006539 0.985836
1735690753.831933 -1.388392 1.030834 4.592012 -0.177732 0.009449 -0.008547 0.983996
1735690753.931973 -1.406892 1.041568 4.635554 -0.182528 0.020917 -0.014215 0.982875
1735690754.032015 -1.420114 1.056185 4.679919 -0.182196 0.027101 -0.016458 0.982751
1735690754.132045 -1.436361 1.078410 4.728742 -0.183172 0.023082 -0.021340 0.982578
1735690754.232079 -1.444971 1.097087 4.781567 -0.183603 0.026577 -0.012003 0.982568
1735690754.332112 -1.454197 1.116114 4.837625 -0.196576 0.035131 -0.002054 0.979857
1735690754.432145 -1.464318 1.123915 4.896864 -0.182074 0.032145 -0.009655 0.982712
1735690754.532192 -1.467018 1.131374 4.950528 -0.186672 0.039397 -0.008468 0.981595
1735690754.632203 -1.477268 1.144682 5.000751 -0.189923 0.042789 -0.010446 0.980811
1735690754.732205 -1.490569 1.158453 5.050692 -0.185672 0.051630 -0.008182 0.981220
1735690754.832201 -1.498206 1.176238 5.099462 -0.183544 0.067901 -0.013426 0.980572
1735690754.932203 -1.511927 1.190875 5.151376 -0.177687 0.091035 -0.014752 0.979756
1735690755.032207 -1.527468 1.202782 5.201142 -0.194076 0.100677 -0.017801 0.975644
1735690755.132175 -1.538293 1.213420 5.240822 -0.193361 0.110136 -0.027924 0.974526
1735690755.232108 -1.549221 1.227630 5.287384 -0.203059 0.116607 -0.026021 0.971850
1735690755.332048 -1.560929 1.244449 5.334696 -0.205345 0.110893 -0.030248 0.971916
1735690755.431989 -1.570751 1.262874 5.387352 -0.201189 0.099226 -0.032555 0.973970
1735690755.531933 -1.573558 1.286179 5.432890 -0.203358 0.085770 -0.024393 0.975035
1735690755.631882 -1.575603 1.300326 5.494946 -0.199304 0.072529 -0.023534 0.976967
1735690755.731807 -1.579478 1.310298 5.550483 -0.187574 0.053375 -0.031979 0.980278
1735690755.831748 -1.582216 1.326305 5.615977 -0.196270 0.044095 -0.029664 0.979109
1735690755.931694 -1.592368 1.343059 5.659562 -0.201469 0.031699 -0.028562 0.978565
1735690756.031632 -1.605078 1.361038 5.721159 -0.195385 0.025160 -0.030472 0.979930
1735690756.131604 -1.615830 1.376473 5.778862 -0.190117 0.036046 -0.031178 0.980604
1735690756.231565 -1.623904 1.395380 5.821962 -0.187337 0.045360 -0.036806 0.980557
1735690756.331545 -1.634750 1.408384 5.876908 -0.194947 0.053941 -0.037571 0.978609
1735690756.431517 -1.639382 1.421344 5.915814 -0.213404 0.068917 -0.036169 0.973859
1735690756.531488 -1.645328 1.433619 5.966636 -0.214429 0.073954 -0.041923 0.973033
1735690756.631466 -1.649086 1.451225 6.013149 -0.215478 0.077923 -0.042398 0.972471
1735690756.731447 -1.649447 1.474112 6.059875 -0.220458 0.072395 -0.045973 0.971619
1735690756.831402 -1.649882 1.496366 6.114073 -0.222246 0.070188 -0.034908 0.971834
1735690756.931381 -1.640605 1.515729 6.164155 -0.230021 0.073053 -0.024852 0.970122
1735690757.031351 -1.637779 1.530372 6.221845 -0.231830 0.063904 -0.022689 0.970390
1735690757.131318 -1.630063 1.541748 6.272223 -0.224780 0.065477 -0.029411 0.971762
1735690757.231300 -1.631033 1.560416 6.320521 -0.237984 0.060324 -0.031738 0.968874
1735690757.331263 -1.625541 1.579447 6.368434 -0.237255 0.070178 -0.029261 0.968467
1735690757.431266 -1.623230 1.603111 6.421823 -0.234855 0.090446 -0.027469 0.967423
1735690757.531268 -1.622582 1.620462 6.473832 -0.231786 0.106538 -0.027762 0.966517
1735690757.631268 -1.623365 1.638384 6.526947 -0.246637 0.121509 -0.021694 0.961215
1735690757.731267 -1.617300 1.648621 6.574977 -0.242791 0.138181 -0.025704 0.959843
1735690757.831249 -1.610011 1.664980 6.626990 -0.246542 0.151648 -0.022291 0.956934
1735690757.931203 -1.599984 1.683768 6.675107 -0.244113 0.156061 -0.023643 0.956815
1735690758.031196 -1.584897 1.708704 6.735944 -0.240106 0.148890 -0.025975 0.958909
1735690758.131130 -1.573975 1.725269 6.783209 -0.232862 0.141194 -0.018195 0.962034
1735690758.231068 -1.550957 1.742532 6.847423 -0.240341 0.143049 -0.008837 0.960050
1735690758.331024 -1.531820 1.752975 6.906744 -0.229968 0.134067 -0.021101 0.963689
1735690758.430959 -1.528189 1.763910 6.943829 -0.233952 0.128811 -0.016534 0.963535
1735690758.530921 -1.519366 1.778413 6.999809 -0.226079 0.120542 -0.018428 0.966446
1735690758.630861 -1.514309 1.797272 7.047413 -0.229931 0.120077 -0.013028 0.965683
1735690758.730841 -1.513721 1.817406 7.097900 -0.228400 0.114521 -0.019549 0.966611
1735690758.830809 -1.518782 1.835987 7.146626 -0.225278 0.104150 -0.027686 0.968316
1735690758.930799 -1.517766 1.850129 7.202029 -0.233705 0.106243 -0.029982 0.966020
1735690759.030758 -1.516631 1.859147 7.250107 -0.220272 0.104129 -0.046651 0.968742
1735690759.130749 -1.512124 1.875012 7.290013 -0.234322 0.111308 -0.039768 0.964947
1735690759.230702 -1.506712 1.893416 7.336132 -0.238147 0.108876 -0.038818 0.964326
1735690759.330704 -1.503182 1.915028 7.385891 -0.233073 0.096532 -0.035662 0.966999
1735690759.430707 -1.496469 1.940197 7.439094 -0.237837 0.087618 -0.026428 0.966984
1735690759.530705 -1.485499 1.958189 7.493430 -0.235574 0.077846 -0.019454 0.968538
1735690759.630711 -1.472642 1.972319 7.554100 -0.231166 0.067280 -0.013240 0.970495
1735690759.730684 -1.464024 1.980517 7.614200 -0.219922 0.066741 -0.025716 0.972892
1735690759.830685 -1.457943 1.987170 7.664283 -0.222388 0.054476 -0.018284 0.973263
1735690759.930684 -1.455551 2.003543 7.715504 -0.214216 0.044815 -0.025030 0.975437
1735690760.030689 -1.454628 2.027250 7.771587 -0.214625 0.049812 -0.022122 0.975175
1735690760.130680 -1.457847 2.049392 7.821876 -0.221677 0.045201 -0.029482 0.973626
1735690760.230695 -1.463520 2.065410 7.875238 -0.228122 0.041644 -0.036793 0.972046
1735690760.330677 -1.464592 2.074849 7.929074 -0.215013 0.043535 -0.040044 0.974818
1735690760.430678 -1.457212 2.085492 7.975191 -0.223309 0.053519 -0.035038 0.972647
1735690760.530684 -1.448137 2.102187 8.023268 -0.222949 0.058178 -0.031766 0.972574
1735690760.630673 -1.440192 2.123635 8.072381 -0.219066 0.058803 -0.022240 0.973683
1735690760.730676 -1.414522 2.151310 8.122973 -0.224028 0.060096 -0.016121 0.972594
1735690760.830681 -1.384268 2.174405 8.178481 -0.221289 0.062135 -0.009941 0.973176
1735690760.930680 -1.377210 2.192954 8.233504 -0.232985 0.064162 -0.006939 0.970337
1735690761.030680 -1.347503 2.207414 8.286812 -0.229364 0.057399 -0.013958 0.971546
1735690761.130693 -1.333320 2.223422 8.335817 -0.238712 0.054016 -0.004126 0.969578
1735690761.230678 -1.326137 2.238832 8.382864 -0.233432 0.047645 -0.010828 0.971145
1735690761.330693 -1.335345 2.253281 8.429279 -0.231285 0.046858 -0.015878 0.971627
1735690761.430675 -1.330331 2.275476 8.478426 -0.231766 0.048055 -0.022254 0.971329
1735690761.530678 -1.330869 2.292574 8.532135 -0.226094 0.049506 -0.032995 0.972287
1735690761.630683 -1.329281 2.305184 8.588942 -0.230263 0.060176 -0.034997 0.970635
1735690761.730679 -1.331801 2.315836 8.644157 -0.223439 0.069275 -0.042020 0.971345
1735690761.830677 -1.332069 2.328744 8.692093 -0.232583 0.076079 -0.035385 0.968951
1735690761.930680 -1.337221 2.344094 8.740000 -0.235903 0.073380 -0.035782 0.968341
1735690762.030679 -1.342920 2.361268 8.788764 -0.232460 0.063213 -0.037778 0.969814
1735690762.130680 -1.346793 2.381750 8.844639 -0.229557 0.052198 -0.034397 0.971286
1735690762.230699 -1.346790 2.400828 8.899676 -0.222374 0.041839 -0.021687 0.973822
1735690762.330677 -1.346136 2.421974 8.958237 -0.229409 0.028967 -0.017189 0.972747
1735690762.430693 -1.346158 2.436878 9.024396 -0.229044 0.015095 -0.013446 0.973206
1735690762.530676 -1.341598 2.450027 9.081767 -0.227472 0.009096 -0.016811 0.973597
1735690762.630678 -1.340380 2.467924 9.135782 -0.230555 0.007113 -0.012500 0.972953
1735690762.730691 -1.338726 2.489856 9.191271 -0.228987 0.010721 -0.011721 0.973300
1735690762.830674 -1.338606 2.511764 9.249912 -0.223828 0.020465 -0.017018 0.974265
1735690762.930676 -1.337028 2.528691 9.311172 -0.208219 0.031643 -0.019819 0.977369
1735690763.030679 -1.336144 2.542406 9.364994 -0.215704 0.040198 -0.017182 0.975480
1735690763.130680 -1.329798 2.552809 9.414011 -0.220422 0.050582 -0.021369 0.973858
1735690763.230680 -1.316432 2.568661 9.464407 -0.219208 0.059983 -0.023126 0.973558
1735690763.330691 -1.302429 2.595397 9.512429 -0.223448 0.062439 -0.023095 0.972440
1735690763.430687 -1.292209 2.620241 9.566865 -0.230741 0.059740 -0.022220 0.970925
1735690763.530691 -1.272198 2.641595 9.623868 -0.223630 0.051051 -0.016364 0.973199
1735690763.630689 -1.255377 2.656847 9.683907 -0.229350 0.042890 -0.016159 0.972264
1735690763.730678 -1.235828 2.665934 9.742061 -0.215616 0.034699 -0.023985 0.975567
1735690763.830683 -1.225484 2.675770 9.793664 -0.220379 0.027464 -0.018950 0.974844
1735690763.930644 -1.214853 2.691731 9.841969 -0.217281 0.022031 -0.020464 0.975646
1735690764.030623 -1.207306 2.715502 9.892837 -0.220732 0.027446 -0.019972 0.974744
1735690764.130607 -1.198049 2.742059 9.945666 -0.229954 0.037962 -0.022880 0.972192
1735690764.230577 -1.193985 2.762848 10.001946 -0.228100 0.044523 -0.034859 0.971994
1735690764.330555 -1.184997 2.778589 10.063055 -0.234546 0.061188 -0.033777 0.969589
1735690764.430568 -1.177303 2.788481 10.120824 -0.228234 0.074727 -0.043963 0.969738
1735690764.530553 -1.167867 2.802612 10.174501 -0.229853 0.085817 -0.040846 0.968573
1735690764.630574 -1.160935 2.821884 10.229010 -0.226701 0.085849 -0.038290 0.969418
1735690764.730563 -1.153596 2.843119 10.285596 -0.220264 0.078226 -0.038139 0.971550
1735690764.830555 -1.140311 2.866458 10.345751 -0.219127 0.073291 -0.024831 0.972623
1735690764.930559 -1.130349 2.884312 10.406828 -0.217824 0.059449 -0.024387 0.973871
1735690765.030550 -1.117973 2.898760 10.471616 -0.208700 0.047110 -0.028136 0.976439
1735690765.130550 -1.111867 2.914108 10.527516 -0.222495 0.041377 -0.024814 0.973739
1735690765.230553 -1.108230 2.930902 10.583484 -0.216900 0.030299 -0.027602 0.975333
1735690765.330524 -1.104178 2.949940 10.637508 -0.214710 0.030714 -0.022822 0.975928
1735690765.430525 -1.102167 2.976408 10.694854 -0.219464 0.035300 -0.026478 0.974622
1735690765.530535 -1.101523 2.995543 10.751217 -0.212141 0.035246 -0.041027 0.975741
1735690765.630500 -1.100280 3.010347 10.813626 -0.224970 0.048252 -0.033937 0.972578
1735690765.730458 -1.101428 3.018440 10.869676 -0.210274 0.047897 -0.041054 0.975605
1735690765.830426 -1.098287 3.035739 10.917973 -0.225136 0.051539 -0.040619 0.972115
1735690765.930413 -1.097464 3.059115 10.973830 -0.213518 0.045087 -0.046625 0.974784
1735690766.030394 -1.090190 3.086510 11.026282 -0.222508 0.035124 -0.040497 0.973456
1735690766.130355 -1.081068 3.111671 11.088636 -0.223598 0.028292 -0.024594 0.973960
1735690766.230358 -1.069718 3.123153 11.147481 -0.227297 0.018622 -0.016530 0.973507
1735690766.330362 -1.066659 3.132313 11.215210 -0.204192 -0.004572 -0.020456 0.978706
1735690766.430363 -1.064170 3.145283 11.273166 -0.210396 -0.009097 -0.005002 0.977561
1735690766.530361 -1.060043 3.163512 11.319814 -0.215338 -0.017807 -0.004476 0.976367
1735690766.630373 -1.060524 3.187562 11.373792 -0.211050 -0.018889 -0.001889 0.977291
1735690766.730359 -1.060781 3.213996 11.433913 -0.211111 -0.008333 -0.000323 0.977426
1735690766.830365 -1.061807 3.237165 11.492908 -0.214872 -0.003075 -0.009427 0.976592
1735690766.930357 -1.062247 3.257464 11.559202 -0.222493 0.009917 -0.008701 0.974845
1735690767.030361 -1.058315 3.270547 11.609585 -0.230544 0.024873 -0.006152 0.972724
1735690767.130363 -1.059315 3.285511 11.667685 -0.228148 0.028572 -0.008147 0.973173
1735690767.230355 -1.061369 3.305419 11.726879 -0.228299 0.026810 -0.006418 0.973201
1735690767.330370 -1.061363 3.326396 11.781689 -0.222819 0.019353 -0.009424 0.974622
1735690767.430361 -1.060456 3.350193 11.849177 -0.215925 0.014427 -0.004549 0.976293
1735690767.530362 -1.057369 3.367282 11.910140 -0.232649 0.010344 0.003458 0.972500
1735690767.630361 -1.060391 3.384701 11.985001 -0.218115 0.000711 0.000619 0.975923
1735690767.730373 -1.061838 3.400091 12.033537 -0.234310 -0.004771 0.004871 0.972138
1735690767.830359 -1.075172 3.421885 12.091475 -0.235382 -0.008570 0.003630 0.971858
1735690767.930371 -1.086163 3.437594 12.143803 -0.231120 -0.006399 -0.002807 0.972900
1735690768.030358 -1.098876 3.458847 12.198949 -0.225169 0.000264 -0.007654 0.974290
1735690768.130358 -1.121421 3.474250 12.260823 -0.217855 0.011112 -0.011365 0.975852
1735690768.230367 -1.129600 3.482594 12.303951 -0.221177 0.019412 -0.010772 0.974981
1735690768.330352 -1.139989 3.494180 12.356156 -0.232039 0.033300 -0.008234 0.972101
1735690768.430355 -1.144208 3.505446 12.406382 -0.227075 0.040208 -0.011615 0.972977
1735690768.530376 -1.141132 3.521545 12.445902 -0.221773 0.042747 -0.008485 0.974124
1735690768.630411 -1.142553 3.543941 12.507000 -0.216824 0.039911 -0.005450 0.975379
1735690768.730444 -1.139367 3.562710 12.567036 -0.210329 0.036513 0.007685 0.976918
1735690768.830462 -1.137250 3.579669 12.627595 -0.223413 0.027518 0.014661 0.974225
1735690768.930479 -1.138744 3.591676 12.697057 -0.208800 0.015450 0.001635 0.977835
1735690769.030504 -1.142726 3.610818 12.748036 -0.227988 0.005275 0.007341 0.973622
1735690769.130519 -1.146013 3.633085 12.792488 -0.234151 -0.000003 0.005242 0.972186
1735690769.230554 -1.148954 3.653293 12.846253 -0.230477 0.005945 0.006332 0.973039
1735690769.330583 -1.153826 3.672543 12.902604 -0.227231 0.016067 0.003780 0.973701
1735690769.430571 -1.161659 3.687651 12.957058 -0.218279 0.021406 -0.015258 0.975532
1735690769.530572 -1.171729 3.696620 13.014646 -0.224038 0.032907 -0.008622 0.973987
1735690769.630574 -1.178492 3.707901 13.066067 -0.215295 0.039032 -0.013329 0.975678
1735690769.730577 -1.181815 3.722042 13.117738 -0.222614 0.043129 -0.011317 0.973887
1735690769.830583 -1.187851 3.743218 13.172060 -0.220577 0.039568 -0.009553 0.974520
1735690769.930589 -1.188777 3.767423 13.228619 -0.219507 0.027395 -0.011421 0.975159
1735690770.030575 -1.180801 3.786902 13.289458 -0.211156 0.025677 -0.001501 0.977114
1735690770.130583 -1.168381 3.805747 13.352397 -0.222408 0.040528 0.015624 0.973986
1735690770.230571 -1.160979 3.817866 13.414246 -0.202717 0.033507 -0.007521 0.978635
1735690770.330574 -1.155390 3.833239 13.465590 -0.225004 0.033096 0.008907 0.973755
1735690770.430583 -1.154276 3.845854 13.515118 -0.218103 0.027138 0.016962 0.975401
1735690770.530571 -1.159469 3.866165 13.568487 -0.213850 0.025508 0.015266 0.976414
1735690770.630573 -1.165129 3.888260 13.626005 -0.215107 0.031244 0.012650 0.976009
1735690770.730575 -1.173705 3.908261 13.683534 -0.215225 0.029433 0.000612 0.976121
1735690770.830576 -1.183891 3.924043 13.741904 -0.232502 0.032367 -0.007665 0.972027
1735690770.930574 -1.188698 3.930964 13.797589 -0.225249 0.039472 -0.015672 0.973375
1735690771.030593 -1.185870 3.948572 13.842822 -0.227304 0.045137 -0.016027 0.972645
1735690771.130574 -1.189072 3.966658 13.890684 -0.229642 0.042734 -0.015207 0.972218
1735690771.230585 -1.188614 3.989109 13.941223 -0.226437 0.026837 -0.019048 0.973470
1735690771.330572 -1.184774 4.010834 13.998435 -0.223310 0.024070 -0.000471 0.974450
1735690771.430575 -1.173603 4.030236 14.063975 -0.224063 0.026651 0.009629 0.974163
1735690771.530587 -1.167012 4.045347 14.132429 -0.220396 0.012458 0.013310 0.975240
1735690771.630571 -1.162054 4.061248 14.185643 -0.228948 0.007024 0.010768 0.973354
1735690771.730572 -1.155611 4.079713 14.243823 -0.232507 0.001523 0.009506 0.972547
1735690771.830575 -1.146434 4.095412 14.306576 -0.231137 0.006870 0.011762 0.972826
1735690771.930576 -1.139818 4.121661 14.348180 -0.227835 0.027123 0.007616 0.973292
1735690772.030576 -1.127856 4.145013 14.411274 -0.222695 0.041873 -0.010985 0.973927
1735690772.130586 -1.120992 4.160792 14.462694 -0.236674 0.065681 -0.006372 0.969346
1735690772.230574 -1.109497 4.178717 14.524230 -0.225502 0.085500 -0.009997 0.970432
1735690772.330563 -1.102666 4.188154 14.568859 -0.238905 0.094102 -0.004578 0.966462
1735690772.430530 -1.095060 4.210742 14.632149 -0.231617 0.091437 -0.007113 0.968474
1735690772.530502 -1.085813 4.230720 14.682107 -0.225073 0.083643 -0.006978 0.970720
1735690772.630492 -1.069536 4.258089 14.750861 -0.228527 0.079612 -0.004963 0.970264
1735690772.730445 -1.054680 4.268677 14.801554 -0.233970 0.075633 -0.008494 0.969260
1735690772.830428 -1.040707 4.277307 14.864430 -0.219049 0.060580 -0.026576 0.973469
1735690772.930429 -1.030649 4.288940 14.912129 -0.221219 0.060668 -0.015689 0.973209
1735690773.030431 -1.025463 4.310077 14.964565 -0.228005 0.054262 -0.016447 0.972008
1735690773.130429 -1.027000 4.332590 15.016605 -0.225863 0.051307 -0.018531 0.972630
1735690773.230440 -1.033139 4.358217 15.067062 -0.234923 0.056211 -0.022569 0.970125
1735690773.330429 -1.036708 4.381573 15.124510 -0.241039 0.056901 -0.034168 0.968243
1735690773.430441 -1.040781 4.395463 15.181147 -0.259032 0.072545 -0.025285 0.962809
1735690773.530427 -1.041628 4.403927 15.238020 -0.242648 0.077769 -0.035178 0.966352
1735690773.630428 -1.042533 4.416696 15.283891 -0.246290 0.087793 -0.034054 0.964611
1735690773.730433 -1.043354 4.434522 15.333743 -0.246344 0.087093 -0.032537 0.964713
1735690773.830433 -1.045175 4.451536 15.385610 -0.236532 0.077896 -0.023918 0.968201
1735690773.930432 -1.046109 4.463342 15.440171 -0.224267 0.066626 -0.005097 0.972234
1735690774.030430 -1.041732 4.478133 15.502584 -0.217572 0.050854 0.001881 0.974717
1735690774.130431 -1.038807 4.487282 15.563488 -0.209959 0.035940 0.011340 0.976984
1735690774.230429 -1.037553 4.499301 15.620444 -0.206671 0.024641 0.007081 0.978075
1735690774.330446 -1.035777 4.512631 15.667701 -0.199848 0.012163 0.001208 0.979751
1735690774.430439 -1.033428 4.536931 15.719878 -0.207258 0.011934 0.000724 0.978213
1735690774.530440 -1.027277 4.558828 15.771846 -0.201516 0.018198 -0.002220 0.979314
1735690774.630426 -1.022923 4.582242 15.831076 -0.195427 0.026685 -0.011100 0.980292
1735690774.730428 -1.014113 4.598985 15.885709 -0.215076 0.041962 -0.007004 0.975670
1735690774.830441 -1.004912 4.608748 15.939423 -0.197370 0.049808 -0.023340 0.978785
1735690774.930430 -0.991888 4.623292 15.996678 -0.211691 0.061346 -0.021793 0.975166
1735690775.030427 -0.981627 4.641007 16.053111 -0.202040 0.055896 -0.031368 0.977278
1735690775.130429 -0.971976 4.664673 16.101042 -0.201360 0.051640 -0.025538 0.977822
1735690775.230431 -0.957177 4.686888 16.163681 -0.197148 0.041281 -0.020491 0.979290
1735690775.330430 -0.941535 4.702508 16.214673 -0.216552 0.043303 -0.005190 0.975296
1735690775.430442 -0.930506 4.719045 16.282816 -0.201923 0.029541 -0.022180 0.978704
1735690775.530431 -0.927208 4.736204 16.327131 -0.219257 0.019103 -0.011429 0.975413
1735690775.630442 -0.926123 4.756728 16.386033 -0.209344 0.008338 -0.011897 0.977734
1735690775.730428 -0.931316 4.784077 16.443336 -0.212055 0.010547 -0.010315 0.977146
1735690775.830429 -0.932362 4.810922 16.504366 -0.206909 0.012974 -0.020546 0.978058
1735690775.930432 -0.932615 4.827931 16.560737 -0.206301 0.021443 -0.028033 0.977852
1735690776.030425 -0.927006 4.846577 16.616139 -0.214852 0.035010 -0.028780 0.975594
1735690776.130430 -0.922379 4.863322 16.661665 -0.230654 0.049278 -0.022716 0.971522
1735690776.230428 -0.914929 4.885487 16.715668 -0.234118 0.050769 -0.024265 0.970579
1735690776.330430 -0.909276 4.911079 16.773205 -0.232800 0.044414 -0.019994 0.971304
1735690776.430429 -0.899257 4.929948 16.830731 -0.225561 0.037195 -0.011925 0.973446
1735690776.530445 -0.884250 4.946384 16.896316 -0.215295 0.034033 -0.005824 0.975938
1735690776.630429 -0.880943 4.961284 16.955581 -0.216964 0.010246 -0.006126 0.976107
1735690776.730438 -0.873436 4.977527 17.015467 -0.227136 -0.001963 -0.012024 0.973787
1735690776.830426 -0.870432 4.990744 17.070081 -0.220793 -0.010075 -0.011072 0.975206
1735690776.930430 -0.868482 5.015244 17.131744 -0.219855 -0.009312 -0.006733 0.975465
1735690777.030446 -0.868673 5.036274 17.191496 -0.222740 -0.000255 -0.009740 0.974829
1735690777.130424 -0.869613 5.058580 17.260141 -0.219324 0.009358 -0.015655 0.975482
1735690777.230426 -0.870734 5.072900 17.321292 -0.231201 0.029388 -0.009786 0.972413
1735690777.330429 -0.870015 5.088743 17.384327 -0.229308 0.040178 -0.017413 0.972369
1735690777.430451 -0.870730 5.107567 17.435245 -0.240115 0.046538 -0.017581 0.969469
1735690777.530489 -0.872245 5.138135 17.496566 -0.245584 0.046820 -0.021580 0.968004
1735690777.630515 -0.871835 5.161489 17.553412 -0.245684 0.037176 -0.021504 0.968398
1735690777.730553 -0.870693 5.186943 17.620649 -0.237209 0.030131 -0.006812 0.970967
1735690777.830599 -0.862167 5.204088 17.687704 -0.244517 0.024588 -0.000194 0.969333
1735690777.930677 -0.861190 5.217452 17.760152 -0.228169 0.004172 -0.008754 0.973573
1735690778.030751 -0.860904 5.235698 17.823037 -0.244553 -0.003420 -0.004694 0.969619
1735690778.130827 -0.870104 5.255851 17.889924 -0.231589 -0.012986 -0.004992 0.972714
1735690778.230904 -0.864894 5.276189 17.953900 -0.227422 -0.012383 -0.005458 0.973702
1735690778.330980 -0.862937 5.301466 18.020835 -0.224162 0.005051 -0.001223 0.974538
1735690778.431064 -0.865178 5.332245 18.091412 -0.239987 0.019212 -0.002192 0.970584
1735690778.531118 -0.858861 5.338732 18.148391 -0.231495 0.033823 -0.007031 0.972222
1735690778.631170 -0.851190 5.356526 18.212729 -0.243994 0.055822 -0.001260 0.968168
1735690778.731225 -0.843209 5.368911 18.265913 -0.237093 0.060448 -0.006553 0.969582
1735690778.831282 -0.834469 5.393238 18.336350 -0.226664 0.059031 -0.004840 0.972171
1735690778.931319 -0.824034 5.415491 18.392295 -0.223080 0.054194 0.001005 0.973292
1735690779.031334 -0.813155 5.440126 18.468804 -0.223037 0.049407 0.010427 0.973501
1735690779.131372 -0.803987 5.454772 18.528371 -0.226154 0.031576 0.011368 0.973513
1735690779.231390 -0.799073 5.473817 18.605776 -0.230218 0.025745 0.004491 0.972788
1735690779.331414 -0.793735 5.488806 18.667875 -0.227754 0.016312 0.004749 0.973571
1735690779.431447 -0.796912 5.514135 18.719888 -0.232007 0.013626 0.001758 0.972617
1735690779.531473 -0.798808 5.541960 18.787029 -0.223873 0.018261 -0.004663 0.974436
1735690779.631533 -0.803685 5.565657 18.852577 -0.222627 0.018321 -0.016801 0.974587
1735690779.731586 -0.808923 5.584274 18.915061 -0.239588 0.021963 -0.019224 0.970436
1735690779.831665 -0.810359 5.598529 18.974192 -0.242766 0.026980 -0.015723 0.969582
1735690779.931701 -0.808555 5.614735 19.032446 -0.239439 0.031514 -0.012493 0.970319
1735690780.031778 -0.803671 5.636073 19.090898 -0.236511 0.032539 -0.011005 0.971021
1735690780.131823 -0.795659 5.663206 19.157847 -0.228044 0.028909 -0.007706 0.973191
1735690780.231877 -0.784079 5.686884 19.226856 -0.224306 0.024343 0.004970 0.974202
1735690780.331943 -0.769676 5.704514 19.298154 -0.234932 0.016277 0.006572 0.971853
1735690780.431998 -0.761499 5.721912 19.368021 -0.228060 0.007051 -0.005784 0.973604
1735690780.532062 -0.755704 5.736433 19.433123 -0.235582 -0.003661 -0.001748 0.971846
1735690780.632129 -0.756433 5.757603 19.492147 -0.234181 -0.009859 -0.002106 0.972141
1735690780.732192 -0.753389 5.781835 19.562923 -0.222377 -0.006850 -0.005316 0.974922
1735690780.832286 -0.753565 5.808875 19.631512 -0.220183 0.004639 -0.009019 0.975406
1735690780.932390 -0.755236 5.829311 19.696347 -0.230757 0.015427 -0.011618 0.972820
1735690781.032470 -0.752928 5.842569 19.763088 -0.226321 0.028624 -0.015011 0.973516
1735690781.132569 -0.749616 5.858193 19.822485 -0.236942 0.043952 -0.007686 0.970499
1735690781.232669 -0.745986 5.877720 19.883281 -0.234498 0.049396 -0.008955 0.970819
1735690781.332762 -0.744371 5.901688 19.945188 -0.230071 0.043883 -0.007942 0.972152
1735690781.432871 -0.740058 5.926757 20.011643 -0.226483 0.035975 -0.004059 0.973342
1735690781.532967 -0.733992 5.948149 20.080867 -0.227589 0.033341 0.003301 0.973181
1735690781.633063 -0.732596 5.963710 20.149900 -0.220810 0.018980 -0.002954 0.975128
1735690781.733168 -0.730176 5.978073 20.212337 -0.233457 0.010330 -0.005193 0.972298
1735690781.833275 -0.736029 5.996496 20.276308 -0.225952 0.004419 -0.010326 0.974074
1735690781.933388 -0.735818 6.018571 20.339404 -0.219171 0.006380 -0.013637 0.975570
1735690782.033505 -0.737906 6.047632 20.406607 -0.220141 0.019206 -0.018717 0.975099
1735690782.133598 -0.743552 6.071126 20.474245 -0.226242 0.028326 -0.020996 0.973433
1735690782.233677 -0.757187 6.090765 20.544191 -0.223575 0.030920 -0.020682 0.973977
1735690782.333750 -0.748962 6.095296 20.593597 -0.229882 0.041196 -0.011366 0.972280
1735690782.433825 -0.747051 6.114840 20.653437 -0.222166 0.045372 -0.014854 0.973839
1735690782.533868 -0.738744 6.136451 20.711151 -0.224258 0.045676 -0.010574 0.973401
1735690782.633905 -0.731766 6.172146 20.775824 -0.224778 0.042856 -0.008847 0.973427
1735690782.733937 -0.713108 6.190551 20.847220 -0.225887 0.043691 0.003645 0.973166
1735690782.833971 -0.696958 6.203730 20.913048 -0.230371 0.038696 0.003842 0.972325
1735690782.934014 -0.685578 6.217024 20.980786 -0.222307 0.036630 -0.002702 0.974285
1735690783.034087 -0.678143 6.230247 21.044193 -0.218986 0.030271 -0.001644 0.975257
1735690783.134188 -0.676331 6.248822 21.101205 -0.217814 0.030542 0.000196 0.975512
1735690783.234209 -0.672749 6.272541 21.167897 -0.211382 0.037190 -0.002769 0.976692
1735690783.334220 -0.672490 6.296609 21.228381 -0.211792 0.047103 -0.007069 0.976153
1735690783.434208 -0.673753 6.320132 21.295882 -0.223528 0.055143 -0.011797 0.973065
1735690783.534210 -0.675960 6.334211 21.365780 -0.217513 0.061885 -0.017567 0.973935
1735690783.634224 -0.674042 6.344921 21.414646 -0.225473 0.070755 -0.014325 0.971571
1735690783.734205 -0.676960 6.364310 21.473407 -0.220925 0.067852 -0.017731 0.972766
1735690783.834208 -0.674809 6.392680 21.536845 -0.221999 0.061415 -0.014625 0.973001
1735690783.934210 -0.672994 6.419604 21.603861 -0.223010 0.057591 -0.008644 0.973075
1735690784.034212 -0.666137 6.443698 21.684671 -0.218879 0.052939 0.002735 0.974311
1735690784.134211 -0.658462 6.457291 21.752401 -0.211142 0.043773 0.003144 0.976470
1735690784.234222 -0.659439 6.472135 21.824246 -0.223244 0.041942 0.003542 0.973853
1735690784.334213 -0.660466 6.489454 21.889594 -0.212712 0.029662 -0.000969 0.976664
1735690784.434221 -0.665489 6.512863 21.957077 -0.207772 0.035456 0.001843 0.977533
1735690784.534209 -0.667047 6.542502 22.025435 -0.206105 0.046278 -0.000608 0.977435
1735690784.634213 -0.673036 6.567452 22.094492 -0.212421 0.055806 -0.008469 0.975547
1735690784.734214 -0.675867 6.589554 22.171665 -0.222647 0.066963 -0.010103 0.972544
1735690784.834206 -0.676828 6.601550 22.220026 -0.222642 0.079500 -0.006377 0.971632
1735690784.934210 -0.673856 6.616982 22.281146 -0.226438 0.084214 -0.005606 0.970362
1735690785.034213 -0.670606 6.641130 22.344025 -0.224074 0.080036 -0.006143 0.971261
1735690785.134220 -0.664790 6.671229 22.414371 -0.218139 0.065524 -0.010916 0.973654
1735690785.234215 -0.657889 6.695431 22.482204 -0.214996 0.049828 -0.005887 0.975325
1735690785.334228 -0.649810 6.712468 22.553347 -0.218795 0.031184 -0.006401 0.975251
1735690785.434209 -0.641219 6.724342 22.631198 -0.210346 0.013780 -0.015516 0.977407
1735690785.534214 -0.644901 6.743461 22.706584 -0.213097 0.004906 -0.009741 0.976970
1735690785.634208 -0.644265 6.764044 22.763680 -0.207831 0.002123 -0.004930 0.978150
1735690785.734213 -0.644652 6.789264 22.832270 -0.200438 0.009666 -0.008638 0.979621
1735690785.834224 -0.646745 6.823698 22.895794 -0.206558 0.021474 -0.016226 0.978064
1735690785.934205 -0.647233 6.844266 22.967878 -0.234289 0.030481 -0.016050 0.971556
1735690786.034207 -0.641565 6.856608 23.023267 -0.218438 0.044417 -0.020785 0.974618
1735690786.134211 -0.636505 6.867704 23.084014 -0.226472 0.059304 -0.019131 0.972022
1735690786.234212 -0.633099 6.893706 23.146930 -0.219726 0.058411 -0.020178 0.973602
1735690786.334213 -0.627562 6.914181 23.211288 -0.216001 0.053513 -0.018817 0.974744
1735690786.434223 -0.621984 6.940886 23.276367 -0.207770 0.043627 -0.000910 0.977204
1735690786.534213 -0.618302 6.961221 23.361915 -0.213396 0.033159 0.008239 0.976368
1735690786.634219 -0.605765 6.979842 23.426097 -0.201232 0.021114 0.009618 0.979269
1735690786.734209 -0.609988 6.991587 23.493494 -0.211687 0.013283 0.006711 0.977224
1735690786.834220 -0.608550 7.027995 23.559881 -0.205725 0.004431 0.004673 0.978589
1735690786.934222 -0.615248 7.039605 23.632009 -0.197731 0.008342 0.001117 0.980220
1735690787.034205 -0.612716 7.096606 23.696153 -0.200718 0.014678 0.000511 0.979539
1735690787.134207 -0.617040 7.094372 23.749231 -0.216706 0.020365 -0.017228 0.975873
1735690787.234212 -0.618686 7.152200 23.824828 -0.219942 0.029106 -0.017746 0.974917
1735690787.334208 -0.614648 7.131409 23.877024 -0.236247 0.046509 -0.015140 0.970461
1735690787.434214 -0.614160 7.183421 23.940750 -0.230266 0.054353 -0.011769 0.971537
1735690787.534223 -0.605229 7.171639 23.985290 -0.234236 0.060411 -0.010736 0.970242
1735690787.634210 -0.605199 7.229185 24.064170 -0.226200 0.057758 -0.009683 0.972319
1735690787.734221 -0.588929 7.222592 24.125584 -0.225383 0.060918 0.002879 0.972360
1735690787.834208 -0.583565 7.264985 24.204171 -0.238446 0.057721 0.013077 0.969351
1735690787.934210 -0.569387 7.258109 24.265817 -0.226838 0.055410 0.004552 0.972344
1735690788.034215 -0.569466 7.287827 24.343523 -0.231513 0.052227 0.014006 0.971328
1735690788.134208 -0.561924 7.296226 24.400955 -0.223364 0.048768 0.007881 0.973482
1735690788.234206 -0.562483 7.330846 24.475267 -0.217495 0.058389 0.005428 0.974298
1735690788.334209 -0.556091 7.351275 24.537801 -0.221389 0.072711 0.002045 0.972469
1735690788.434210 -0.555293 7.373338 24.599077 -0.232133 0.085566 0.001107 0.968912
1735690788.534215 -0.554992 7.390578 24.673066 -0.222037 0.096674 -0.003923 0.970226
1735690788.634216 -0.547465 7.404300 24.724135 -0.236240 0.108654 -0.002448 0.965598
1735690788.734210 -0.540381 7.424040 24.787903 -0.236525 0.114187 -0.005624 0.964876
1735690788.834220 -0.527800 7.447087 24.842956 -0.233068 0.113174 -0.005101 0.965839
1735690788.934207 -0.513068 7.478663 24.916471 -0.237325 0.114587 0.002546 0.964645
1735690789.034208 -0.493712 7.502099 24.981960 -0.247822 0.110971 0.009776 0.962379
1735690789.134222 -0.476124 7.517689 25.058052 -0.244700 0.103092 0.008213 0.964068
1735690789.234206 -0.459149 7.529421 25.118330 -0.242100 0.102794 0.008234 0.964755
1735690789.334209 -0.450452 7.543769 25.187039 -0.234243 0.091302 0.000509 0.967881
1735690789.434209 -0.442815 7.567155 25.245658 -0.234866 0.088020 0.001790 0.968033
1735690789.534214 -0.439288 7.595440 25.312151 -0.243126 0.090557 0.003299 0.965753
1735690789.634213 -0.435179 7.617435 25.372807 -0.256266 0.090222 -0.006854 0.962362
1735690789.734216 -0.429009 7.630707 25.433869 -0.285970 0.100357 -0.003213 0.952963
1735690789.834210 -0.427984 7.634633 25.505652 -0.285852 0.107303 -0.002865 0.952243
1735690789.934219 -0.413286 7.621703 25.561382 -0.276146 0.108901 -0.001051 0.954926
1735690790.034207 -0.403792 7.625671 25.622839 -0.261557 0.107480 -0.005905 0.959167
1735690790.134210 -0.382969 7.636964 25.670792 -0.249479 0.106921 -0.005207 0.962445
1735690790.234225 -0.363074 7.657656 25.732101 -0.246830 0.105738 -0.002770 0.963269
1735690790.334207 -0.335187 7.670564 25.789253 -0.232862 0.108430 0.004752 0.966434
1735690790.434207 -0.310757 7.679417 25.848843 -0.225672 0.108545 0.006025 0.968119
1735690790.534209 -0.288644 7.692416 25.899968 -0.236618 0.113193 0.003906 0.964979
1735690790.634212 -0.267371 7.708879 25.942695 -0.239064 0.116225 -0.001607 0.964021
1735690790.734213 -0.248956 7.728226 25.990111 -0.243108 0.127991 -0.000489 0.961518
1735690790.834232 -0.232724 7.751195 26.034196 -0.251621 0.140793 -0.005929 0.957512
1735690790.934209 -0.216677 7.768979 26.078337 -0.247158 0.155840 -0.014966 0.956244
1735690791.034213 -0.198745 7.786227 26.132921 -0.252873 0.179757 -0.016298 0.950514
1735690791.134206 -0.187158 7.800249 26.185661 -0.246127 0.187123 -0.027789 0.950597
1735690791.234209 -0.175354 7.818638 26.231621 -0.255737 0.196279 -0.026655 0.946236
1735690791.334220 -0.162701 7.834561 26.283742 -0.257309 0.191702 -0.030295 0.946639
1735690791.434208 -0.148123 7.853401 26.333136 -0.252848 0.181503 -0.029176 0.949881
1735690791.534206 -0.133052 7.877866 26.379831 -0.250202 0.160365 -0.025162 0.954489
1735690791.634209 -0.116358 7.895919 26.436045 -0.244978 0.139821 -0.023605 0.959103
1735690791.734209 -0.096597 7.904182 26.489481 -0.254040 0.124215 -0.016880 0.959036
1735690791.834213 -0.077167 7.923202 26.534015 -0.261598 0.113117 -0.019141 0.958334
1735690791.934227 -0.066257 7.942985 26.577921 -0.265359 0.109643 -0.012219 0.957817
1735690792.034210 -0.051848 7.965008 26.618890 -0.273954 0.115170 -0.005052 0.954809
1735690792.134222 -0.036331 7.988627 26.666705 -0.275077 0.126300 -0.009797 0.953040
1735690792.234208 -0.018760 8.007728 26.712362 -0.280788 0.136246 -0.018419 0.949871
1735690792.334213 -0.007311 8.022220 26.767150 -0.278553 0.152641 -0.032466 0.947657
1735690792.434214 0.013237 8.030683 26.818506 -0.269527 0.166194 -0.035368 0.947884
1735690792.534206 0.031544 8.035761 26.867798 -0.261887 0.178352 -0.038388 0.947698
1735690792.634206 0.050569 8.049635 26.916397 -0.254923 0.187571 -0.040107 0.947746
1735690792.734209 0.075626 8.066654 26.965342 -0.247701 0.194397 -0.035471 0.948470
1735690792.834218 0.105081 8.088035 27.013181 -0.241740 0.198891 -0.030259 0.949257
1735690792.934212 0.144841 8.105122 27.062148 -0.235271 0.207685 -0.018273 0.949305
1735690793.034215 0.186140 8.122127 27.112823 -0.252476 0.215075 0.001392 0.943397
1735690793.134209 0.224677 8.124702 27.152738 -0.268835 0.228078 0.006117 0.935773
1735690793.234222 0.248705 8.162816 27.173544 -0.288255 0.243624 0.005055 0.926030
1735690793.334219 0.273298 8.171743 27.187818 -0.289805 0.259560 0.001872 0.921215
1735690793.434208 0.285013 8.188906 27.209167 -0.301154 0.263293 -0.014692 0.916388
1735690793.534216 0.296879 8.199649 27.239216 -0.285922 0.269984 -0.035237 0.918758
1735690793.634204 0.306977 8.192153 27.276629 -0.260678 0.281699 -0.044170 0.922357
1735690793.734209 0.321384 8.199869 27.311002 -0.241541 0.290914 -0.052009 0.924295
1735690793.834208 0.327727 8.206218 27.339134 -0.250770 0.297321 -0.045809 0.920118
1735690793.934210 0.329739 8.209318 27.366992 -0.245784 0.287387 -0.052376 0.924260
1735690794.034212 0.337208 8.219509 27.391420 -0.250136 0.274292 -0.053353 0.927011
1735690794.134215 0.337848 8.236043 27.421703 -0.258547 0.264906 -0.045962 0.927828
1735690794.234210 0.340860 8.254677 27.453278 -0.259131 0.247785 -0.039444 0.932683
1735690794.334221 0.353838 8.274359 27.491921 -0.264008 0.226776 -0.034899 0.936832
1735690794.434207 0.371262 8.290290 27.530154 -0.262563 0.209983 -0.032345 0.941234
1735690794.534210 0.381917 8.305278 27.569762 -0.268363 0.195459 -0.027547 0.942878
1735690794.634219 0.401612 8.315507 27.615249 -0.271234 0.171287 -0.037507 0.946407
1735690794.734211 0.409689 8.331662 27.657994 -0.269664 0.155249 -0.033551 0.949765
1735690794.834207 0.414640 8.350309 27.701706 -0.269423 0.143771 -0.032037 0.951690
1735690794.934210 0.427299 8.371769 27.753918 -0.265788 0.141063 -0.035058 0.953011
1735690795.034208 0.436338 8.387294 27.807654 -0.253176 0.138274 -0.044230 0.956465
1735690795.134212 0.441879 8.406547 27.860696 -0.263956 0.142757 -0.042422 0.952968
1735690795.234223 0.439930 8.419127 27.905384 -0.256239 0.141858 -0.049502 0.954865
1735690795.334209 0.454857 8.433816 27.957213 -0.267222 0.147153 -0.042426 0.951388
1735690795.434215 0.467441 8.445853 28.002940 -0.263346 0.141626 -0.042658 0.953295
1735690795.534208 0.480709 8.462587 28.046447 -0.254487 0.136970 -0.033450 0.956743
1735690795.634210 0.505467 8.483136 28.095562 -0.252996 0.133763 -0.019202 0.957983
1735690795.734219 0.521636 8.500242 28.141151 -0.245176 0.118634 -0.013315 0.962101
1735690795.834205 0.545673 8.511836 28.194039 -0.250730 0.101518 -0.005950 0.962701
1735690795.934211 0.561519 8.523262 28.245017 -0.238642 0.084896 -0.008910 0.967348
1735690796.034210 0.577329 8.533857 28.295603 -0.244129 0.069676 -0.010319 0.967181
1735690796.134208 0.588997 8.548210 28.346296 -0.240166 0.066964 -0.004250 0.968410
1735690796.234214 0.596732 8.567647 28.393998 -0.235850 0.064676 -0.008113 0.969601
1735690796.334218 0.604864 8.586245 28.456757 -0.230359 0.064713 -0.017699 0.970790
1735690796.434208 0.607412 8.600892 28.517596 -0.219930 0.066114 -0.030417 0.972797
1735690796.534217 0.606535 8.598085 28.579027 -0.219434 0.064274 -0.024169 0.973208
1735690796.634208 0.607013 8.612220 28.629185 -0.219534 0.060866 -0.026527 0.973343
1735690796.734210 0.609814 8.629281 28.682550 -0.213752 0.062165 -0.013073 0.974820
1735690796.834214 0.607386 8.651234 28.727452 -0.217243 0.049457 -0.011400 0.974797
1735690796.934206 0.612049 8.674894 28.786056 -0.215059 0.029165 -0.014137 0.976063
1735690797.034215 0.613595 8.695953 28.839312 -0.209368 0.010019 -0.005347 0.977771
1735690797.134208 0.620288 8.710460 28.899932 -0.221663 -0.003266 0.004427 0.975108
1735690797.234212 0.616876 8.722616 28.947347 -0.220175 -0.026028 0.003507 0.975107
1735690797.334213 0.609045 8.745883 28.997607 -0.233442 -0.048139 0.005892 0.971160
1735690797.434217 0.596511 8.759669 29.038633 -0.234422 -0.064829 0.008321 0.969935
1735690797.534210 0.579780 8.785472 29.090990 -0.237046 -0.073891 0.003103 0.968679
1735690797.634214 0.555761 8.799489 29.145623 -0.239153 -0.077416 -0.005353 0.967876
1735690797.734208 0.538081 8.816544 29.196694 -0.237953 -0.080586 -0.004127 0.967919
1735690797.834209 0.503783 8.822811 29.255749 -0.220760 -0.088738 -0.000921 0.971283
1735690797.934222 0.472386 8.830375 29.301024 -0.230906 -0.096651 0.006122 0.968144
1735690798.034206 0.454742 8.840070 29.343887 -0.223915 -0.119123 0.005270 0.967287
1735690798.134208 0.411743 8.854791 29.393847 -0.221352 -0.144417 0.010967 0.964379
1735690798.234209 0.376001 8.876587 29.442443 -0.226336 -0.175236 0.008266 0.958121
1735690798.334208 0.335668 8.892391 29.492127 -0.220261 -0.203737 0.016339 0.953787
1735690798.434230 0.295213 8.902667 29.549167 -0.224976 -0.214809 0.032324 0.949841
1735690798.534222 0.263665 8.908756 29.603627 -0.209178 -0.225930 0.039403 0.950604
1735690798.634208 0.216395 8.919114 29.647394 -0.219869 -0.237531 0.036940 0.945448
1735690798.734220 0.186376 8.929877 29.685153 -0.218095 -0.248643 0.029028 0.943275
1735690798.834209 0.134178 8.939258 29.728173 -0.208837 -0.245887 0.028626 0.946101
1735690798.934211 0.100982 8.951499 29.767499 -0.199404 -0.231190 0.022635 0.951986
1735690799.034215 0.044778 8.961433 29.812186 -0.200417 -0.209426 0.024469 0.956752
1735690799.134205 0.004623 8.964043 29.852938 -0.204919 -0.191301 0.028063 0.959492
1735690799.234208 -0.046892 8.970593 29.899035 -0.207579 -0.181840 0.022107 0.960914
1735690799.334209 -0.082693 8.977982 29.936968 -0.209490 -0.178674 0.014887 0.961233
1735690799.434208 -0.130804 8.994025 29.983256 -0.208585 -0.175414 0.010110 0.962092
1735690799.534213 -0.164447 9.011142 30.029661 -0.208571 -0.176736 0.014538 0.961796
1735690799.634216 -0.205592 9.025451 30.078424 -0.205315 -0.176269 0.024957 0.962368
1735690799.734210 -0.240147 9.033326 30.125700 -0.220210 -0.178041 0.032530 0.958515
1735690799.834220 -0.280809 9.034831 30.175501 -0.203910 -0.185860 0.028022 0.960777
1735690799.934216 -0.319075 9.038539 30.222631 -0.205128 -0.196893 0.027424 0.958334
1735690800.034209 -0.360252 9.047157 30.265262 -0.196458 -0.203907 0.026280 0.958716
1735690800.134215 -0.406286 9.062802 30.312097 -0.189877 -0.198929 0.027352 0.961055
1735690800.234206 -0.455124 9.079355 30.359944 -0.194269 -0.190793 0.023781 0.961921
1735690800.334210 -0.501997 9.088331 30.404564 -0.210712 -0.180602 0.022535 0.960456
1735690800.434208 -0.549542 9.090418 30.449083 -0.200687 -0.172704 0.021216 0.964079
1735690800.534209 -0.587070 9.103063 30.501336 -0.210339 -0.167020 0.021546 0.963015
1735690800.634213 -0.622697 9.110732 30.545744 -0.207524 -0.165965 0.016355 0.963910
1735690800.734216 -0.658974 9.127511 30.596731 -0.204449 -0.167353 0.020548 0.964246
1735690800.834213 -0.695138 9.149421 30.653093 -0.204237 -0.171885 0.022370 0.963453
1735690800.934212 -0.726964 9.164219 30.708904 -0.202734 -0.171995 0.029174 0.963569
1735690801.034213 -0.754776 9.177557 30.767713 -0.210791 -0.173404 0.030216 0.961554
1735690801.134210 -0.787399 9.190530 30.826488 -0.223052 -0.168208 0.027716 0.959784
1735690801.234214 -0.815238 9.197363 30.871184 -0.216170 -0.165971 0.035985 0.961472
1735690801.334206 -0.845281 9.213115 30.917147 -0.215561 -0.154774 0.035478 0.963493
1735690801.434207 -0.878767 9.233496 30.965854 -0.221219 -0.132070 0.035836 0.965575
1735690801.534208 -0.914064 9.244597 31.010832 -0.212870 -0.112526 0.031828 0.970057
1735690801.634211 -0.953230 9.253889 31.069316 -0.218556 -0.098019 0.027783 0.970491
1735690801.734213 -0.991781 9.260284 31.109122 -0.208553 -0.088226 0.021189 0.973793
1735690801.834221 -1.023225 9.268951 31.154948 -0.213063 -0.084176 0.015580 0.973281
1735690801.934210 -1.048052 9.283006 31.210837 -0.207366 -0.082331 0.010025 0.974741
1735690802.034221 -1.072848 9.302795 31.260292 -0.204606 -0.082029 0.014864 0.975288
1735690802.134217 -1.099318 9.323393 31.319085 -0.205424 -0.089642 0.021521 0.974321
1735690802.234209 -1.123283 9.343125 31.373088 -0.217358 -0.092721 0.034571 0.971063
1735690802.334222 -1.147540 9.356273 31.430603 -0.210246 -0.104475 0.034324 0.971444
1735690802.434206 -1.171717 9.370771 31.482372 -0.231323 -0.111291 0.026671 0.966122
1735690802.534209 -1.187181 9.384662 31.521234 -0.238840 -0.102008 0.026023 0.965336
1735690802.634207 -1.202865 9.399046 31.565883 -0.239540 -0.082183 0.027810 0.967002
1735690802.734208 -1.229346 9.411776 31.610948 -0.235640 -0.065168 0.020781 0.969430
1735690802.834214 -1.259024 9.422629 31.654658 -0.232661 -0.041257 0.019895 0.971479
1735690802.934222 -1.285877 9.428640 31.704295 -0.225240 -0.026704 0.024028 0.973641
1735690803.034210 -1.321182 9.435819 31.745017 -0.223555 -0.020435 0.017598 0.974318
1735690803.134213 -1.351406 9.439235 31.788302 -0.210988 -0.021820 0.012356 0.977167
1735690803.234208 -1.366624 9.448073 31.834203 -0.211138 -0.026024 0.007744 0.977079
1735690803.334210 -1.396409 9.463758 31.879103 -0.208424 -0.036102 0.001311 0.977371
1735690803.434216 -1.413671 9.481547 31.927928 -0.207745 -0.044869 0.004635 0.977142
1735690803.534212 -1.438290 9.500634 31.981792 -0.211852 -0.048187 0.015123 0.975996
1735690803.634208 -1.453588 9.512424 32.039031 -0.221808 -0.050074 0.029197 0.973366
1735690803.734203 -1.474530 9.521423 32.098856 -0.199258 -0.053765 0.018111 0.978303
1735690803.834175 -1.490934 9.536116 32.157824 -0.211693 -0.052534 0.017859 0.975760
1735690803.934134 -1.500032 9.547007 32.201593 -0.203337 -0.051200 0.012545 0.977689
1735690804.034095 -1.517834 9.567125 32.265718 -0.197006 -0.034552 0.011136 0.979730
1735690804.134046 -1.527814 9.583357 32.314465 -0.192386 -0.017405 0.008119 0.981131
1735690804.234057 -1.548919 9.602313 32.382216 -0.198522 0.000942 -0.000487 0.980096
1735690804.334044 -1.557702 9.611609 32.427131 -0.192813 0.012836 -0.001468 0.981150
1735690804.434048 -1.559368 9.626918 32.487665 -0.203167 0.029535 -0.000600 0.978698
1735690804.534052 -1.573309 9.646662 32.535732 -0.211300 0.037325 -0.000732 0.976708
1735690804.634044 -1.577465 9.670541 32.592170 -0.217030 0.034814 -0.002005 0.975542
1735690804.734045 -1.579861 9.697194 32.649463 -0.220929 0.030526 -0.000075 0.974812
1735690804.834046 -1.550567 9.722855 32.713016 -0.222074 0.017086 -0.002966 0.974876
1735690804.934045 -1.579921 9.736926 32.771013 -0.231710 0.004488 -0.014198 0.972671
1735690805.034051 -1.575720 9.755140 32.832434 -0.238553 0.009392 -0.026399 0.970725
1735690805.134063 -1.573603 9.770665 32.889229 -0.238239 0.017023 -0.023625 0.970770
1735690805.234046 -1.573436 9.789434 32.944988 -0.234376 0.026979 -0.026372 0.971414
1735690805.334055 -1.575657 9.813653 33.000350 -0.234806 0.041687 -0.025639 0.970809
1735690805.434046 -1.582984 9.832742 33.056603 -0.227397 0.050987 -0.027700 0.972072
1735690805.534048 -1.591702 9.846853 33.112202 -0.238319 0.062375 -0.017432 0.969025
1735690805.634054 -1.604474 9.857543 33.166522 -0.244373 0.063502 -0.018119 0.967430
1735690805.734043 -1.617014 9.868238 33.221061 -0.233052 0.059910 -0.012797 0.970533
1735690805.834044 -1.631192 9.889513 33.276845 -0.239596 0.046741 -0.016144 0.969613
1735690805.934052 -1.650272 9.917104 33.335693 -0.248866 0.028708 -0.015998 0.967980
1735690806.034047 -1.669191 9.942709 33.397672 -0.252172 0.009122 -0.000991 0.967639
1735690806.134053 -1.688149 9.966839 33.461250 -0.257067 -0.010701 0.013332 0.966242
1735690806.234013 -1.704410 9.984252 33.528002 -0.258841 -0.023846 0.018283 0.965452
1735690806.333973 -1.721249 10.001207 33.589685 -0.265401 -0.031378 0.016288 0.963490
1735690806.433943 -1.737684 10.016978 33.648259 -0.265722 -0.036162 0.016049 0.963237
1735690806.533890 -1.756498 10.037221 33.706893 -0.264388 -0.031703 0.017593 0.963735
1735690806.633859 -1.775605 10.056521 33.765041 -0.255533 -0.018150 0.012940 0.966543
1735690806.733824 -1.799566 10.075590 33.824769 -0.253254 -0.000598 0.009924 0.967349
1735690806.833785 -1.823293 10.087473 33.886043 -0.263357 0.013733 0.016241 0.964464
1735690806.933743 -1.853931 10.098041 33.947960 -0.260603 0.021292 0.008562 0.965173
1735690807.033703 -1.864403 10.111298 34.007110 -0.259274 0.027145 0.006481 0.965400
1735690807.133670 -1.876647 10.125477 34.068109 -0.250449 0.031469 0.005354 0.967603
1735690807.233646 -1.888396 10.147362 34.133116 -0.240679 0.033088 0.010558 0.969983
1735690807.333612 -1.895822 10.169227 34.196739 -0.241871 0.036204 0.026462 0.969272
1735690807.433557 -1.906548 10.189113 34.259647 -0.255822 0.033776 0.033472 0.965554
1735690807.533561 -1.914335 10.207125 34.321405 -0.262674 0.026626 0.018062 0.964348
1735690807.633526 -1.926313 10.221347 34.380866 -0.265623 0.027464 0.015332 0.963564
1735690807.733527 -1.938353 10.236063 34.438289 -0.261185 0.035111 0.019444 0.964454
1735690807.833531 -1.955788 10.254171 34.495653 -0.252063 0.045241 0.014860 0.966539
1735690807.933522 -1.975253 10.272331 34.555680 -0.253446 0.062665 0.014006 0.965216
1735690808.033525 -1.995941 10.282357 34.613233 -0.257713 0.080547 0.023579 0.962569
1735690808.133527 -2.016930 10.289492 34.675673 -0.246896 0.084358 0.012813 0.965278
1735690808.233527 -2.027517 10.304014 34.730362 -0.260904 0.095833 0.014617 0.960485
1735690808.333532 -2.035146 10.321229 34.786466 -0.258164 0.098101 0.003058 0.961102
1735690808.433534 -2.036685 10.342356 34.841892 -0.252598 0.103529 0.005751 0.961999
1735690808.533527 -2.035636 10.367348 34.898863 -0.253470 0.103017 0.010409 0.961786
1735690808.633538 -2.032648 10.391741 34.954220 -0.271101 0.107768 0.021956 0.956247
1735690808.733525 -2.032601 10.408110 35.012015 -0.263961 0.095795 -0.000528 0.959764
1735690808.833527 -2.032509 10.426018 35.066125 -0.275512 0.088510 -0.006462 0.957192
1735690808.933532 -2.035305 10.444873 35.123209 -0.280293 0.084915 -0.005208 0.956137
1735690809.033525 -2.040628 10.465834 35.180962 -0.273424 0.087409 -0.001514 0.957913
1735690809.133524 -2.047337 10.485455 35.242650 -0.265014 0.092287 -0.006523 0.959796
1735690809.233525 -2.053110 10.499124 35.306975 -0.252217 0.098437 -0.013572 0.962555
1735690809.333526 -2.052135 10.515180 35.376510 -0.252995 0.114527 -0.003541 0.960658
1735690809.433530 -2.058731 10.520937 35.433237 -0.254521 0.126513 -0.004206 0.958747
1735690809.533558 -2.056010 10.533048 35.491564 -0.243570 0.133457 -0.010175 0.960604
1735690809.633525 -2.047755 10.552721 35.550191 -0.245411 0.144273 -0.010723 0.958563
1735690809.733538 -2.034986 10.579412 35.610213 -0.247282 0.153863 -0.003401 0.956643
1735690809.833522 -2.021723 10.605115 35.671345 -0.246136 0.157508 0.004528 0.956341
1735690809.933527 -2.007833 10.627409 35.735615 -0.263748 0.163919 0.016871 0.950412
1735690810.033531 -1.995494 10.642418 35.801804 -0.254718 0.155140 0.003832 0.954482
1735690810.133524 -1.983953 10.659548 35.863993 -0.262128 0.153199 0.003539 0.952789
1735690810.233525 -1.974545 10.678349 35.923540 -0.259591 0.156374 0.007440 0.952945
1735690810.333530 -1.962410 10.700845 35.984976 -0.249833 0.165129 0.007534 0.954075
1735690810.433526 -1.950491 10.727417 36.039292 -0.253872 0.183981 0.012103 0.949502
1735690810.533530 -1.937603 10.758770 36.084258 -0.278938 0.209501 0.019322 0.936979
1735690810.633554 -1.931375 10.772624 36.132735 -0.281718 0.215763 0.005447 0.934907
1735690810.733526 -1.921376 10.786182 36.179536 -0.290678 0.228134 0.005445 0.929210
1735690810.833538 -1.904040 10.798727 36.226778 -0.290948 0.232500 -0.003764 0.928051
1735690810.933523 -1.885447 10.814889 36.274397 -0.289585 0.228474 -0.005889 0.929465
1735690811.033564 -1.868617 10.825968 36.325009 -0.275586 0.226275 -0.004947 0.934252
1735690811.133604 -1.851500 10.832893 36.376207 -0.267114 0.223985 0.007266 0.937245
1735690811.233633 -1.835758 10.844472 36.424101 -0.267219 0.211022 -0.004400 0.940236
1735690811.333671 -1.826736 10.860362 36.468443 -0.275984 0.201776 -0.007728 0.939712
1735690811.433702 -1.824766 10.878751 36.512843 -0.277361 0.189746 -0.006082 0.941823
1735690811.533746 -1.823810 10.900502 36.562341 -0.278846 0.187530 -0.006696 0.941824
1735690811.633791 -1.824236 10.923635 36.617301 -0.284758 0.187720 -0.013859 0.939937
1735690811.733824 -1.829018 10.942838 36.676123 -0.294737 0.188414 -0.021064 0.936582
1735690811.833860 -1.835361 10.952669 36.735977 -0.287443 0.190577 -0.020186 0.938429
1735690811.933894 -1.837882 10.964416 36.789942 -0.288753 0.190289 -0.016999 0.938149
1735690812.033889 -1.839280 10.975619 36.842464 -0.279938 0.180646 -0.024947 0.942539
1735690812.133890 -1.836946 10.995224 36.893988 -0.282960 0.174313 -0.021315 0.942918
1735690812.233897 -1.830988 11.020310 36.947947 -0.281157 0.170315 -0.016063 0.944291
1735690812.333894 -1.819642 11.044694 36.999271 -0.284096 0.171495 -0.001539 0.943333
1735690812.433889 -1.802902 11.067634 37.057044 -0.288345 0.173700 0.007908 0.941607
1735690812.533889 -1.788555 11.082716 37.118949 -0.286978 0.171553 0.015302 0.942327
1735690812.633892 -1.778671 11.096791 37.179951 -0.281095 0.163686 0.004615 0.945606
1735690812.733897 -1.770759 11.112360 37.238407 -0.284015 0.153429 0.006278 0.946444
1735690812.833905 -1.766413 11.127227 37.296178 -0.271702 0.143401 0.003943 0.951629
1735690812.933892 -1.761472 11.146748 37.355484 -0.261811 0.142992 0.003919 0.954460
1735690813.033900 -1.756750 11.167341 37.412885 -0.260673 0.146210 0.004916 0.954279
1735690813.133888 -1.754526 11.187741 37.472997 -0.276560 0.151153 -0.000118 0.949035
1735690813.233893 -1.757254 11.203507 37.534632 -0.270504 0.145462 -0.015493 0.951540
1735690813.333894 -1.754327 11.221172 37.597094 -0.278475 0.149887 -0.010575 0.948617
1735690813.433887 -1.751341 11.233884 37.663278 -0.264446 0.147696 -0.012474 0.952942
1735690813.533890 -1.748860 11.254330 37.727739 -0.258307 0.142480 -0.012304 0.955419
1735690813.633891 -1.746169 11.280092 37.793406 -0.256615 0.135214 -0.006408 0.956987
1735690813.733898 -1.740710 11.304316 37.856746 -0.268228 0.131350 0.007637 0.954328
1735690813.833894 -1.745098 11.325104 37.911703 -0.286708 0.125643 0.012274 0.949664
1735690813.933905 -1.740429 11.348839 37.958426 -0.326066 0.127775 0.010138 0.936617
1735690814.033891 -1.746690 11.363429 38.005064 -0.322196 0.125210 0.004571 0.938345
1735690814.133904 -1.755858 11.379473 38.056431 -0.316071 0.132709 0.003397 0.939402
1735690814.233890 -1.768324 11.389286 38.112501 -0.299114 0.143467 -0.000992 0.943370
1735690814.333891 -1.789350 11.400994 38.170465 -0.285166 0.154828 -0.000438 0.945890
1735690814.433895 -1.807583 11.405032 38.222465 -0.270774 0.157013 -0.005405 0.949736
1735690814.533888 -1.821870 11.402427 38.264914 -0.264498 0.152024 -0.006558 0.952306
1735690814.633888 -1.832150 11.403120 38.298844 -0.249191 0.141170 -0.016882 0.957961
1735690814.733893 -1.837173 11.411217 38.334624 -0.248420 0.138504 -0.011589 0.958629
1735690814.833903 -1.836101 11.421462 38.371330 -0.246458 0.136736 -0.007210 0.959432
1735690814.933895 -1.830289 11.429358 38.408812 -0.239852 0.127844 -0.001969 0.962353
1735690815.033897 -1.830160 11.439591 38.446828 -0.235986 0.110243 0.000770 0.965483
1735690815.133889 -1.831198 11.449411 38.486673 -0.242540 0.089415 0.009164 0.965968
1735690815.233896 -1.832240 11.460820 38.525960 -0.239348 0.069040 0.001812 0.968474
1735690815.333889 -1.836360 11.475014 38.563238 -0.245334 0.064968 0.007393 0.967231
1735690815.433892 -1.841859 11.494564 38.606433 -0.247455 0.063444 0.007775 0.966789
1735690815.533907 -1.856977 11.511269 38.649023 -0.248047 0.066760 0.006442 0.966424
1735690815.633890 -1.884745 11.531441 38.697657 -0.251921 0.065461 0.001031 0.965531
1735690815.733896 -1.916869 11.547954 38.745226 -0.252105 0.065269 -0.004942 0.965484
1735690815.833894 -1.957775 11.561835 38.797483 -0.263679 0.065492 0.003265 0.962379
1735690815.933890 -1.999854 11.574044 38.851844 -0.267246 0.054159 0.001971 0.962103
1735690816.033894 -2.030744 11.582952 38.904336 -0.260554 0.038790 -0.006185 0.964660
1735690816.133869 -2.059204 11.598131 38.961407 -0.252275 0.032644 -0.006898 0.967080
1735690816.233818 -2.083583 11.620401 39.021493 -0.250543 0.028721 -0.002345 0.967676
1735690816.333793 -2.104978 11.643650 39.080016 -0.249622 0.026467 0.007902 0.967949
1735690816.433743 -2.127173 11.665821 39.144030 -0.261507 0.024941 0.013474 0.964785
1735690816.533703 -2.149273 11.681269 39.210854 -0.253326 0.023343 0.011790 0.967028
1735690816.633683 -2.171347 11.699827 39.273311 -0.269191 0.021662 0.003627 0.962836
1735690816.733625 -2.194884 11.713820 39.336220 -0.256901 0.019779 0.000256 0.966235
1735690816.833598 -2.224280 11.734918 39.401236 -0.251242 0.022581 -0.000795 0.967661
1735690816.933528 -2.258036 11.755171 39.465246 -0.247516 0.027926 -0.009421 0.968435
1735690817.033453 -2.285445 11.772114 39.528438 -0.256028 0.039078 -0.000408 0.965879
1735690817.133385 -2.313440 11.780417 39.589750 -0.255756 0.045589 -0.004453 0.965656
1735690817.233316 -2.336058 11.792152 39.650475 -0.248433 0.054124 -0.003160 0.967131
1735690817.333235 -2.340837 11.811000 39.708612 -0.244104 0.055652 -0.003122 0.968146
1735690817.433175 -2.342536 11.834637 39.764677 -0.250913 0.051507 0.001430 0.966637
1735690817.533097 -2.345677 11.861383 39.825271 -0.259102 0.054359 0.015688 0.964192
1735690817.633027 -2.341838 11.880363 39.885122 -0.262547 0.054391 0.011536 0.963316
1735690817.732958 -2.332533 11.898150 39.945503 -0.279727 0.059525 0.007115 0.958206
1735690817.832891 -2.332549 11.920386 40.006162 -0.282502 0.068782 0.010564 0.956739
1735690817.932815 -2.330870 11.944544 40.066753 -0.281525 0.077984 0.008725 0.956340
1735690818.032755 -2.326802 11.963514 40.128548 -0.276103 0.091192 0.002660 0.956788
1735690818.132724 -2.329655 11.984691 40.189245 -0.281710 0.108626 0.002828 0.953327
1735690818.232688 -2.320022 11.998328 40.242704 -0.290363 0.124398 0.006011 0.948777
1735690818.332672 -2.315891 12.014510 40.292354 -0.290168 0.136489 0.003841 0.947185
1735690818.432620 -2.301175 12.033042 40.347634 -0.283540 0.147428 -0.000131 0.947560
1735690818.532631 -2.282112 12.054288 40.407402 -0.280627 0.151164 0.002939 0.947834
1735690818.632618 -2.266097 12.082188 40.467799 -0.280124 0.148452 0.005267 0.948401
1735690818.732620 -2.247038 12.101938 40.531617 -0.282419 0.151763 0.012966 0.947122
1735690818.832632 -2.225674 12.116088 40.593805 -0.279880 0.150957 -0.001682 0.948091
1735690818.932617 -2.217983 12.139029 40.650326 -0.293642 0.159201 -0.004020 0.942557
1735690819.032619 -2.209105 12.159622 40.710523 -0.288625 0.167808 -0.005223 0.942608
1735690819.132620 -2.199948 12.179403 40.774978 -0.280039 0.181098 -0.008685 0.942712
1735690819.232621 -2.201039 12.207704 40.846169 -0.278817 0.198176 -0.021560 0.939427
1735690819.332625 -2.199403 12.227244 40.920194 -0.284068 0.215722 -0.022675 0.933946
1735690819.432633 -2.206238 12.240850 40.995494 -0.286382 0.214427 -0.032389 0.933251
1735690819.532621 -2.208887 12.246547 41.065073 -0.271555 0.208656 -0.031730 0.938996
1735690819.632630 -2.204981 12.261982 41.133821 -0.256532 0.197245 -0.040414 0.945332
1735690819.732630 -2.207741 12.284736 41.201835 -0.250456 0.188989 -0.035278 0.948847
1735690819.832620 -2.203345 12.312992 41.269677 -0.249138 0.180817 -0.030972 0.950934
1735690819.932624 -2.194998 12.341847 41.346200 -0.253870 0.184740 -0.021992 0.949177
1735690820.032618 -2.179836 12.361596 41.416865 -0.256744 0.187556 -0.017390 0.947947
1735690820.132617 -2.174503 12.380707 41.489644 -0.265792 0.189221 -0.022187 0.945017
1735690820.232620 -2.163579 12.401070 41.555342 -0.266946 0.196577 -0.020251 0.943232
1735690820.332623 -2.163276 12.422748 41.628324 -0.258735 0.206744 -0.024098 0.943256
1735690820.432625 -2.153824 12.449859 41.704743 -0.247852 0.225577 -0.030150 0.941687
1735690820.532627 -2.153406 12.461276 41.769070 -0.237674 0.252176 -0.028334 0.937612
1735690820.632619 -2.150794 12.480213 41.839095 -0.238973 0.275235 -0.014132 0.931095
1735690820.732636 -2.151838 12.482586 41.900960 -0.245244 0.274098 -0.023078 0.929620
1735690820.832628 -2.155806 12.511142 41.971320 -0.246109 0.269750 -0.031218 0.930425
1735690820.932623 -2.144289 12.511455 42.024938 -0.249719 0.266291 -0.034739 0.930335
1735690821.032626 -2.143580 12.561701 42.108906 -0.240329 0.264769 -0.033290 0.933290
1735690821.132617 -2.133101 12.577735 42.169064 -0.238092 0.264516 -0.026072 0.934165
1735690821.232624 -2.125572 12.601434 42.236533 -0.243697 0.259451 -0.020572 0.934277
1735690821.332619 -2.116070 12.628790 42.301816 -0.260001 0.244953 -0.027325 0.933622
1735690821.432655 -2.108988 12.643655 42.358680 -0.268192 0.235149 -0.026523 0.933849
1735690821.532686 -2.105249 12.671073 42.421949 -0.263175 0.234926 -0.028347 0.935278
1735690821.632719 -2.093537 12.700490 42.484341 -0.264712 0.250908 -0.031196 0.930591
1735690821.732757 -2.082923 12.720396 42.544356 -0.265585 0.267016 -0.032124 0.925816
1735690821.832829 -2.074104 12.742050 42.607663 -0.271575 0.274958 -0.020065 0.922086
1735690821.932890 -2.065365 12.756220 42.649822 -0.287727 0.260595 -0.027428 0.921168
1735690822.032955 -2.048584 12.770063 42.698637 -0.283929 0.256989 -0.025329 0.923417
1735690822.133030 -2.018474 12.788475 42.746553 -0.276708 0.259087 -0.024490 0.925044
1735690822.233095 -1.982405 12.808051 42.795110 -0.268961 0.254644 -0.023250 0.928588
1735690822.333160 -1.944105 12.825516 42.850874 -0.266224 0.251246 -0.017411 0.930429
1735690822.433267 -1.899185 12.836500 42.890701 -0.261843 0.244605 -0.014939 0.933479
1735690822.533379 -1.860697 12.848324 42.927553 -0.270699 0.245057 -0.017103 0.930794
1735690822.633478 -1.822950 12.866421 42.964332 -0.275751 0.257610 -0.006015 0.926047
1735690822.733593 -1.788510 12.892321 43.004302 -0.282698 0.269804 -0.004250 0.920472
1735690822.833693 -1.745322 12.918822 43.041171 -0.289156 0.289575 -0.013389 0.912336
1735690822.933820 -1.703134 12.938049 43.083947 -0.281450 0.319312 -0.020090 0.904667
1735690823.033928 -1.659486 12.956048 43.129852 -0.301363 0.349492 -0.013418 0.887049
1735690823.134184 -1.617703 12.966227 43.184906 -0.292256 0.370383 -0.025676 0.881331
1735690823.234222 -1.571167 12.973068 43.217179 -0.285152 0.391892 -0.027046 0.874287
1735690823.334207 -1.522100 12.986445 43.255984 -0.279082 0.407017 -0.034414 0.869060
1735690823.434209 -1.467545 13.004798 43.293632 -0.269242 0.420231 -0.033491 0.865906
1735690823.534208 -1.409781 13.027375 43.335948 -0.262321 0.434505 -0.029434 0.861120
1735690823.634208 -1.347048 13.038780 43.366922 -0.269553 0.453788 -0.011119 0.849290
1735690823.734215 -1.292766 13.052251 43.407328 -0.272455 0.452002 -0.024938 0.849023
1735690823.834223 -1.243653 13.064363 43.451607 -0.279742 0.445719 -0.023603 0.850013
1735690823.934214 -1.196441 13.093559 43.502598 -0.281264 0.448206 -0.019656 0.848302
1735690824.034218 -1.147143 13.114430 43.538717 -0.277230 0.456945 -0.017484 0.845008
1735690824.134213 -1.098606 13.141983 43.589059 -0.278526 0.463126 -0.022895 0.841079
1735690824.234208 -1.048713 13.160135 43.641219 -0.283181 0.478341 -0.008963 0.831215
1735690824.334216 -0.997082 13.169895 43.681239 -0.287064 0.485498 -0.015947 0.825610
1735690824.434205 -0.947228 13.188130 43.734278 -0.281078 0.492208 -0.023424 0.823516
1735690824.534208 -0.888185 13.203776 43.758271 -0.279297 0.499914 -0.024306 0.819444
1735690824.634208 -0.825877 13.223086 43.791849 -0.272483 0.504098 -0.023352 0.819203
1735690824.734209 -0.760891 13.240978 43.822265 -0.262878 0.509180 -0.021215 0.819256
1735690824.834227 -0.699108 13.250924 43.863133 -0.264625 0.508168 -0.019140 0.819374
1735690824.934218 -0.639477 13.264371 43.888629 -0.273618 0.505742 -0.030015 0.817593
1735690825.034207 -0.585493 13.266066 43.923301 -0.268495 0.507578 -0.022130 0.818404
1735690825.134215 -0.540381 13.289085 43.968300 -0.266897 0.506237 -0.026509 0.819626
1735690825.234215 -0.483548 13.313820 44.019098 -0.267176 0.509101 -0.036816 0.817360
1735690825.334210 -0.433980 13.332637 44.061493 -0.266992 0.519817 -0.041875 0.810402
1735690825.434224 -0.379768 13.348776 44.111343 -0.274501 0.529951 -0.032070 0.801731
1735690825.534207 -0.333321 13.362881 44.166347 -0.270743 0.531875 -0.035283 0.801600
1735690825.634208 -0.287877 13.378671 44.220905 -0.263268 0.532663 -0.031521 0.803721
1735690825.734208 -0.239555 13.395599 44.265862 -0.260761 0.526904 -0.031999 0.808302
1735690825.834210 -0.190224 13.422635 44.315948 -0.256604 0.512563 -0.037119 0.818569
1735690825.934239 -0.136196 13.439685 44.358412 -0.252767 0.512548 -0.028588 0.820113
1735690826.034218 -0.074317 13.456348 44.402565 -0.250940 0.518847 -0.019119 0.816983
1735690826.134209 -0.020568 13.476968 44.460919 -0.254537 0.509782 -0.030403 0.821224
1735690826.234215 0.024143 13.488817 44.502206 -0.261790 0.499743 -0.028673 0.825167
1735690826.334217 0.069933 13.511360 44.555289 -0.257795 0.496207 -0.028496 0.828558
1735690826.434210 0.112575 13.538029 44.616208 -0.251526 0.503204 -0.034872 0.826017
1735690826.534226 0.161292 13.558927 44.666649 -0.245839 0.516709 -0.040146 0.819123
1735690826.634206 0.203553 13.578247 44.728775 -0.251972 0.528369 -0.033575 0.810068
1735690826.734208 0.255555 13.592252 44.784160 -0.245174 0.538799 -0.032900 0.805297
1735690826.834213 0.291771 13.603350 44.835839 -0.245087 0.543280 -0.033867 0.802267
1735690826.934209 0.348180 13.622723 44.868547 -0.241609 0.545541 -0.033331 0.801810
1735690827.034214 0.392558 13.638500 44.916756 -0.229769 0.546275 -0.036465 0.804649
1735690827.134224 0.457150 13.656233 44.944234 -0.229794 0.553290 -0.024376 0.800294
1735690827.234207 0.492037 13.669983 44.987173 -0.221207 0.558281 -0.028291 0.799118
1735690827.334215 0.545098 13.701508 45.012384 -0.222955 0.574031 -0.022025 0.787588
1735690827.434215 0.585900 13.703801 45.043310 -0.228076 0.590932 -0.025630 0.773385
1735690827.534210 0.631009 13.730277 45.072430 -0.221386 0.622638 -0.029709 0.749951
1735690827.634221 0.681268 13.748485 45.108564 -0.200729 0.650671 -0.049489 0.730675
1735690827.734205 0.722784 13.763510 45.135070 -0.210168 0.684964 -0.008181 0.697557
1735690827.834207 0.759011 13.786065 45.163666 -0.212212 0.702759 -0.016950 0.678829
1735690827.934208 0.805712 13.775971 45.179440 -0.207522 0.714848 -0.021568 0.667429
1735690828.034211 0.852153 13.778410 45.182212 -0.195553 0.730677 -0.030404 0.653411
1735690828.134213 0.904524 13.781461 45.192651 -0.175515 0.748583 -0.033523 0.638510
1735690828.234218 0.958715 13.775834 45.170318 -0.172621 0.770825 -0.024503 0.612724
1735690828.334207 1.006712 13.768613 45.167948 -0.161513 0.789814 -0.043904 0.590068
1735690828.434215 1.045039 13.761195 45.133497 -0.169787 0.816135 -0.038116 0.551038
1735690828.534225 1.068100 13.762580 45.122698 -0.170922 0.840364 -0.038893 0.512895
1735690828.634209 1.097437 13.757915 45.085220 -0.173007 0.868134 -0.042127 0.463290
1735690828.734212 1.122382 13.757072 45.067192 -0.167387 0.894007 -0.051998 0.412347
1735690828.834206 1.152759 13.756819 45.041484 -0.170918 0.917035 -0.056902 0.355804
1735690828.934208 1.184718 13.753319 45.026543 -0.177038 0.930694 -0.049966 0.316180
1735690829.034221 1.223679 13.749761 45.000623 -0.175617 0.938637 -0.058845 0.290958
1735690829.134214 1.255753 13.745797 45.001537 -0.163462 0.943286 -0.052249 0.284187
1735690829.234211 1.298117 13.745674 44.982304 -0.167770 0.942110 -0.055774 0.284907
1735690829.334224 1.327534 13.746863 44.970238 -0.162222 0.940485 -0.040706 0.295828
1735690829.434211 1.376267 13.750971 44.954820 -0.167729 0.936990 -0.054751 0.301527
1735690829.534215 1.401218 13.741741 44.924739 -0.148521 0.941555 -0.039622 0.299742
1735690829.634212 1.444804 13.738233 44.907809 -0.153004 0.942598 -0.045161 0.293357
1735690829.734209 1.462192 13.724555 44.874007 -0.151675 0.943211 -0.038183 0.293071
1735690829.834214 1.505596 13.727737 44.869043 -0.154864 0.946664 -0.036492 0.280201
1735690829.934205 1.514464 13.721572 44.831289 -0.158174 0.948275 -0.028588 0.273749
1735690830.034208 1.573368 13.728374 44.834325 -0.174129 0.946999 -0.034806 0.267695
1735690830.134209 1.577925 13.721988 44.803171 -0.178833 0.951402 -0.035192 0.248224
1735690830.234209 1.649451 13.719650 44.791546 -0.172402 0.959322 -0.041038 0.219761
1735690830.334213 1.670209 13.707518 44.764751 -0.169438 0.964070 -0.039430 0.200759
1735690830.434215 1.735656 13.700388 44.754513 -0.163487 0.966533 -0.047496 0.191909
1735690830.534210 1.777225 13.690958 44.738368 -0.156992 0.968172 -0.045939 0.189435
1735690830.634215 1.791450 13.683646 44.709090 -0.164437 0.966004 -0.049320 0.193298
1735690830.734214 1.844405 13.679964 44.694398 -0.162154 0.965772 -0.050814 0.195979
1735690830.834209 1.879635 13.676332 44.666736 -0.158658 0.965286 -0.053157 0.200561
1735690830.934216 1.896599 13.674822 44.621567 -0.143355 0.966446 -0.060720 0.204315
1735690831.034206 1.951051 13.659278 44.600220 -0.126901 0.970135 -0.050742 0.200397
1735690831.134214 1.985081 13.639331 44.567626 -0.122993 0.969404 -0.062887 0.202914
1735690831.234207 1.989401 13.627306 44.519453 -0.134327 0.968536 -0.066493 0.198676
1735690831.334208 2.035007 13.613178 44.503589 -0.128471 0.971246 -0.069769 0.187905
1735690831.434213 2.066436 13.611751 44.474601 -0.132147 0.973926 -0.065140 0.172518
1735690831.534224 2.077746 13.613582 44.427715 -0.137390 0.976005 -0.067444 0.154886
1735690831.634211 2.135276 13.599028 44.414911 -0.137984 0.977551 -0.086294 0.133823
1735690831.734216 2.154892 13.590411 44.368395 -0.117764 0.985422 -0.081498 0.091835
1735690831.834214 2.200628 13.573295 44.348387 -0.111624 0.986461 -0.094716 0.073923
1735690831.934208 2.223662 13.567847 44.311550 -0.114257 0.987751 -0.087659 0.060085
1735690832.034216 2.267439 13.553621 44.291640 -0.125310 0.986136 -0.087423 0.064740
1735690832.134204 2.290102 13.553700 44.243909 -0.129592 0.985242 -0.083634 0.074223
1735690832.234208 2.339130 13.542508 44.207889 -0.130175 0.983506 -0.085783 0.091714
1735690832.334211 2.365368 13.540957 44.137194 -0.119339 0.982119 -0.091432 0.113318
1735690832.434206 2.415612 13.521872 44.104786 -0.113352 0.980861 -0.091724 0.129037
1735690832.534213 2.443039 13.509902 44.048155 -0.113000 0.977273 -0.096714 0.151049
1735690832.634216 2.482454 13.487500 44.017320 -0.124135 0.974677 -0.085526 0.165168
1735690832.734209 2.512813 13.487396 43.957763 -0.119214 0.973674 -0.079497 0.177277
1735690832.834215 2.554165 13.474715 43.940955 -0.117644 0.973889 -0.072603 0.180083
1735690832.934216 2.596805 13.473709 43.901634 -0.124738 0.973181 -0.068481 0.180746
1735690833.034211 2.638998 13.479892 43.841617 -0.137588 0.970314 -0.079090 0.182495
1735690833.134217 2.693791 13.453865 43.815809 -0.136523 0.972705 -0.079496 0.169959
1735690833.234215 2.740764 13.432784 43.778663 -0.131208 0.972915 -0.093138 0.165973
1735690833.334208 2.775752 13.434646 43.718570 -0.130317 0.974624 -0.083768 0.161583
1735690833.434208 2.817556 13.412719 43.706163 -0.137350 0.972998 -0.089117 0.162693
1735690833.534207 2.851886 13.407009 43.660408 -0.141167 0.973446 -0.083032 0.159937
1735690833.634213 2.881254 13.417615 43.594725 -0.138404 0.973714 -0.085219 0.159569
1735690833.734214 2.913578 13.390636 43.556056 -0.121543 0.976520 -0.089207 0.153874
1735690833.834208 2.946254 13.373976 43.505234 -0.114641 0.978193 -0.085466 0.150637
1735690833.934216 2.972552 13.364693 43.430187 -0.110248 0.977092 -0.098792 0.152894
1735690834.034215 3.009538 13.344547 43.399435 -0.123271 0.977273 -0.081431 0.152020
1735690834.134208 3.040319 13.335579 43.354556 -0.122507 0.977314 -0.075913 0.155202
1735690834.234214 3.066982 13.340996 43.293749 -0.121469 0.977592 -0.080380 0.151980
1735690834.334204 3.104183 13.321082 43.248787 -0.120223 0.979063 -0.088766 0.138213
1735690834.434207 3.129685 13.313240 43.183133 -0.126409 0.978708 -0.101005 0.126292
1735690834.534211 3.171444 13.293984 43.141285 -0.117383 0.983685 -0.088369 0.103808
1735690834.634209 3.198596 13.281658 43.086099 -0.116934 0.983959 -0.100016 0.090261
1735690834.734213 3.226454 13.264835 43.045318 -0.112587 0.986969 -0.082765 0.079792
1735690834.834222 3.247339 13.249248 42.996186 -0.120041 0.985620 -0.093573 0.073401
1735690834.934209 3.258501 13.235897 42.924226 -0.111632 0.986884 -0.097451 0.064049
1735690835.034225 3.274882 13.224727 42.875928 -0.108165 0.987365 -0.101883 0.055044
1735690835.134214 3.277168 13.205401 42.809161 -0.094954 0.989573 -0.100042 0.041486
1735690835.234210 3.289530 13.182419 42.755993 -0.088839 0.990232 -0.100901 0.036989
1735690835.334214 3.296342 13.165413 42.698117 -0.100789 0.990238 -0.090619 0.032542
1735690835.434205 3.309339 13.149311 42.646638 -0.093500 0.991348 -0.088412 0.025902
1735690835.534207 3.320995 13.135851 42.587559 -0.088723 0.991865 -0.090191 0.014068
1735690835.634210 3.333589 13.127742 42.530964 -0.087985 0.991980 -0.090608 -0.005037
1735690835.734207 3.346362 13.113258 42.471662 -0.090517 0.990672 -0.099137 -0.023404
1735690835.834215 3.367060 13.095357 42.411066 -0.082749 0.991008 -0.094123 -0.046874
1735690835.934221 3.382453 13.066594 42.344571 -0.083676 0.988721 -0.107759 -0.061777
1735690836.034210 3.396446 13.054697 42.299543 -0.077726 0.989658 -0.095850 -0.073127
1735690836.134223 3.403722 13.036678 42.241565 -0.085660 0.988261 -0.100079 -0.077378
1735690836.234217 3.411337 13.023632 42.177552 -0.082610 0.988364 -0.100028 -0.079413
1735690836.334216 3.413166 13.009891 42.107913 -0.074691 0.989314 -0.098590 -0.077192
1735690836.434212 3.413979 12.995592 42.042851 -0.067999 0.990533 -0.093757 -0.073693
1735690836.534210 3.410043 12.968550 41.963865 -0.059851 0.992362 -0.079349 -0.073072
1735690836.634208 3.403924 12.954369 41.919852 -0.068585 0.991915 -0.081114 -0.069437
1735690836.734214 3.399780 12.938987 41.863204 -0.067108 0.993335 -0.066998 -0.065516
1735690836.834208 3.401171 12.926528 41.800929 -0.062994 0.994048 -0.060448 -0.065160
1735690836.934213 3.400135 12.922617 41.743292 -0.066007 0.994369 -0.050693 -0.065600
1735690837.034215 3.393796 12.913845 41.688069 -0.060203 0.994153 -0.042575 -0.078889
1735690837.134208 3.387394 12.895320 41.624868 -0.059025 0.993057 -0.027681 -0.097913
1735690837.234215 3.378566 12.880908 41.584523 -0.068125 0.991103 -0.040047 -0.107103
1735690837.334217 3.369688 12.864659 41.539725 -0.068470 0.989696 -0.040172 -0.119161
1735690837.434209 3.357749 12.848991 41.485298 -0.059411 0.988815 -0.041881 -0.130235
1735690837.534214 3.338007 12.841286 41.442748 -0.051890 0.988379 -0.047428 -0.134779
1735690837.634204 3.319488 12.823226 41.396076 -0.053213 0.987366 -0.059253 -0.136987
1735690837.734207 3.306037 12.793390 41.331355 -0.041636 0.987094 -0.067071 -0.139335
1735690837.834208 3.293137 12.784263 41.302672 -0.053331 0.987405 -0.064661 -0.134187
1735690837.934208 3.289562 12.772228 41.258266 -0.054619 0.987897 -0.058497 -0.132872
1735690838.034214 3.289437 12.757210 41.203230 -0.057956 0.987093 -0.062663 -0.135506
1735690838.134223 3.286161 12.747552 41.149196 -0.062710 0.985539 -0.067938 -0.142001
1735690838.234210 3.292039 12.729722 41.089079 -0.061469 0.985445 -0.068926 -0.142722
1735690838.334216 3.304892 12.704499 41.029440 -0.066816 0.985384 -0.063381 -0.143309
1735690838.434213 3.310834 12.687312 40.979154 -0.061038 0.986189 -0.071701 -0.136252
1735690838.534209 3.317738 12.663288 40.915713 -0.044427 0.989007 -0.065431 -0.124938
1735690838.634223 3.311560 12.656679 40.879153 -0.051268 0.990082 -0.065192 -0.113395
1735690838.734207 3.303480 12.643764 40.822780 -0.048415 0.990614 -0.062815 -0.111325
1735690838.834207 3.290769 12.628521 40.757651 -0.046401 0.991700 -0.058119 -0.104886
1735690838.934210 3.274082 12.609660 40.698525 -0.049719 0.991944 -0.065685 -0.096236
1735690839.034207 3.255402 12.575068 40.628256 -0.056133 0.991608 -0.072453 -0.091181
1735690839.134213 3.237605 12.547747 40.576774 -0.064511 0.990643 -0.084021 -0.086059
1735690839.234215 3.227982 12.527418 40.521467 -0.067196 0.991415 -0.076661 -0.081876
1735690839.334209 3.227200 12.514098 40.462761 -0.063699 0.992212 -0.068532 -0.082232
1735690839.434215 3.227808 12.509122 40.406690 -0.066997 0.992171 -0.062525 -0.084849
1735690839.534214 3.228629 12.494802 40.326057 -0.071007 0.990597 -0.062679 -0.098724
1735690839.634210 3.233686 12.484248 40.275989 -0.072897 0.988242 -0.056787 -0.121819
1735690839.734214 3.244894 12.456883 40.217491 -0.076521 0.986177 -0.068527 -0.130010
1735690839.834204 3.244629 12.436674 40.165982 -0.068522 0.986139 -0.061397 -0.138076
1735690839.934206 3.247143 12.419347 40.111691 -0.067804 0.986586 -0.067089 -0.132472
1735690840.034209 3.243140 12.402140 40.051443 -0.052072 0.988087 -0.067995 -0.127862
1735690840.134216 3.229965 12.391274 39.989862 -0.048334 0.988802 -0.069106 -0.123122
1735690840.234215 3.213413 12.364185 39.909273 -0.043255 0.988430 -0.081841 -0.120153
1735690840.334222 3.193527 12.342450 39.865296 -0.034807 0.988408 -0.083128 -0.122181
1735690840.434208 3.177185 12.314504 39.807537 -0.044560 0.987625 -0.093125 -0.118059
1735690840.534216 3.165342 12.294472 39.743865 -0.049468 0.989102 -0.081308 -0.112332
1735690840.634216 3.156776 12.283068 39.694794 -0.050641 0.989889 -0.075916 -0.108592
1735690840.734211 3.147872 12.271515 39.632589 -0.045301 0.989020 -0.075426 -0.118735
1735690840.834214 3.140906 12.258534 39.564261 -0.043647 0.987037 -0.075092 -0.134961
1735690840.934204 3.136765 12.241208 39.504224 -0.050677 0.984541 -0.076997 -0.148940
1735690841.034207 3.132410 12.214499 39.424046 -0.042461 0.982380 -0.081025 -0.162978
1735690841.134210 3.132131 12.197451 39.384888 -0.036451 0.981568 -0.072934 -0.172849
1735690841.234216 3.123475 12.176062 39.328139 -0.036469 0.981801 -0.070915 -0.172360
1735690841.334213 3.109328 12.162741 39.274294 -0.043867 0.981489 -0.069805 -0.172867
1735690841.434216 3.086952 12.148640 39.210463 -0.039797 0.981539 -0.073394 -0.172079
1735690841.534213 3.065262 12.130205 39.154250 -0.044643 0.980308 -0.086794 -0.171668
1735690841.634219 3.039810 12.103841 39.093548 -0.034046 0.981805 -0.077841 -0.169827
1735690841.734214 3.018311 12.075971 39.045415 -0.048000 0.980546 -0.088920 -0.168284
1735690841.834213 2.997035 12.055520 38.993771 -0.049209 0.980506 -0.083051 -0.171138
1735690841.934216 2.979371 12.032010 38.933821 -0.054066 0.979467 -0.090070 -0.172069
1735690842.034205 2.971191 12.025681 38.888642 -0.059907 0.977854 -0.088701 -0.179844
1735690842.134207 2.956485 12.009637 38.828358 -0.062169 0.975657 -0.088173 -0.190929
1735690842.234210 2.950216 11.992068 38.769598 -0.073361 0.972980 -0.093580 -0.197919
1735690842.334209 2.941204 11.966804 38.708161 -0.068453 0.971899 -0.078399 -0.211140
1735690842.434214 2.937535 11.938092 38.656784 -0.066095 0.968464 -0.106568 -0.215297
1735690842.534222 2.927455 11.917471 38.589107 -0.056540 0.970084 -0.088998 -0.218677
1735690842.634206 2.925778 11.904118 38.547548 -0.077052 0.970853 -0.084553 -0.210614
1735690842.734215 2.906330 11.895689 38.481304 -0.073298 0.971692 -0.083224 -0.208606
1735690842.834215 2.891929 11.881910 38.421458 -0.067417 0.973056 -0.082951 -0.204295
1735690842.934209 2.870137 11.863838 38.347001 -0.057242 0.975473 -0.069442 -0.200882
1735690843.034215 2.862327 11.841766 38.291804 -0.063212 0.977844 -0.072669 -0.185863
1735690843.134204 2.847272 11.831062 38.221824 -0.070967 0.979935 -0.048767 -0.179756
1735690843.234209 2.844684 11.814907 38.162233 -0.073302 0.981855 -0.055031 -0.166007
1735690843.334210 2.834656 11.797430 38.081980 -0.076296 0.982467 -0.056084 -0.160600
1735690843.434209 2.842723 11.780587 38.022616 -0.086598 0.981381 -0.066946 -0.157832
1735690843.534213 2.842453 11.751728 37.958343 -0.081919 0.982585 -0.072651 -0.150124
1735690843.634224 2.851083 11.727848 37.907515 -0.082345 0.984168 -0.071651 -0.139638
1735690843.734208 2.845663 11.700724 37.848873 -0.076279 0.985996 -0.075209 -0.127813
1735690843.834226 2.847385 11.687400 37.790879 -0.084025 0.986984 -0.075317 -0.114586
1735690843.934215 2.837597 11.676970 37.722900 -0.086603 0.988696 -0.077349 -0.094853
1735690844.034209 2.833032 11.671845 37.653202 -0.077939 0.991292 -0.067375 -0.082013
1735690844.134223 2.812945 11.649622 37.569837 -0.062888 0.993518 -0.057857 -0.074962
1735690844.234216 2.814564 11.626219 37.518427 -0.073343 0.992852 -0.069019 -0.064042
1735690844.334207 2.810337 11.597001 37.455129 -0.084716 0.993009 -0.067702 -0.046612
1735690844.434209 2.819271 11.582035 37.398821 -0.091433 0.993254 -0.064499 -0.030449
1735690844.534209 2.822303 11.570084 37.336318 -0.093513 0.993745 -0.056236 -0.023746
1735690844.634214 2.832031 11.556890 37.275263 -0.095981 0.993182 -0.063668 -0.017999
1735690844.734224 2.837148 11.541430 37.207757 -0.100321 0.992036 -0.071377 -0.026577
1735690844.834207 2.846454 11.525080 37.145176 -0.087173 0.993899 -0.049233 -0.046283
1735690844.934216 2.850157 11.499499 37.084628 -0.091088 0.992141 -0.066812 -0.053811
1735690845.034215 2.853728 11.482443 37.024784 -0.084359 0.992739 -0.053470 -0.067036
1735690845.134209 2.846972 11.467806 36.959563 -0.099556 0.990689 -0.059238 -0.071518
1735690845.234227 2.837590 11.458307 36.889058 -0.090910 0.991276 -0.052381 -0.079773
1735690845.334205 2.825519 11.437351 36.807100 -0.087789 0.991045 -0.061090 -0.079939
1735690845.434207 2.820549 11.405210 36.747199 -0.070931 0.992699 -0.056690 -0.079399
1735690845.534208 2.819451 11.370920 36.681684 -0.093283 0.990123 -0.076065 -0.071900
1735690845.634209 2.822560 11.343322 36.619500 -0.094189 0.989964 -0.082829 -0.065105
1735690845.734211 2.833258 11.326411 36.555583 -0.098705 0.989685 -0.083383 -0.061869
1735690845.834223 2.850074 11.309449 36.489043 -0.103217 0.988100 -0.093517 -0.065262
1735690845.934209 2.873408 11.294545 36.428734 -0.103366 0.987076 -0.096532 -0.075352
1735690846.034216 2.900692 11.276649 36.374643 -0.094852 0.987627 -0.100954 -0.073508
1735690846.134213 2.915793 11.256513 36.318292 -0.089197 0.989487 -0.083849 -0.076994
1735690846.234210 2.935566 11.246399 36.271491 -0.089689 0.990298 -0.076822 -0.073238
1735690846.334222 2.935997 11.235655 36.213675 -0.095501 0.990384 -0.075757 -0.065425
1735690846.434207 2.932593 11.219728 36.146674 -0.093532 0.990411 -0.082317 -0.059674
1735690846.534208 2.933748 11.203192 36.086740 -0.082889 0.990842 -0.092211 -0.053471
1735690846.634210 2.929885 11.179039 36.023617 -0.074919 0.992179 -0.089052 -0.045146
1735690846.734219 2.927981 11.147945 35.962646 -0.082201 0.990829 -0.101842 -0.033604
1735690846.834214 2.930398 11.129659 35.904955 -0.095761 0.990974 -0.090935 -0.023068
1735690846.934221 2.931763 11.116884 35.846873 -0.094931 0.991735 -0.084819 -0.015984
1735690847.034207 2.938680 11.107593 35.776418 -0.098428 0.991872 -0.079015 -0.016069
1735690847.134214 2.948842 11.095499 35.713375 -0.103195 0.990982 -0.082172 -0.023522
1735690847.234214 2.960271 11.082035 35.643494 -0.098964 0.991157 -0.080738 -0.035987
1735690847.334210 2.967900 11.049969 35.580293 -0.090407 0.991322 -0.084512 -0.044326
1735690847.434223 2.979194 11.029510 35.521702 -0.083147 0.991037 -0.089916 -0.053358
1735690847.534207 2.979985 11.009419 35.461902 -0.086754 0.990736 -0.089621 -0.053706
1735690847.634205 2.972111 10.990768 35.395796 -0.090235 0.990316 -0.093279 -0.049308
1735690847.734209 2.965825 10.974307 35.330415 -0.084456 0.990293 -0.100476 -0.045736
1735690847.834208 2.951692 10.952927 35.264697 -0.079491 0.991179 -0.094604 -0.047920
1735690847.934211 2.935701 10.916211 35.193766 -0.081958 0.990200 -0.106999 -0.036579
1735690848.034221 2.931022 10.892492 35.143258 -0.090878 0.990042 -0.102357 -0.032882
1735690848.134209 2.924229 10.869384 35.083756 -0.086052 0.989957 -0.107286 -0.032721
1735690848.234215 2.921099 10.855027 35.019659 -0.085560 0.989364 -0.110683 -0.039843
1735690848.334214 2.922224 10.842424 34.951601 -0.087755 0.988348 -0.109854 -0.058299
1735690848.434212 2.923209 10.828843 34.884889 -0.091427 0.986756 -0.111536 -0.074258
1735690848.534214 2.928779 10.805124 34.823688 -0.086036 0.986646 -0.103761 -0.091439
1735690848.634205 2.928929 10.778903 34.767623 -0.085287 0.985750 -0.099515 -0.105454
1735690848.734206 2.932574 10.759867 34.718942 -0.086891 0.984546 -0.108059 -0.106966
1735690848.834210 2.930539 10.747003 34.660922 -0.090782 0.984925 -0.102258 -0.105950
1735690848.934219 2.925921 10.733836 34.596843 -0.089547 0.984855 -0.109031 -0.100771
1735690849.034215 2.917027 10.718868 34.530025 -0.075490 0.985597 -0.113849 -0.099688
1735690849.134227 2.903471 10.692351 34.456154 -0.065422 0.986729 -0.111505 -0.098247
1735690849.234209 2.897319 10.665878 34.399654 -0.070319 0.985358 -0.127983 -0.088011
1735690849.334216 2.889124 10.644168 34.340984 -0.082592 0.986013 -0.120651 -0.080007
1735690849.434221 2.884505 10.627340 34.284843 -0.076886 0.987446 -0.116132 -0.074515
1735690849.534210 2.882269 10.614925 34.227886 -0.075256 0.987828 -0.114801 -0.073159
1735690849.634222 2.881508 10.602387 34.165309 -0.076927 0.987405 -0.113715 -0.078624
1735690849.734206 2.881184 10.587341 34.101907 -0.088819 0.985402 -0.119012 -0.083251
1735690849.834209 2.884337 10.562498 34.035830 -0.083356 0.984604 -0.115154 -0.101717
1735690849.934207 2.881088 10.540038 33.980812 -0.080295 0.983106 -0.126143 -0.105563
1735690850.034211 2.881185 10.522368 33.927706 -0.080685 0.984048 -0.116267 -0.107801
1735690850.134213 2.878834 10.504397 33.875108 -0.079288 0.984152 -0.115955 -0.108227
1735690850.234231 2.875933 10.492811 33.816819 -0.077885 0.985580 -0.114660 -0.097056
1735690850.334206 2.869784 10.471770 33.752068 -0.076442 0.986534 -0.119891 -0.080827
1735690850.434210 2.873923 10.456640 33.699828 -0.075274 0.987447 -0.125188 -0.060081
1735690850.534215 2.878985 10.427978 33.643690 -0.084170 0.987771 -0.126406 -0.035284
1735690850.634208 2.889328 10.412412 33.592673 -0.108060 0.985232 -0.131825 -0.016242
1735690850.734213 2.898001 10.394017 33.544887 -0.100481 0.986937 -0.125900 -0.002888
1735690850.834206 2.924254 10.391614 33.500756 -0.103684 0.987103 -0.121423 0.011557
1735690850.934209 2.956503 10.385064 33.459470 -0.115607 0.985665 -0.120029 0.026332
1735690851.034208 2.999647 10.381756 33.416004 -0.125039 0.983916 -0.122626 0.035183
1735690851.134208 3.050518 10.373549 33.372879 -0.118451 0.985184 -0.117258 0.040410
1735690851.234211 3.108469 10.359205 33.332149 -0.124976 0.982598 -0.123907 0.059410
1735690851.334235 3.165438 10.349777 33.301675 -0.116430 0.980939 -0.135377 0.076652
1735690851.434215 3.220478 10.339395 33.271874 -0.103884 0.982600 -0.121515 0.094554
1735690851.534211 3.271073 10.335807 33.242921 -0.111694 0.979492 -0.120787 0.116319
1735690851.634217 3.325831 10.334869 33.216448 -0.106987 0.974498 -0.125027 0.152563
1735690851.734210 3.381396 10.332348 33.199881 -0.127727 0.964695 -0.132720 0.188240
1735690851.834229 3.432885 10.331502 33.186047 -0.130456 0.963201 -0.116051 0.204345
1735690851.934210 3.498451 10.335810 33.183937 -0.135981 0.957737 -0.128815 0.218304
1735690852.034211 3.559823 10.342286 33.182976 -0.140037 0.957322 -0.134063 0.214362
1735690852.134209 3.630852 10.352054 33.189219 -0.142419 0.955605 -0.148455 0.210942
1735690852.234210 3.712690 10.366434 33.201966 -0.135005 0.958330 -0.131301 0.214797
1735690852.334214 3.785853 10.374262 33.214902 -0.141108 0.956107 -0.123572 0.225118
1735690852.434214 3.854112 10.380797 33.227536 -0.145559 0.950610 -0.126641 0.243136
1735690852.534218 3.912748 10.384667 33.232731 -0.150114 0.945909 -0.130105 0.256505
1735690852.634210 3.973664 10.395768 33.238263 -0.155575 0.941322 -0.132896 0.268418
1735690852.734223 4.035582 10.405605 33.237131 -0.157702 0.938062 -0.134287 0.277734
1735690852.834210 4.104599 10.413899 33.235101 -0.148535 0.936648 -0.133028 0.287978
1735690852.934213 4.177597 10.421135 33.236579 -0.147305 0.935596 -0.124583 0.295703
1735690853.034209 4.245403 10.421879 33.238028 -0.143478 0.932180 -0.121366 0.309393
1735690853.134206 4.307980 10.425253 33.242661 -0.147065 0.926932 -0.114070 0.325817
1735690853.234209 4.367468 10.426218 33.245688 -0.143915 0.923555 -0.116750 0.335714
1735690853.334210 4.431093 10.434671 33.249742 -0.133441 0.926524 -0.118862 0.331086
1735690853.434212 4.497875 10.446843 33.249532 -0.135835 0.929399 -0.123265 0.320269
1735690853.534223 4.565191 10.456496 33.252174 -0.133862 0.936091 -0.128483 0.298842
1735690853.634206 4.635208 10.460714 33.252786 -0.117630 0.947046 -0.116241 0.275237
1735690853.734208 4.699248 10.463722 33.257372 -0.128705 0.949536 -0.117674 0.260709
1735690853.834215 4.757882 10.466237 33.252070 -0.119472 0.954498 -0.113308 0.248641
1735690853.934209 4.821753 10.469629 33.248725 -0.129231 0.954247 -0.119660 0.241647
1735690854.034226 4.886783 10.480292 33.236720 -0.134805 0.954266 -0.119618 0.238528
1735690854.134206 4.950733 10.481044 33.219350 -0.123519 0.959817 -0.121406 0.220807
1735690854.234208 5.015251 10.475401 33.199546 -0.100384 0.967958 -0.111434 0.201403
1735690854.334207 5.083689 10.468022 33.189688 -0.103514 0.967873 -0.117862 0.196510
1735690854.434208 5.152013 10.466539 33.181973 -0.111806 0.966179 -0.117369 0.200552
1735690854.534224 5.223231 10.470773 33.176222 -0.116728 0.965347 -0.128656 0.194752
1735690854.634223 5.297497 10.479972 33.166437 -0.107897 0.968537 -0.135640 0.178594
1735690854.734207 5.370050 10.480307 33.156520 -0.098250 0.973125 -0.143829 0.150625
1735690854.834210 5.434643 10.485246 33.145441 -0.076604 0.977455 -0.141337 0.136885
1735690854.934216 5.487002 10.486409 33.135013 -0.083851 0.980670 -0.123457 0.126545
1735690855.034208 5.559397 10.479379 33.128958 -0.089146 0.981527 -0.121429 0.117956
1735690855.134214 5.611095 10.483357 33.098764 -0.087044 0.979343 -0.137293 0.120255
1735690855.234213 5.669666 10.481928 33.067528 -0.094709 0.977393 -0.143899 0.122583
1735690855.334207 5.729176 10.477954 33.028598 -0.097483 0.978995 -0.136227 0.116222
1735690855.434217 5.793310 10.456833 33.002014 -0.093661 0.978008 -0.146343 0.115375
1735690855.534208 5.854736 10.444687 32.967421 -0.104321 0.976118 -0.148201 0.119778
1735690855.634211 5.914317 10.437698 32.928681 -0.103717 0.976133 -0.152337 0.114891
1735690855.734213 5.983251 10.434035 32.894727 -0.103625 0.976471 -0.160694 0.099714
1735690855.834227 6.038495 10.437326 32.853189 -0.103106 0.977224 -0.168319 0.077913
1735690855.934208 6.104110 10.431884 32.818724 -0.095655 0.981115 -0.161553 0.046523
1735690856.034217 6.166172 10.433326 32.774778 -0.091759 0.985180 -0.142581 0.025916
1735690856.134209 6.216457 10.424542 32.745371 -0.097828 0.987336 -0.123692 0.017264
1735690856.234222 6.257360 10.418742 32.700569 -0.098717 0.985310 -0.139083 0.008642
1735690856.334205 6.298276 10.415187 32.646837 -0.087668 0.986666 -0.137109 -0.002598
1735690856.434211 6.340993 10.405379 32.596616 -0.067124 0.988227 -0.136934 -0.012309
1735690856.534217 6.377518 10.398537 32.546324 -0.066383 0.989176 -0.128399 -0.025241
1735690856.634207 6.420921 10.378442 32.504960 -0.072708 0.989312 -0.121284 -0.035585
1735690856.734207 6.450524 10.368806 32.455395 -0.081330 0.986215 -0.138233 -0.040697
1735690856.834212 6.482769 10.350597 32.416719 -0.077382 0.984944 -0.143333 -0.057904
1735690856.934236 6.516397 10.343047 32.370862 -0.075827 0.982224 -0.150473 -0.082729
1735690857.034210 6.564712 10.328701 32.326864 -0.071585 0.979088 -0.156751 -0.108125
1735690857.134225 6.597371 10.320299 32.277589 -0.058313 0.979441 -0.139691 -0.133346
1735690857.234209 6.644322 10.307961 32.233385 -0.062613 0.975534 -0.139659 -0.157823
1735690857.334214 6.673695 10.299049 32.189073 -0.052432 0.976522 -0.119072 -0.171689
1735690857.434205 6.707426 10.285741 32.140632 -0.068461 0.972841 -0.119423 -0.186097
1735690857.534209 6.722338 10.277099 32.086989 -0.072959 0.969849 -0.119662 -0.199377
1735690857.634207 6.746075 10.265153 32.027825 -0.067698 0.966502 -0.122515 -0.215129
1735690857.734210 6.753545 10.251250 31.954987 -0.053802 0.964278 -0.120760 -0.229545
1735690857.834211 6.774185 10.223910 31.903952 -0.049794 0.961397 -0.125805 -0.239602
1735690857.934213 6.787578 10.205086 31.849083 -0.053404 0.961445 -0.120392 -0.241408
1735690858.034215 6.809770 10.186151 31.795728 -0.049801 0.957857 -0.126036 -0.253268
1735690858.134210 6.812232 10.176675 31.736833 -0.051161 0.949840 -0.136057 -0.276902
1735690858.234230 6.823890 10.165152 31.676542 -0.044371 0.939052 -0.135005 -0.313027
1735690858.334209 6.840308 10.149184 31.615340 -0.034858 0.927250 -0.134533 -0.347696
1735690858.434214 6.842678 10.130161 31.557774 -0.025478 0.920842 -0.123991 -0.368819
1735690858.534205 6.856430 10.111958 31.498544 -0.022126 0.916890 -0.112100 -0.382436
1735690858.634210 6.848141 10.098602 31.447026 -0.035959 0.913747 -0.108274 -0.389935
1735690858.734208 6.843093 10.083703 31.388217 -0.036435 0.907414 -0.109464 -0.404091
1735690858.834205 6.811723 10.068781 31.337895 -0.023663 0.904061 -0.120515 -0.409378
1735690858.934209 6.795651 10.053125 31.279257 -0.013041 0.905691 -0.101419 -0.411421
1735690859.034213 6.774084 10.032539 31.229284 -0.024789 0.910259 -0.105127 -0.399702
1735690859.134233 6.765329 10.012616 31.169716 -0.022485 0.917934 -0.094886 -0.384562
1735690859.234210 6.749841 9.997461 31.112964 -0.050727 0.925617 -0.100928 -0.361210
1735690859.334215 6.741482 9.984737 31.046779 -0.061680 0.927777 -0.105196 -0.352646
1735690859.434209 6.721885 9.967952 30.983332 -0.056658 0.926190 -0.104011 -0.357972
1735690859.534215 6.704052 9.946621 30.931936 -0.041717 0.928824 -0.090285 -0.356923
1735690859.634213 6.689822 9.927637 30.882076 -0.061427 0.929045 -0.079364 -0.356096
1735690859.734206 6.655532 9.913283 30.834730 -0.067410 0.930037 -0.073743 -0.353622
1735690859.834210 6.626177 9.898083 30.785022 -0.071591 0.932574 -0.082327 -0.344097
1735690859.934205 6.597617 9.882838 30.733520 -0.077782 0.931729 -0.086743 -0.343957
1735690860.034212 6.575366 9.866210 30.682061 -0.068433 0.933659 -0.098183 -0.337576
1735690860.134212 6.560089 9.851363 30.635456 -0.039321 0.934462 -0.094199 -0.341118
1735690860.234221 6.544377 9.836046 30.579212 -0.038830 0.932454 -0.101317 -0.344610
1735690860.334208 6.536287 9.826474 30.518581 -0.039412 0.926769 -0.114453 -0.355593
1735690860.434214 6.524342 9.809009 30.447569 -0.029030 0.919654 -0.114916 -0.374416
1735690860.534208 6.519252 9.787830 30.377306 -0.013110 0.909864 -0.104784 -0.401243
1735690860.634216 6.506169 9.756095 30.313781 -0.006673 0.905129 -0.105143 -0.411875
1735690860.734205 6.496741 9.730802 30.254444 -0.013866 0.908334 -0.107017 -0.404085
1735690860.834206 6.492627 9.713076 30.195771 -0.029052 0.910778 -0.105616 -0.398102
1735690860.934207 6.471597 9.700098 30.132103 -0.027076 0.914160 -0.106701 -0.390119
1735690861.034206 6.450965 9.683513 30.065107 -0.024470 0.917168 -0.120768 -0.378973
1735690861.134211 6.419092 9.657656 29.994860 -0.016454 0.919392 -0.113196 -0.376343
1735690861.234213 6.398687 9.624624 29.931807 -0.027817 0.920162 -0.131927 -0.367593
1735690861.334221 6.373552 9.593069 29.874510 -0.032601 0.924651 -0.125505 -0.358058
1735690861.434209 6.355977 9.571134 29.819331 -0.041141 0.923145 -0.135459 -0.357437
1735690861.534217 6.341693 9.556360 29.758503 -0.040807 0.920464 -0.134530 -0.364667
1735690861.634208 6.333839 9.546645 29.687840 -0.041339 0.917964 -0.121691 -0.375266
1735690861.734215 6.325131 9.530792 29.622746 -0.048178 0.909415 -0.109797 -0.398231
1735690861.834204 6.318485 9.510310 29.563406 -0.018805 0.902549 -0.105356 -0.417075
1735690861.934206 6.313199 9.492461 29.509064 -0.014278 0.903005 -0.093557 -0.419077
1735690862.034213 6.303696 9.469114 29.457263 -0.027226 0.906719 -0.100922 -0.408576
1735690862.134169 6.291812 9.452175 29.396967 -0.049268 0.913185 -0.104770 -0.390753
1735690862.234104 6.261873 9.427507 29.336457 -0.045658 0.917492 -0.125797 -0.374564
1735690862.334028 6.235294 9.407702 29.274559 -0.060378 0.920786 -0.143831 -0.357519
1735690862.433959 6.195488 9.377929 29.210127 -0.048035 0.925536 -0.138594 -0.349094
1735690862.533829 6.171001 9.353255 29.151537 -0.049841 0.929230 -0.140188 -0.338222
1735690862.633719 6.129669 9.330712 29.088265 -0.041861 0.933436 -0.134041 -0.330119
1735690862.733601 6.094881 9.311383 29.026996 -0.042351 0.934463 -0.136619 -0.326068
1735690862.833500 6.080378 9.294809 28.954934 -0.048570 0.933821 -0.139498 -0.325820
1735690862.933376 6.044020 9.268668 28.889276 -0.063906 0.930561 -0.143114 -0.330893
1735690863.033275 6.026437 9.251678 28.816709 -0.049812 0.926636 -0.133553 -0.347890
1735690863.133170 5.990530 9.231034 28.754036 -0.038892 0.924343 -0.113464 -0.362221
1735690863.233066 5.962735 9.209848 28.701225 -0.043063 0.923100 -0.117377 -0.363668
1735690863.332975 5.926285 9.196062 28.639741 -0.047785 0.920727 -0.112674 -0.370517
1735690863.432893 5.878986 9.182748 28.574682 -0.040896 0.920727 -0.112357 -0.371436
1735690863.532878 5.830310 9.165523 28.512022 -0.048534 0.920927 -0.120293 -0.367515
1735690863.632859 5.789908 9.139994 28.456607 -0.032525 0.923533 -0.119785 -0.362877
1735690863.732868 5.744882 9.114844 28.393889 -0.029439 0.925275 -0.103209 -0.363797
1735690863.832860 5.710566 9.091169 28.336906 -0.031860 0.925531 -0.101871 -0.363318
1735690863.932863 5.677688 9.074904 28.278048 -0.040196 0.920234 -0.101600 -0.375808
1735690864.032856 5.642067 9.060701 28.209744 -0.038173 0.910892 -0.094256 -0.399918
1735690864.132859 5.616798 9.037945 28.140818 -0.036009 0.901480 -0.100593 -0.419426
1735690864.232871 5.593225 9.006878 28.066357 -0.018299 0.896467 -0.093792 -0.432684
1735690864.332859 5.577424 8.971711 27.996894 -0.021120 0.894177 -0.099361 -0.436038
1735690864.432859 5.563035 8.941629 27.927583 -0.025575 0.898535 -0.105909 -0.425164
1735690864.532861 5.551501 8.918753 27.855955 -0.040971 0.904016 -0.108822 -0.411381
1735690864.632843 5.529154 8.896015 27.778659 -0.048863 0.908597 -0.116422 -0.398134
1735690864.732796 5.505983 8.877485 27.702198 -0.033205 0.909379 -0.129729 -0.393825
1735690864.832770 5.482826 8.851650 27.629562 -0.013345 0.914158 -0.118856 -0.387312
1735690864.932694 5.478077 8.833506 27.546815 -0.027472 0.924388 -0.107143 -0.365065
1735690865.032625 5.469367 8.800207 27.486917 -0.028771 0.930268 -0.107968 -0.349451
1735690865.132554 5.460769 8.782602 27.408217 -0.024978 0.929745 -0.115153 -0.348842
1735690865.232494 5.450585 8.763818 27.340776 -0.034866 0.925571 -0.131133 -0.353421
1735690865.332433 5.442653 8.702955 27.277889 -0.036870 0.919986 -0.135601 -0.365893
1735690865.432325 5.433416 8.694451 27.201371 -0.025568 0.915550 -0.126570 -0.380913
1735690865.532233 5.432591 8.691416 27.129602 -0.032583 0.909708 -0.131207 -0.392626
1735690865.632145 5.415825 8.651096 27.076525 -0.019103 0.909138 -0.122438 -0.397633
1735690865.732058 5.398814 8.640253 27.008310 -0.026384 0.905001 -0.123911 -0.406108
1735690865.831953 5.377956 8.640116 26.945595 -0.030945 0.901952 -0.126065 -0.411865
1735690865.931875 5.348199 8.614093 26.880164 -0.028503 0.899759 -0.123258 -0.417646
1735690866.031775 5.319006 8.595349 26.807803 -0.009951 0.898298 -0.119475 -0.422714
1735690866.131718 5.301387 8.542147 26.737860 -0.033691 0.898464 -0.133403 -0.416930
1735690866.231660 5.283695 8.538295 26.665086 -0.039173 0.905705 -0.116913 -0.405581
1735690866.331596 5.258920 8.508574 26.587278 -0.055354 0.907586 -0.124882 -0.397023
1735690866.431566 5.233662 8.491563 26.510799 -0.053642 0.902067 -0.128754 -0.408437
1735690866.531543 5.211684 8.476780 26.440861 -0.047971 0.889580 -0.134026 -0.434031
1735690866.631515 5.189813 8.451962 26.377959 -0.019972 0.882096 -0.119339 -0.455264
1735690866.731521 5.168544 8.438148 26.325199 -0.022185 0.872851 -0.109325 -0.475066
1735690866.831526 5.141380 8.424125 26.277064 -0.004810 0.864416 -0.096768 -0.493354
1735690866.931516 5.109443 8.406797 26.235619 -0.014261 0.857458 -0.106284 -0.503255
1735690867.031530 5.070950 8.394777 26.186914 -0.013114 0.851928 -0.108472 -0.512134
1735690867.131519 5.019753 8.382220 26.138602 -0.005977 0.845789 -0.115214 -0.520895
1735690867.231520 4.971780 8.362246 26.082372 0.018395 0.839180 -0.108009 -0.532702
1735690867.331519 4.918385 8.336351 26.029789 -0.001853 0.842158 -0.101020 -0.529680
1735690867.431515 4.865372 8.318330 25.980797 0.001758 0.843668 -0.091201 -0.529059
1735690867.531519 4.814991 8.300442 25.925619 0.002064 0.837202 -0.096331 -0.538339
1735690867.631512 4.758442 8.289171 25.872408 -0.003427 0.828237 -0.103144 -0.550794
1735690867.731517 4.702704 8.271106 25.821035 0.010867 0.816793 -0.104891 -0.567211
1735690867.831520 4.645120 8.246092 25.778227 0.026410 0.802203 -0.109300 -0.586368
1735690867.931534 4.597212 8.217674 25.738693 0.015961 0.788697 -0.100109 -0.606367
1735690868.031517 4.535779 8.207074 25.713676 0.018181 0.778410 -0.097999 -0.619793
1735690868.131499 4.474740 8.201547 25.686081 0.016884 0.769872 -0.088146 -0.631856
1735690868.231454 4.401878 8.201059 25.660612 0.011726 0.759544 -0.081201 -0.645262
1735690868.331438 4.337366 8.187809 25.633556 0.032548 0.751849 -0.076515 -0.654071
1735690868.431404 4.265781 8.171489 25.608156 0.030659 0.747467 -0.091025 -0.657318
1735690868.531369 4.204836 8.148209 25.582102 0.043545 0.749207 -0.075678 -0.656555
1735690868.631347 4.138957 8.136293 25.554299 0.034924 0.745914 -0.079898 -0.660310
1735690868.731283 4.076329 8.127070 25.520503 0.027493 0.736656 -0.079796 -0.670981
1735690868.831236 4.000968 8.121574 25.489050 0.032425 0.725692 -0.077721 -0.682847
1735690868.931184 3.935502 8.103318 25.459989 0.048577 0.715438 -0.058363 -0.694537
1735690869.031145 3.869172 8.081679 25.435460 0.025442 0.704699 -0.077838 -0.704765
1735690869.131068 3.812007 8.063123 25.420407 0.047967 0.695454 -0.076706 -0.712853
1735690869.231020 3.741595 8.060214 25.394792 0.035207 0.701775 -0.056609 -0.709273
1735690869.330965 3.673053 8.055762 25.380206 0.033962 0.702540 -0.063338 -0.708006
1735690869.430948 3.589411 8.054879 25.365521 0.032512 0.709028 -0.060598 -0.701819
1735690869.530908 3.512859 8.043092 25.354455 0.044269 0.712739 -0.058991 -0.697541
1735690869.630879 3.436923 8.027963 25.349804 0.035386 0.722148 -0.059238 -0.688289
1735690869.730858 3.365738 8.017928 25.334965 0.041810 0.734108 -0.052312 -0.675722
1735690869.830830 3.292802 8.020153 25.319182 0.043927 0.740863 -0.040843 -0.668973
1735690869.930806 3.219372 8.021802 25.301392 0.040881 0.738281 -0.035430 -0.672320
1735690870.030811 3.136656 8.013534 25.291780 0.033068 0.729734 -0.042019 -0.681638
1735690870.130818 3.059899 7.997026 25.284143 0.056209 0.716148 -0.057038 -0.693340
1735690870.230808 2.989737 7.989221 25.283608 0.061415 0.709731 -0.041892 -0.700540
1735690870.330814 2.931621 7.982514 25.286686 0.068135 0.699727 -0.046692 -0.709619
1735690870.430810 2.854955 7.985445 25.298818 0.075860 0.690138 -0.048750 -0.718037
1735690870.530815 2.782544 7.987996 25.307806 0.068222 0.684076 -0.053117 -0.724268
1735690870.630803 2.702773 7.987184 25.332290 0.068368 0.676221 -0.059467 -0.731105
1735690870.730820 2.629780 7.973659 25.342742 0.070753 0.670492 -0.066403 -0.735544
1735690870.830808 2.558771 7.970368 25.366103 0.069483 0.676673 -0.047573 -0.731453
1735690870.930802 2.491556 7.967565 25.375230 0.069117 0.681367 -0.048526 -0.727054
1735690871.030808 2.423424 7.966931 25.376856 0.062733 0.678499 -0.041833 -0.730722
1735690871.130810 2.345488 7.971412 25.392437 0.056809 0.667290 -0.038970 -0.741605
1735690871.230813 2.273582 7.963473 25.396761 0.050585 0.652863 -0.039533 -0.754750
1735690871.330810 2.200276 7.955512 25.418990 0.065918 0.639096 -0.035119 -0.765492
1735690871.430834 2.134229 7.945824 25.417558 0.062504 0.623878 -0.035549 -0.778207
1735690871.530878 2.073364 7.949040 25.444691 0.070787 0.615175 -0.034518 -0.784447
1735690871.631041 2.008370 7.954626 25.455914 0.069458 0.618768 -0.020328 -0.782233
1735690871.731285 1.937701 7.960164 25.472678 0.065114 0.620187 -0.027521 -0.781263
1735690871.831596 1.863105 7.956594 25.481737 0.069164 0.618614 -0.041527 -0.781543
1735690871.931933 1.794436 7.948370 25.515562 0.075726 0.624879 -0.056821 -0.774960
1735690872.032263 1.722625 7.942371 25.531805 0.064563 0.633807 -0.053719 -0.768918
1735690872.132609 1.655755 7.941202 25.544027 0.074667 0.638021 -0.059178 -0.764102
1735690872.232980 1.579412 7.950837 25.559215 0.074707 0.640827 -0.051448 -0.762307
1735690872.333328 1.503309 7.962232 25.570015 0.079078 0.632295 -0.044962 -0.769368
1735690872.433674 1.426359 7.970549 25.586638 0.086368 0.624432 -0.031794 -0.775638
1735690872.534089 1.348050 7.967785 25.599187 0.093633 0.614784 -0.030248 -0.782534
1735690872.634209 1.286765 7.962224 25.613525 0.108376 0.611497 -0.029872 -0.783220
1735690872.734220 1.217056 7.955025 25.622424 0.093120 0.622340 -0.032591 -0.776505
1735690872.834205 1.135981 7.954414 25.632298 0.089747 0.634648 -0.031501 -0.766926
1735690872.934207 1.068366 7.955471 25.645356 0.078483 0.650411 -0.038637 -0.754528
1735690873.034210 0.990487 7.949934 25.659668 0.075049 0.666831 -0.046805 -0.739942
1735690873.134207 0.919793 7.936524 25.673167 0.058819 0.682708 -0.056182 -0.726150
1735690873.234208 0.838425 7.933853 25.683642 0.059871 0.701448 -0.032916 -0.709438
1735690873.334212 0.774037 7.928497 25.688410 0.060061 0.709152 -0.037382 -0.701498
1735690873.434226 0.693647 7.932614 25.695310 0.059087 0.710467 -0.042610 -0.699950
1735690873.534217 0.617703 7.930543 25.697224 0.063823 0.706413 -0.042488 -0.703635
1735690873.634215 0.531764 7.925942 25.697001 0.066866 0.709769 -0.039865 -0.700120
1735690873.734209 0.464904 7.907951 25.693435 0.054153 0.712760 -0.051989 -0.697379
1735690873.834215 0.385786 7.898047 25.695450 0.060118 0.711785 -0.056962 -0.697498
1735690873.934210 0.327759 7.887164 25.694831 0.057121 0.714539 -0.071389 -0.693596
1735690874.034208 0.245877 7.888433 25.694385 0.057090 0.724022 -0.072513 -0.683575
1735690874.134207 0.167021 7.889159 25.695640 0.048820 0.737641 -0.068671 -0.669915
1735690874.234207 0.092847 7.878178 25.700865 0.040457 0.747144 -0.075364 -0.659135
1735690874.334208 0.011435 7.862156 25.704527 0.038666 0.757588 -0.085580 -0.645943
1735690874.434214 -0.065340 7.851701 25.694028 0.033228 0.772484 -0.072418 -0.630016
1735690874.534228 -0.136508 7.847459 25.677052 0.043113 0.789801 -0.070042 -0.607824
1735690874.634208 -0.202395 7.838088 25.636676 0.031576 0.810985 -0.065101 -0.580576
1735690874.734215 -0.263892 7.833728 25.589879 0.027457 0.827043 -0.056651 -0.558602
1735690874.834209 -0.328723 7.813023 25.551344 0.045284 0.832913 -0.055042 -0.548795
1735690874.934216 -0.386833 7.784923 25.511562 0.020233 0.841007 -0.074410 -0.535501
1735690875.034205 -0.446366 7.763993 25.465745 0.022452 0.851450 -0.071997 -0.518985
1735690875.134207 -0.498236 7.751941 25.431526 0.008613 0.864268 -0.075637 -0.497238
1735690875.234207 -0.558385 7.742322 25.387807 0.006671 0.879884 -0.073110 -0.469484
1735690875.334208 -0.616037 7.724471 25.344850 -0.010488 0.895664 -0.085191 -0.436370
1735690875.434210 -0.673597 7.703958 25.305272 -0.006199 0.907486 -0.081617 -0.412030
1735690875.534214 -0.720158 7.677174 25.268238 -0.017431 0.919455 -0.092294 -0.381813
1735690875.634223 -0.772047 7.655880 25.204865 -0.033273 0.931849 -0.076920 -0.353034
1735690875.734210 -0.798012 7.647306 25.165153 -0.028386 0.943160 -0.077389 -0.321953
1735690875.834227 -0.815925 7.633539 25.101319 -0.042991 0.951836 -0.074365 -0.294329
1735690875.934210 -0.837554 7.612983 25.038562 -0.053274 0.956006 -0.082641 -0.276378
1735690876.034215 -0.848143 7.589230 24.971018 -0.056542 0.958246 -0.084325 -0.267314
1735690876.134205 -0.862366 7.562625 24.913739 -0.059395 0.957523 -0.104480 -0.262119
1735690876.234208 -0.877849 7.534333 24.853821 -0.056213 0.958737 -0.098798 -0.260581
1735690876.334209 -0.889173 7.510385 24.795964 -0.064751 0.960767 -0.113813 -0.244499
1735690876.434206 -0.910966 7.479953 24.721019 -0.076875 0.962730 -0.121477 -0.229093
1735690876.534209 -0.915948 7.471800 24.670731 -0.091540 0.965815 -0.124047 -0.208409
1735690876.634213 -0.928828 7.450679 24.606543 -0.100549 0.968398 -0.132277 -0.186008
1735690876.734214 -0.945051 7.431249 24.540366 -0.071257 0.973444 -0.132755 -0.172353
1735690876.834210 -0.956190 7.407212 24.475068 -0.065938 0.976656 -0.137266 -0.151503
1735690876.934217 -0.961745 7.397287 24.407396 -0.079712 0.981908 -0.110866 -0.131192
1735690877.034212 -0.965685 7.381938 24.350242 -0.081227 0.984425 -0.108679 -0.111793
1735690877.134214 -0.969208 7.373355 24.287103 -0.074816 0.985337 -0.108137 -0.108722
1735690877.234210 -0.971669 7.363289 24.220955 -0.073427 0.984721 -0.109658 -0.113611
1735690877.334214 -0.980484 7.335532 24.139847 -0.089917 0.982609 -0.113649 -0.116095
1735690877.434217 -0.971431 7.311780 24.091929 -0.094065 0.980989 -0.121545 -0.118487
1735690877.534217 -0.971540 7.283271 24.037055 -0.091023 0.979854 -0.129380 -0.121907
1735690877.634209 -0.972408 7.264227 23.985547 -0.088710 0.981412 -0.125585 -0.114849
1735690877.734212 -0.975216 7.254285 23.927179 -0.095997 0.982797 -0.118560 -0.104104
1735690877.834225 -0.985017 7.242519 23.864262 -0.087580 0.985119 -0.114938 -0.093052
1735690877.934215 -0.992264 7.235849 23.806969 -0.086916 0.986659 -0.110238 -0.082447
1735690878.034208 -1.000507 7.228831 23.744435 -0.085429 0.988282 -0.103898 -0.072156
1735690878.134211 -1.012358 7.217402 23.689288 -0.089093 0.989336 -0.097290 -0.061742
1735690878.234213 -1.017601 7.211622 23.639968 -0.095620 0.991228 -0.071799 -0.056288
1735690878.334205 -1.017566 7.203553 23.589170 -0.090663 0.992426 -0.065492 -0.050807
1735690878.434206 -1.025937 7.184878 23.519367 -0.091189 0.992133 -0.066437 -0.054252
1735690878.534212 -1.015207 7.187161 23.474415 -0.088894 0.991779 -0.068236 -0.061777
1735690878.634208 -1.013415 7.173199 23.405145 -0.076827 0.991503 -0.073691 -0.074759
1735690878.734212 -1.002261 7.168240 23.326730 -0.073663 0.989725 -0.089381 -0.083846
1735690878.834213 -0.995000 7.152711 23.249678 -0.071883 0.989560 -0.083302 -0.093084
1735690878.934230 -0.974245 7.145185 23.187522 -0.081833 0.989468 -0.074162 -0.093572
1735690879.033976 -0.964148 7.131797 23.119546 -0.076963 0.990255 -0.075277 -0.088346
1735690879.133762 -0.964633 7.111309 23.052707 -0.073609 0.991824 -0.070810 -0.076508
1735690879.233568 -0.961128 7.100397 22.979294 -0.078561 0.992867 -0.063039 -0.063798
1735690879.333417 -0.969239 7.065407 22.886527 -0.062515 0.993678 -0.072885 -0.058175
1735690879.433274 -0.963068 7.030605 22.827877 -0.061947 0.992613 -0.094737 -0.043671
1735690879.533160 -0.954606 7.008952 22.750800 -0.075311 0.993435 -0.081694 -0.027207
1735690879.633099 -0.949836 6.986092 22.683607 -0.080834 0.993064 -0.084242 -0.013896
1735690879.733056 -0.942752 6.967260 22.600516 -0.086373 0.991417 -0.096672 -0.016912
1735690879.833032 -0.941926 6.942342 22.524378 -0.084459 0.990549 -0.102592 -0.033978
1735690879.933031 -0.939535 6.914406 22.438933 -0.071625 0.991413 -0.093969 -0.056036
1735690880.033038 -0.932119 6.884472 22.383153 -0.070296 0.988814 -0.112635 -0.067956
1735690880.133026 -0.930376 6.867687 22.325125 -0.059095 0.989721 -0.097239 -0.086630
1735690880.233032 -0.935297 6.852518 22.261061 -0.062224 0.988853 -0.093733 -0.097526
1735690880.333026 -0.948018 6.840606 22.185631 -0.062503 0.988683 -0.088598 -0.103676
1735690880.433005 -0.961342 6.827856 22.114046 -0.065112 0.988210 -0.086679 -0.108115
1735690880.532952 -0.984468 6.797720 22.036321 -0.046788 0.987480 -0.086522 -0.123322
1735690880.632920 -1.004929 6.759527 21.965235 -0.042243 0.984993 -0.107198 -0.128504
1735690880.732891 -1.021504 6.733095 21.888440 -0.054324 0.986231 -0.091066 -0.126902
1735690880.832815 -1.032155 6.717992 21.831877 -0.053747 0.986430 -0.089385 -0.126798
1735690880.932768 -1.046283 6.704442 21.756628 -0.051331 0.985284 -0.094744 -0.132684
1735690881.032696 -1.054744 6.688401 21.684784 -0.049457 0.984092 -0.092078 -0.143662
1735690881.132629 -1.062531 6.669127 21.611819 -0.044972 0.984689 -0.079848 -0.148289
1735690881.232555 -1.069414 6.639075 21.547108 -0.047761 0.983049 -0.093192 -0.150498
1735690881.332501 -1.086695 6.611368 21.489070 -0.019271 0.982509 -0.088218 -0.162855
1735690881.432423 -1.103597 6.595949 21.421976 -0.034732 0.981518 -0.092050 -0.164142
1735690881.532405 -1.133323 6.575495 21.361702 -0.051549 0.979489 -0.106047 -0.163394
1735690881.632357 -1.155191 6.557992 21.296711 -0.049016 0.979617 -0.110725 -0.160277
1735690881.732327 -1.179944 6.534264 21.229983 -0.038155 0.982152 -0.102226 -0.153204
1735690881.832298 -1.200531 6.506221 21.158965 -0.047953 0.984129 -0.103686 -0.135793
1735690881.932263 -1.217148 6.477256 21.099154 -0.055689 0.987007 -0.096501 -0.115773
1735690882.032266 -1.225433 6.466469 21.035685 -0.057513 0.987978 -0.092967 -0.109310
1735690882.132272 -1.240258 6.449286 20.965434 -0.065694 0.987660 -0.091927 -0.108453
1735690882.232282 -1.245093 6.432583 20.897162 -0.081737 0.985278 -0.098488 -0.113342
1735690882.332266 -1.257470 6.403686 20.834474 -0.081097 0.983328 -0.096863 -0.130795
1735690882.432275 -1.269836 6.381887 20.769467 -0.080704 0.980657 -0.099884 -0.147724
1735690882.532266 -1.286522 6.362103 20.713338 -0.071749 0.979900 -0.092095 -0.161759
1735690882.632277 -1.310473 6.346034 20.654563 -0.076780 0.977913 -0.093379 -0.170502
1735690882.732265 -1.339807 6.329771 20.592935 -0.065960 0.977338 -0.095866 -0.176831
1735690882.832262 -1.376848 6.312186 20.532253 -0.055640 0.977272 -0.097527 -0.179811
1735690882.932265 -1.407216 6.287902 20.474417 -0.038368 0.977707 -0.095382 -0.183082
1735690883.032265 -1.439842 6.258116 20.414916 -0.039105 0.978920 -0.096964 -0.175453
1735690883.132272 -1.467737 6.234269 20.355701 -0.053667 0.980424 -0.088906 -0.167286
1735690883.232270 -1.504094 6.210864 20.297593 -0.054349 0.980617 -0.087560 -0.166644
1735690883.332290 -1.531637 6.197035 20.236602 -0.049793 0.978825 -0.091963 -0.175970
1735690883.432266 -1.570408 6.188931 20.163743 -0.048868 0.976246 -0.087914 -0.191906
1735690883.532271 -1.595682 6.173968 20.100152 -0.050487 0.974887 -0.080263 -0.201505
1735690883.632266 -1.625289 6.151049 20.037344 -0.050826 0.971996 -0.075474 -0.216667
1735690883.732271 -1.655462 6.120658 19.977337 -0.046940 0.967442 -0.081652 -0.234918
1735690883.832264 -1.679979 6.092306 19.921007 -0.041063 0.964625 -0.088933 -0.244751
1735690883.932266 -1.722427 6.063782 19.854737 -0.042287 0.965116 -0.095463 -0.240103
1735690884.032264 -1.742779 6.048250 19.794927 -0.052507 0.968016 -0.098205 -0.224820
1735690884.132266 -1.782587 6.023913 19.728133 -0.056403 0.971928 -0.103298 -0.203725
1735690884.232269 -1.811044 5.997444 19.667788 -0.055164 0.973649 -0.104717 -0.194933
1735690884.332270 -1.864757 5.965908 19.606404 -0.064171 0.972474 -0.104839 -0.197954
1735690884.432272 -1.898309 5.946291 19.550252 -0.061589 0.972974 -0.098842 -0.199395
1735690884.532267 -1.933045 5.936143 19.489918 -0.057406 0.974466 -0.088405 -0.198257
1735690884.632281 -1.953362 5.919438 19.425178 -0.062236 0.974679 -0.091859 -0.194139
1735690884.732266 -1.984225 5.900387 19.352563 -0.066894 0.974652 -0.099634 -0.188817
1735690884.832272 -2.001179 5.869292 19.292265 -0.061240 0.975596 -0.095600 -0.187943
1735690884.932262 -2.032186 5.844542 19.232881 -0.067723 0.973044 -0.108563 -0.191869
1735690885.032264 -2.053943 5.813116 19.187698 -0.057966 0.973752 -0.116310 -0.186868
1735690885.132274 -2.081525 5.806377 19.123982 -0.061401 0.976562 -0.112718 -0.172777
1735690885.232262 -2.104256 5.794953 19.072098 -0.081816 0.979308 -0.105347 -0.152195
1735690885.332296 -2.142187 5.786768 19.010103 -0.080747 0.981879 -0.105576 -0.135082
1735690885.432333 -2.171366 5.763185 18.960671 -0.073122 0.986073 -0.093085 -0.116824
1735690885.532343 -2.199622 5.748887 18.908255 -0.085691 0.987317 -0.087204 -0.101281
1735690885.632328 -2.217968 5.727487 18.861965 -0.068981 0.989783 -0.083027 -0.093151
1735690885.732344 -2.240649 5.710068 18.811450 -0.065072 0.990481 -0.078843 -0.092178
1735690885.832329 -2.250757 5.707385 18.758658 -0.068603 0.990418 -0.077572 -0.091374
1735690885.932331 -2.263032 5.694278 18.697713 -0.077030 0.989948 -0.073834 -0.092834
1735690886.032332 -2.266707 5.677021 18.642225 -0.072771 0.990738 -0.068624 -0.091832
1735690886.132327 -2.275168 5.657647 18.583793 -0.074354 0.990533 -0.071846 -0.090294
1735690886.232332 -2.277128 5.638677 18.531044 -0.069109 0.991586 -0.070756 -0.083517
1735690886.332296 -2.281272 5.622338 18.472874 -0.071765 0.992194 -0.075048 -0.069058
1735690886.432264 -2.282531 5.610838 18.406559 -0.075548 0.993404 -0.070054 -0.050329
1735690886.532209 -2.290020 5.595844 18.339679 -0.073048 0.994321 -0.067419 -0.038011
1735690886.632123 -2.298611 5.567165 18.273023 -0.066991 0.994765 -0.070023 -0.032415
1735690886.731985 -2.306596 5.535069 18.212962 -0.068586 0.993781 -0.083297 -0.027510
1735690886.831883 -2.307300 5.516558 18.154115 -0.067718 0.994637 -0.073087 -0.027755
1735690886.931744 -2.298521 5.505168 18.103826 -0.069429 0.994649 -0.072853 -0.023355
1735690887.031610 -2.283836 5.495120 18.040218 -0.081220 0.994108 -0.069740 -0.016989
1735690887.131484 -2.267483 5.482851 17.980840 -0.096778 0.992555 -0.070815 -0.021317
1735690887.231374 -2.242122 5.466270 17.912799 -0.092602 0.992111 -0.077769 -0.033038
1735690887.331255 -2.218838 5.441583 17.854294 -0.087313 0.992250 -0.079577 -0.038519
1735690887.431149 -2.187240 5.420005 17.786346 -0.086278 0.991586 -0.088654 -0.038127
1735690887.531042 -2.155228 5.401776 17.724532 -0.092909 0.991166 -0.089347 -0.031230
1735690887.630946 -2.136850 5.382090 17.675520 -0.100632 0.990363 -0.093174 -0.019326
1735690887.730841 -2.118465 5.361945 17.602799 -0.101787 0.988991 -0.106977 -0.009617
1735690887.830729 -2.104244 5.342215 17.534206 -0.101756 0.987706 -0.118669 -0.000972
1735690887.930636 -2.096453 5.313784 17.476612 -0.099170 0.988457 -0.114294 0.007372
1735690888.030524 -2.079803 5.284636 17.408383 -0.104096 0.986459 -0.124820 0.021948
1735690888.130427 -2.062634 5.268644 17.358448 -0.121936 0.985594 -0.110783 0.038257
1735690888.230328 -2.042959 5.250290 17.289416 -0.117565 0.984508 -0.120192 0.049767
1735690888.330240 -2.025002 5.243349 17.227303 -0.110170 0.986586 -0.112381 0.043362
1735690888.430141 -2.000274 5.234692 17.151802 -0.116029 0.987204 -0.104692 0.031701
1735690888.530046 -1.973060 5.220590 17.085456 -0.118037 0.987573 -0.102615 0.015418
1735690888.629934 -1.948780 5.192895 17.018213 -0.104992 0.988455 -0.109234 0.000563
1735690888.729820 -1.924468 5.172404 16.959019 -0.096571 0.989684 -0.105336 -0.010185
1735690888.829738 -1.901477 5.150830 16.897892 -0.098220 0.989003 -0.110216 -0.008875
1735690888.929640 -1.881459 5.140211 16.838162 -0.104314 0.988100 -0.112974 -0.003672
1735690889.029562 -1.859802 5.125523 16.767585 -0.104154 0.988295 -0.111469 0.000071
1735690889.129495 -1.839130 5.111087 16.698816 -0.087583 0.989694 -0.113232 0.003573
1735690889.229450 -1.822418 5.085609 16.630581 -0.077158 0.991396 -0.105332 0.009225
1735690889.329365 -1.804406 5.072118 16.568053 -0.088009 0.992380 -0.085617 0.010275
1735690889.429305 -1.789865 5.052289 16.499542 -0.090578 0.992122 -0.085992 0.009787
1735690889.529275 -1.774585 5.037641 16.431702 -0.091732 0.991525 -0.091876 -0.004684
1735690889.629231 -1.762146 5.020773 16.355759 -0.092810 0.991087 -0.091725 -0.026836
1735690889.729203 -1.746872 5.003424 16.288667 -0.091184 0.989807 -0.100683 -0.042779
1735690889.829157 -1.723706 4.981034 16.216870 -0.083435 0.990346 -0.094142 -0.058231
1735690889.929162 -1.710991 4.961917 16.155039 -0.077902 0.990570 -0.088725 -0.069493
1735690890.029141 -1.699622 4.944368 16.086973 -0.074313 0.990897 -0.086798 -0.071187
1735690890.129154 -1.698028 4.928415 16.019553 -0.081227 0.990465 -0.086051 -0.070539
1735690890.229141 -1.698843 4.910449 15.942467 -0.079311 0.990042 -0.093415 -0.069291
1735690890.329152 -1.701983 4.884888 15.868914 -0.083477 0.989569 -0.099405 -0.062476
1735690890.429135 -1.708483 4.850176 15.797306 -0.076523 0.990385 -0.101230 -0.055089
1735690890.529138 -1.702169 4.817947 15.729364 -0.085445 0.990655 -0.097064 -0.043369
1735690890.629141 -1.696624 4.793216 15.662758 -0.088461 0.990016 -0.104573 -0.033277
1735690890.729136 -1.689813 4.774201 15.591461 -0.087435 0.989368 -0.110619 -0.035632
1735690890.829140 -1.679491 4.758001 15.517465 -0.094744 0.987735 -0.115122 -0.046363
1735690890.929145 -1.664871 4.737621 15.440385 -0.097765 0.986341 -0.119124 -0.058169
1735690891.029152 -1.645876 4.713104 15.369644 -0.090980 0.986691 -0.117793 -0.065485
1735690891.129154 -1.630066 4.688074 15.303961 -0.086616 0.987033 -0.115429 -0.070288
1735690891.229156 -1.619154 4.673798 15.242503 -0.083381 0.988320 -0.108014 -0.067853
1735690891.329140 -1.609788 4.656649 15.170017 -0.088243 0.988686 -0.105040 -0.060657
1735690891.429152 -1.606813 4.642701 15.097651 -0.090340 0.988474 -0.109869 -0.051837
1735690891.529136 -1.606053 4.618092 15.019024 -0.080429 0.988924 -0.116916 -0.043478
1735690891.629138 -1.605964 4.590861 14.949645 -0.065433 0.990356 -0.115789 -0.038804
1735690891.729142 -1.603881 4.557470 14.875914 -0.083236 0.989160 -0.117670 -0.028073
1735690891.829137 -1.599166 4.538558 14.812041 -0.090255 0.989282 -0.113840 -0.014664
1735690891.929140 -1.590936 4.518645 14.739605 -0.094618 0.989181 -0.111653 -0.010079
1735690892.029128 -1.584347 4.497636 14.664314 -0.096179 0.987639 -0.122679 -0.016388
1735690892.129116 -1.577617 4.483939 14.593318 -0.094806 0.986914 -0.125991 -0.033760
1735690892.229104 -1.571467 4.452806 14.518194 -0.081475 0.988789 -0.115179 -0.048910
1735690892.329114 -1.566560 4.420280 14.450343 -0.075345 0.988644 -0.115133 -0.060414
1735690892.429099 -1.562281 4.411620 14.390067 -0.070365 0.988888 -0.113537 -0.065265
1735690892.529104 -1.567520 4.382308 14.318634 -0.078268 0.987760 -0.117845 -0.065703
1735690892.629102 -1.580104 4.355452 14.243259 -0.078098 0.987220 -0.122205 -0.066056
1735690892.729095 -1.582984 4.346694 14.176230 -0.075924 0.986225 -0.133049 -0.062394
1735690892.829106 -1.596981 4.316312 14.103603 -0.068511 0.987386 -0.128136 -0.062897
1735690892.929097 -1.608676 4.290669 14.032830 -0.076418 0.986757 -0.131107 -0.057284
1735690893.029107 -1.614135 4.268397 13.969220 -0.078487 0.988288 -0.120208 -0.051746
1735690893.129105 -1.621210 4.253050 13.899943 -0.082355 0.988566 -0.114914 -0.052443
1735690893.229115 -1.627507 4.233325 13.828950 -0.088440 0.986012 -0.126945 -0.062001
1735690893.329099 -1.632497 4.211993 13.757384 -0.091178 0.983573 -0.136481 -0.075128
1735690893.429111 -1.635147 4.186537 13.684877 -0.090645 0.982716 -0.133620 -0.090547
1735690893.529106 -1.632685 4.162694 13.625041 -0.085746 0.981132 -0.141251 -0.100382
1735690893.629102 -1.635321 4.136095 13.559686 -0.077755 0.982801 -0.131240 -0.104078
1735690893.729094 -1.637765 4.117554 13.497917 -0.084276 0.982704 -0.129920 -0.101545
1735690893.829098 -1.645241 4.106639 13.433066 -0.084680 0.983331 -0.128269 -0.097138
1735690893.929108 -1.660018 4.083668 13.363378 -0.085104 0.982104 -0.139517 -0.093620
1735690894.029099 -1.675649 4.062306 13.293563 -0.069121 0.983451 -0.139131 -0.093216
1735690894.129100 -1.689229 4.032316 13.224299 -0.058762 0.984453 -0.140921 -0.086841
1735690894.229105 -1.696098 4.016758 13.159703 -0.068488 0.987167 -0.119152 -0.081326
1735690894.329114 -1.704226 3.995385 13.094186 -0.067302 0.987847 -0.117687 -0.076022
1735690894.429100 -1.708038 3.985648 13.030478 -0.069315 0.987075 -0.119204 -0.081663
1735690894.529107 -1.719729 3.966986 12.953116 -0.073088 0.985207 -0.120463 -0.097540
1735690894.629124 -1.722993 3.947930 12.883654 -0.074910 0.982753 -0.127883 -0.110590
1735690894.729142 -1.725461 3.918790 12.812704 -0.072732 0.981591 -0.128664 -0.120971
1735690894.829157 -1.727428 3.898244 12.755994 -0.070901 0.980895 -0.129422 -0.126763
1735690894.929170 -1.734584 3.876554 12.689866 -0.072953 0.980645 -0.130465 -0.126462
1735690895.029199 -1.747391 3.861170 12.622685 -0.074683 0.980942 -0.128674 -0.124975
1735690895.129209 -1.759554 3.845854 12.558529 -0.075903 0.980665 -0.134894 -0.119748
1735690895.229234 -1.786066 3.821760 12.487129 -0.069817 0.980652 -0.137822 -0.120222
1735690895.329260 -1.799173 3.795743 12.427348 -0.063147 0.980702 -0.137737 -0.123546
1735690895.429302 -1.831572 3.767063 12.351491 -0.076843 0.981262 -0.127633 -0.122191
1735690895.529330 -1.836417 3.749442 12.287325 -0.079928 0.982715 -0.119631 -0.116494
1735690895.629405 -1.846642 3.728509 12.220675 -0.096387 0.981086 -0.123069 -0.114168
1735690895.729454 -1.843563 3.711096 12.154240 -0.108679 0.978683 -0.131086 -0.114826
1735690895.829529 -1.846809 3.685040 12.086220 -0.108878 0.975466 -0.146501 -0.123082
1735690895.929575 -1.842311 3.659562 12.021588 -0.095022 0.977013 -0.133618 -0.136244
1735690896.029642 -1.837150 3.629029 11.963402 -0.093606 0.974735 -0.150876 -0.135523
1735690896.129703 -1.830435 3.606768 11.910835 -0.085610 0.976343 -0.147844 -0.132544
1735690896.229764 -1.833714 3.584561 11.853799 -0.090827 0.975668 -0.154988 -0.125701
1735690896.329829 -1.837711 3.565362 11.795727 -0.088895 0.975341 -0.163437 -0.118728
1735690896.429904 -1.848091 3.545118 11.733743 -0.084817 0.975514 -0.169461 -0.111634
1735690896.529969 -1.850799 3.522269 11.676542 -0.068547 0.976611 -0.174627 -0.105059
1735690896.630034 -1.865318 3.496692 11.608507 -0.061927 0.977383 -0.176698 -0.098311
1735690896.730105 -1.871436 3.478763 11.546534 -0.067025 0.980169 -0.162760 -0.091021
1735690896.830172 -1.874717 3.466758 11.488892 -0.061914 0.982963 -0.150609 -0.085248
1735690896.930242 -1.885085 3.456890 11.423928 -0.065657 0.983988 -0.138529 -0.090923
1735690897.030303 -1.890154 3.445516 11.361751 -0.071764 0.981894 -0.143319 -0.100968
1735690897.130357 -1.897099 3.424961 11.296079 -0.077466 0.978470 -0.155480 -0.111449
1735690897.230405 -1.896376 3.404221 11.238496 -0.076542 0.979526 -0.138825 -0.124084
1735690897.330454 -1.899616 3.377255 11.177726 -0.081606 0.977849 -0.145824 -0.126042
1735690897.430474 -1.904037 3.356333 11.121169 -0.080382 0.977429 -0.146603 -0.129145
1735690897.530510 -1.913583 3.341255 11.060937 -0.083915 0.977052 -0.142926 -0.133793
1735690897.630539 -1.924569 3.331446 11.001138 -0.078133 0.977139 -0.142509 -0.137058
1735690897.730548 -1.940233 3.312156 10.934149 -0.066068 0.976862 -0.153238 -0.133769
1735690897.830594 -1.954129 3.289933 10.871755 -0.052324 0.979272 -0.144769 -0.131643
1735690897.930597 -1.963614 3.266209 10.815688 -0.065893 0.976988 -0.157443 -0.127920
1735690898.030632 -1.964587 3.246146 10.764622 -0.065225 0.978791 -0.148594 -0.125034
1735690898.130645 -1.975588 3.230666 10.699418 -0.069321 0.978364 -0.148908 -0.125801
1735690898.230644 -1.980885 3.220325 10.633688 -0.075061 0.978054 -0.141584 -0.133152
1735690898.330646 -1.977491 3.206999 10.570660 -0.075919 0.976585 -0.144710 -0.139920
1735690898.430643 -1.972846 3.187643 10.500671 -0.072440 0.978058 -0.133742 -0.142369
1735690898.530648 -1.964511 3.165114 10.438660 -0.075466 0.976933 -0.140903 -0.141610
1735690898.630653 -1.963903 3.145439 10.379835 -0.062148 0.978076 -0.135690 -0.145233
1735690898.730667 -1.966363 3.129071 10.322088 -0.066322 0.978821 -0.132698 -0.141076
1735690898.830647 -1.976024 3.116481 10.252970 -0.070851 0.979205 -0.137982 -0.130760
1735690898.930634 -1.985658 3.100729 10.183256 -0.070578 0.979693 -0.145007 -0.119132
1735690899.030626 -1.995285 3.080864 10.117833 -0.057446 0.982404 -0.141608 -0.107372
1735690899.130600 -2.006389 3.056169 10.054525 -0.058564 0.983717 -0.141905 -0.093452
1735690899.230592 -2.012232 3.035250 9.993901 -0.066985 0.986129 -0.130216 -0.078149
1735690899.330591 -2.011910 3.017058 9.939717 -0.069958 0.987544 -0.126399 -0.062338
1735690899.430596 -2.016836 3.007676 9.873185 -0.072232 0.988223 -0.120947 -0.059741
1735690899.530591 -2.016875 2.994172 9.805738 -0.078803 0.987252 -0.122432 -0.064292
1735690899.630576 -2.013683 2.973923 9.737938 -0.088585 0.985459 -0.128136 -0.067849
1735690899.730546 -2.010593 2.953303 9.665654 -0.090978 0.987122 -0.108102 -0.075007
1735690899.830534 -2.001712 2.928213 9.600389 -0.093505 0.985456 -0.121706 -0.072945
1735690899.930515 -2.002258 2.913889 9.535966 -0.084436 0.987897 -0.103660 -0.078644
1735690900.030481 -1.999100 2.899929 9.467671 -0.096629 0.987481 -0.103594 -0.069367
1735690900.130454 -2.002961 2.888137 9.393607 -0.098235 0.987867 -0.100797 -0.065637
1735690900.230457 -2.009819 2.871628 9.316388 -0.100155 0.987131 -0.105560 -0.066322
1735690900.330451 -2.021223 2.846035 9.238652 -0.084567 0.989254 -0.096902 -0.069531
1735690900.430429 -2.025340 2.813410 9.168731 -0.095801 0.987546 -0.108618 -0.061453
1735690900.530431 -2.028626 2.788496 9.093173 -0.112193 0.987702 -0.094156 -0.054708
1735690900.630425 -2.028573 2.767165 9.023436 -0.113190 0.987920 -0.095429 -0.045787
1735690900.730429 -2.028111 2.749694 8.945150 -0.114369 0.987631 -0.095577 -0.048674
1735690900.830432 -2.026973 2.735676 8.868193 -0.117841 0.986596 -0.095493 -0.060196
1735690900.930441 -2.023767 2.712783 8.789141 -0.125842 0.985316 -0.091856 -0.069846
1735690901.030397 -2.022597 2.688420 8.717861 -0.122538 0.984980 -0.091705 -0.079934
1735690901.130411 -2.022614 2.663788 8.648617 -0.115530 0.985964 -0.080183 -0.089987
1735690901.230397 -2.026493 2.644147 8.580977 -0.125973 0.984151 -0.080367 -0.095490
1735690901.330401 -2.039851 2.622406 8.499197 -0.121095 0.983925 -0.088320 -0.097094
1735690901.430393 -2.053195 2.605202 8.421985 -0.121733 0.983829 -0.090459 -0.095282
1735690901.530394 -2.070070 2.577220 8.340504 -0.112707 0.985354 -0.084755 -0.095871
1735690901.630397 -2.081538 2.541479 8.273264 -0.113927 0.985543 -0.090573 -0.086730
1735690901.730395 -2.085226 2.512359 8.193260 -0.120361 0.986643 -0.079285 -0.075908
1735690901.830397 -2.087129 2.493150 8.126915 -0.125970 0.986294 -0.083422 -0.066306
1735690901.930401 -2.088964 2.478758 8.051909 -0.118392 0.987051 -0.083561 -0.068783
1735690902.030416 -2.086340 2.466707 7.975731 -0.116387 0.987047 -0.081045 -0.074992
1735690902.130397 -2.080827 2.448147 7.896755 -0.120957 0.986342 -0.071413 -0.086021
1735690902.230403 -2.080017 2.412108 7.827525 -0.115430 0.984857 -0.087673 -0.095110
1735690902.330398 -2.075085 2.387308 7.761594 -0.105972 0.985387 -0.084431 -0.103216
1735690902.430403 -2.075974 2.362757 7.694828 -0.107521 0.983852 -0.095617 -0.106455
1735690902.530396 -2.083644 2.344636 7.614445 -0.102728 0.983802 -0.099350 -0.108214
1735690902.630395 -2.091610 2.326268 7.534064 -0.096627 0.983948 -0.102593 -0.109470
1735690902.730395 -2.100764 2.297835 7.459513 -0.087014 0.984362 -0.104046 -0.112407
1735690902.830401 -2.101466 2.261265 7.387757 -0.096926 0.982717 -0.121010 -0.101135
1735690902.930407 -2.098223 2.232455 7.314644 -0.114350 0.983482 -0.109675 -0.087515
1735690903.030402 -2.098143 2.210160 7.248536 -0.116565 0.983952 -0.113388 -0.073447
1735690903.130413 -2.090049 2.197479 7.167853 -0.121920 0.983575 -0.110555 -0.074113
1735690903.230398 -2.084074 2.182986 7.087757 -0.123917 0.982747 -0.107020 -0.086021
1735690903.330411 -2.080028 2.163644 7.011153 -0.111330 0.983586 -0.102720 -0.098047
1735690903.430397 -2.069631 2.132032 6.937525 -0.100111 0.983229 -0.110362 -0.105164
1735690903.530403 -2.065437 2.109079 6.869590 -0.084851 0.985258 -0.101663 -0.108309
1735690903.630395 -2.073577 2.089867 6.799509 -0.092010 0.984255 -0.107414 -0.106016
1735690903.730395 -2.077498 2.074628 6.719781 -0.084251 0.985301 -0.107609 -0.102492
1735690903.830397 -2.090531 2.061336 6.642680 -0.084456 0.986156 -0.105154 -0.096470
1735690903.930411 -2.103994 2.037138 6.566836 -0.089390 0.987458 -0.091932 -0.092109
1735690904.030396 -2.120312 2.006927 6.497886 -0.093903 0.987106 -0.097513 -0.085411
1735690904.130401 -2.133326 1.988756 6.429906 -0.098042 0.987993 -0.078937 -0.089590
1735690904.230417 -2.146865 1.961814 6.358694 -0.095418 0.987664 -0.079255 -0.095569
1735690904.330398 -2.155097 1.946251 6.287206 -0.097274 0.986155 -0.080619 -0.107405
1735690904.430436 -2.164563 1.926431 6.214679 -0.108288 0.981951 -0.088692 -0.127201
1735690904.530451 -2.166307 1.901100 6.142142 -0.099025 0.980756 -0.082888 -0.146431
1735690904.630475 -2.166287 1.873331 6.075108 -0.107561 0.979019 -0.089010 -0.148425
1735690904.730517 -2.164377 1.851467 6.010191 -0.107525 0.980213 -0.086562 -0.141876
1735690904.830593 -2.164579 1.838923 5.944888 -0.116851 0.980477 -0.085974 -0.132735
1735690904.930667 -2.175363 1.817004 5.869742 -0.111852 0.982133 -0.089379 -0.122132
1735690905.030751 -2.189115 1.795115 5.794654 -0.110865 0.983079 -0.094339 -0.111198
1735690905.130823 -2.201683 1.773040 5.719894 -0.101855 0.985506 -0.088456 -0.102852
1735690905.230879 -2.219049 1.742037 5.649589 -0.095281 0.986821 -0.092299 -0.092662
1735690905.330945 -2.231823 1.719619 5.576816 -0.102523 0.988429 -0.074822 -0.083057
1735690905.430981 -2.242139 1.701939 5.508979 -0.096849 0.989765 -0.072075 -0.076100
1735690905.531045 -2.245138 1.697937 5.443317 -0.092112 0.989578 -0.077018 -0.079497
1735690905.631064 -2.266809 1.672394 5.358994 -0.094200 0.988397 -0.076385 -0.091447
1735690905.731097 -2.278432 1.647375 5.283142 -0.099522 0.987252 -0.067032 -0.104574
1735690905.831111 -2.295204 1.610143 5.210975 -0.101689 0.984994 -0.075226 -0.117419
1735690905.931137 -2.303109 1.594229 5.148322 -0.092065 0.984538 -0.073536 -0.129621
1735690906.031168 -2.330063 1.552670 5.078056 -0.097398 0.983032 -0.079534 -0.133551
1735690906.131196 -2.352603 1.529214 5.006247 -0.096963 0.983128 -0.084859 -0.129837
1735690906.231218 -2.360542 1.530323 4.929561 -0.099152 0.983026 -0.095266 -0.121465
1735690906.331255 -2.398719 1.486591 4.853191 -0.090933 0.985130 -0.085557 -0.118024
1735690906.431296 -2.419306 1.453164 4.781603 -0.104701 0.983995 -0.094086 -0.109270
1735690906.531305 -2.435052 1.438339 4.713963 -0.103782 0.985871 -0.085960 -0.099496
1735690906.631362 -2.453520 1.408839 4.642550 -0.103576 0.986297 -0.089910 -0.091691
1735690906.731417 -2.456053 1.410606 4.569249 -0.108943 0.986186 -0.085622 -0.090760
1735690906.831484 -2.476798 1.381345 4.487896 -0.109306 0.985511 -0.087283 -0.095929
1735690906.931497 -2.488163 1.358173 4.412052 -0.103647 0.985945 -0.075932 -0.106788
1735690907.031531 -2.492109 1.338101 4.341103 -0.103153 0.984029 -0.086981 -0.116107
1735690907.131553 -2.514030 1.308867 4.275446 -0.086217 0.984388 -0.071067 -0.135998
1735690907.231581 -2.526031 1.290670 4.217790 -0.083764 0.984597 -0.067565 -0.137797
1735690907.331615 -2.527027 1.286747 4.158033 -0.082590 0.985362 -0.069872 -0.131753
1735690907.431651 -2.553706 1.253434 4.086519 -0.091399 0.984167 -0.083269 -0.126998
1735690907.531691 -2.566092 1.223584 4.021427 -0.084691 0.985201 -0.082286 -0.124236
1735690907.631701 -2.555872 1.211833 3.957017 -0.097165 0.985976 -0.077230 -0.111558
1735690907.731735 -2.553391 1.184830 3.888881 -0.109110 0.986936 -0.077941 -0.089317
1735690907.831793 -2.527217 1.179260 3.823614 -0.123532 0.986750 -0.076153 -0.072556
1735690907.931857 -2.505971 1.161383 3.749330 -0.126725 0.986218 -0.083140 -0.066355
1735690908.031905 -2.470246 1.146392 3.676491 -0.130207 0.985131 -0.094334 -0.060525
1735690908.131943 -2.432224 1.127983 3.599667 -0.123929 0.987037 -0.086661 -0.053751
1735690908.231969 -2.386904 1.096893 3.534759 -0.118484 0.987266 -0.098291 -0.040068
1735690908.331999 -2.347244 1.079087 3.468643 -0.112850 0.988464 -0.098364 -0.022982
1735690908.432032 -2.321429 1.061575 3.405508 -0.120668 0.987916 -0.097265 -0.000798
1735690908.532066 -2.291301 1.053194 3.335402 -0.117395 0.988263 -0.096363 0.016381
1735690908.632106 -2.275412 1.039400 3.265942 -0.116171 0.987759 -0.099854 0.029432
1735690908.732127 -2.257148 1.022465 3.184310 -0.101301 0.989278 -0.100462 0.031211
1735690908.832163 -2.244524 0.993996 3.120498 -0.100230 0.988846 -0.103370 0.038102
1735690908.932188 -2.221404 0.973697 3.053928 -0.106031 0.989063 -0.092937 0.043292
1735690909.032225 -2.210626 0.954402 2.993445 -0.104544 0.988825 -0.092620 0.052128
1735690909.132253 -2.191779 0.945112 2.921641 -0.102720 0.990035 -0.085865 0.043658
1735690909.232290 -2.180721 0.930591 2.848509 -0.106792 0.989686 -0.090862 0.029345
1735690909.332313 -2.156794 0.918041 2.778548 -0.110685 0.989359 -0.093529 0.013010
1735690909.432342 -2.143953 0.888793 2.711164 -0.107682 0.990642 -0.083864 -0.000089
1735690909.532346 -2.124221 0.863465 2.645694 -0.104360 0.989527 -0.099190 -0.010329
1735690909.632351 -2.110619 0.842178 2.586971 -0.097935 0.990672 -0.092817 -0.019059
1735690909.732352 -2.098865 0.828820 2.518629 -0.102687 0.990269 -0.091921 -0.019345
1735690909.832345 -2.092881 0.815330 2.446365 -0.102997 0.989724 -0.097822 -0.016416
1735690909.932351 -2.102367 0.790012 2.373948 -0.099694 0.989973 -0.098580 -0.017242
1735690910.032344 -2.103099 0.764334 2.301698 -0.095761 0.990515 -0.096794 -0.018459
1735690910.132353 -2.102618 0.735186 2.234508 -0.105694 0.988928 -0.103205 -0.014115
1735690910.232341 -2.102914 0.706690 2.173436 -0.113392 0.988634 -0.098120 -0.010862
1735690910.332342 -2.098670 0.687390 2.106559 -0.114128 0.987863 -0.104153 -0.015948
1735690910.432345 -2.098538 0.673254 2.038226 -0.115629 0.987027 -0.106825 -0.031555
1735690910.532344 -2.088642 0.663516 1.964940 -0.110052 0.986510 -0.107141 -0.056630
1735690910.632354 -2.083168 0.642225 1.895284 -0.108545 0.985324 -0.106241 -0.077898
1735690910.732316 -2.071524 0.622226 1.830845 -0.100418 0.984598 -0.106499 -0.095610
1735690910.832299 -2.066879 0.599988 1.769170 -0.093339 0.985740 -0.092979 -0.104687
1735690910.932209 -2.060804 0.589300 1.703707 -0.090868 0.985835 -0.090333 -0.108219
1735690911.032155 -2.067053 0.572534 1.635009 -0.090691 0.985395 -0.087732 -0.114342
1735690911.132094 -2.072821 0.555727 1.565477 -0.090926 0.984856 -0.094709 -0.113229
1735690911.232037 -2.084180 0.533945 1.494986 -0.087138 0.984526 -0.094567 -0.119053
1735690911.331967 -2.095816 0.508880 1.424448 -0.072083 0.984334 -0.100187 -0.125913
1735690911.431906 -2.100457 0.482545 1.355914 -0.088362 0.983779 -0.087728 -0.129133
1735690911.531853 -2.102325 0.465476 1.298461 -0.103607 0.983516 -0.081103 -0.124034
1735690911.631780 -2.102717 0.453694 1.243562 -0.106326 0.982672 -0.075853 -0.131518
1735690911.731762 -2.099126 0.442383 1.189123 -0.106399 0.981311 -0.070902 -0.143808
1735690911.831734 -2.088840 0.425365 1.130057 -0.098636 0.979729 -0.080369 -0.154736
1735690911.931713 -2.079021 0.400064 1.067010 -0.095188 0.978210 -0.093209 -0.159235
1735690912.031669 -2.070209 0.374917 1.010933 -0.090254 0.978482 -0.090165 -0.162166
1735690912.131651 -2.063286 0.352612 0.959474 -0.084234 0.979946 -0.100085 -0.150314
1735690912.231616 -2.066198 0.346959 0.904494 -0.100931 0.981791 -0.087278 -0.135212
1735690912.331590 -2.070091 0.339655 0.840976 -0.106280 0.984061 -0.079402 -0.118420
1735690912.431582 -2.076237 0.329444 0.779372 -0.102711 0.986613 -0.084631 -0.094244
1735690912.531585 -2.080938 0.314703 0.721563 -0.103013 0.989745 -0.063133 -0.076205
1735690912.631585 -2.086941 0.294138 0.667496 -0.108023 0.990465 -0.064941 -0.055612
1735690912.731582 -2.091356 0.275970 0.619383 -0.107556 0.991100 -0.067935 -0.039218
1735690912.831585 -2.092880 0.263975 0.571582 -0.101705 0.991924 -0.068516 -0.032386
1735690912.931589 -2.093458 0.257628 0.518674 -0.103013 0.992468 -0.058652 -0.030921
1735690913.031609 -2.086955 0.247910 0.468654 -0.112034 0.991745 -0.056289 -0.026880
1735690913.131593 -2.079526 0.231028 0.408794 -0.131312 0.989125 -0.061770 -0.023953
1735690913.231595 -2.067672 0.212020 0.343070 -0.131085 0.988987 -0.060751 -0.032110
1735690913.331553 -2.051616 0.181120 0.279713 -0.129279 0.987936 -0.075757 -0.039115
1735690913.431496 -2.041503 0.159531 0.222101 -0.127799 0.988340 -0.068780 -0.046057
1735690913.531434 -2.027065 0.136970 0.163620 -0.131239 0.987283 -0.082317 -0.035665
1735690913.631383 -2.015317 0.121379 0.101479 -0.142621 0.986112 -0.081129 -0.025695
1735690913.731324 -2.007169 0.107390 0.038983 -0.143277 0.985944 -0.084545 -0.015436
1735690913.831301 -2.002692 0.091023 -0.025447 -0.132249 0.987382 -0.086695 -0.008417
1735690913.931271 -2.001289 0.070789 -0.081339 -0.122638 0.989415 -0.077447 -0.004392
1735690914.031244 -1.997429 0.056712 -0.138041 -0.143749 0.986670 -0.075914 0.007428
1735690914.131231 -1.995655 0.041980 -0.191601 -0.137350 0.988635 -0.060896 0.005260
1735690914.231220 -1.996785 0.029517 -0.246830 -0.135793 0.988698 -0.063088 -0.007492
1735690914.331235 -2.000440 0.010166 -0.304221 -0.134820 0.987877 -0.070933 -0.029844
1735690914.431219 -2.007851 -0.010662 -0.357039 -0.129682 0.986402 -0.082687 -0.057929
1735690914.531223 -2.016998 -0.042046 -0.397328 -0.118841 0.984148 -0.105953 -0.078125
1735690914.631216 -2.011285 -0.056625 -0.419974 -0.133362 0.982572 -0.107632 -0.071983
1735690914.731220 -1.991086 -0.070171 -0.429098 -0.124963 0.984408 -0.120103 -0.029994
1735690914.831219 -1.909623 -0.110463 -0.424019 -0.126066 0.983645 -0.128621 0.002657
1735690914.931226 -1.846614 -0.122232 -0.408328 -0.149130 0.979471 -0.132134 0.030607
1735690915.031220 -1.836058 -0.120926 -0.422645 -0.152416 0.977704 -0.123640 0.074676
1735690915.131223 -1.829224 -0.114625 -0.428734 -0.165731 0.971651 -0.124021 0.114221
1735690915.231245 -1.810155 -0.114673 -0.458715 -0.172507 0.967201 -0.119054 0.143489
1735690915.331219 -1.795254 -0.104504 -0.460738 -0.159278 0.969336 -0.114665 0.147885
1735690915.431227 -1.777217 -0.107536 -0.484801 -0.148658 0.968863 -0.128069 0.151008
1735690915.531219 -1.756912 -0.104031 -0.489571 -0.151378 0.967178 -0.132063 0.155601
1735690915.631226 -1.747405 -0.106883 -0.506715 -0.145987 0.966762 -0.133983 0.161578
1735690915.731217 -1.730309 -0.106647 -0.514268 -0.154078 0.966975 -0.122102 0.162204
1735690915.831218 -1.724804 -0.106586 -0.529054 -0.150412 0.966892 -0.129186 0.160647
1735690915.931188 -1.711182 -0.109452 -0.543674 -0.146881 0.969886 -0.114252 0.157139
1735690916.031153 -1.705955 -0.106811 -0.555392 -0.141290 0.970981 -0.131377 0.141329
1735690916.131138 -1.694669 -0.109960 -0.575125 -0.128063 0.976434 -0.115213 0.130014
1735690916.231088 -1.686421 -0.117742 -0.595526 -0.124487 0.977529 -0.121095 0.119481
1735690916.331038 -1.675211 -0.111348 -0.599413 -0.124465 0.979673 -0.127801 0.091735
1735690916.430968 -1.673542 -0.121004 -0.623540 -0.128696 0.979677 -0.118796 0.097765
1735690916.530922 -1.667865 -0.124680 -0.641604 -0.119960 0.982322 -0.125587 0.069858
1735690916.630866 -1.663023 -0.138444 -0.667203 -0.120583 0.984110 -0.124106 0.039824
1735690916.730819 -1.657244 -0.138674 -0.682535 -0.117285 0.984264 -0.132011 0.006458
1735690916.830757 -1.651060 -0.152896 -0.708670 -0.100922 0.986950 -0.122388 -0.027660
1735690916.930738 -1.645070 -0.154214 -0.717442 -0.089541 0.986346 -0.130119 -0.046606
1735690917.030709 -1.643239 -0.158459 -0.732159 -0.077531 0.986355 -0.126782 -0.070847
1735690917.130686 -1.640587 -0.166106 -0.751558 -0.082658 0.986487 -0.114233 -0.083436
1735690917.230655 -1.640784 -0.170193 -0.765429 -0.075700 0.984035 -0.122246 -0.104882
1735690917.330640 -1.637845 -0.187569 -0.784148 -0.072501 0.983984 -0.111715 -0.118489
1735690917.430636 -1.638362 -0.186978 -0.800369 -0.064571 0.981586 -0.109924 -0.142255
1735690917.530585 -1.640800 -0.214043 -0.822511 -0.060088 0.981047 -0.108968 -0.148534
1735690917.630539 -1.640256 -0.220098 -0.834384 -0.069097 0.979291 -0.112969 -0.153145
1735690917.730491 -1.640737 -0.234453 -0.851748 -0.064479 0.978021 -0.123743 -0.154936
1735690917.830454 -1.633990 -0.254052 -0.869266 -0.056663 0.976417 -0.124528 -0.167007
1735690917.930367 -1.634205 -0.257167 -0.883437 -0.060661 0.972068 -0.134901 -0.182223
1735690918.030295 -1.632728 -0.271006 -0.900944 -0.059191 0.966354 -0.144068 -0.204697
1735690918.130247 -1.630128 -0.289682 -0.925423 -0.038078 0.964650 -0.125697 -0.228474
1735690918.230200 -1.627211 -0.299242 -0.938351 -0.044749 0.963097 -0.124915 -0.234176
1735690918.330154 -1.626535 -0.311229 -0.953178 -0.040808 0.962581 -0.125112 -0.236894
1735690918.430113 -1.627850 -0.323683 -0.968550 -0.045521 0.962601 -0.120845 -0.238167
1735690918.530078 -1.625937 -0.338823 -0.984800 -0.041252 0.963441 -0.120741 -0.235589
1735690918.630017 -1.632038 -0.349880 -1.002054 -0.037762 0.963936 -0.127757 -0.230390
1735690918.730002 -1.640567 -0.365572 -1.019535 -0.032188 0.964769 -0.123524 -0.230057
1735690918.829975 -1.644489 -0.383322 -1.036800 -0.035315 0.965986 -0.128084 -0.221853
1735690918.929959 -1.650100 -0.396874 -1.056938 -0.046317 0.969675 -0.119445 -0.208130
1735690919.029918 -1.650907 -0.410381 -1.073467 -0.046437 0.972405 -0.115964 -0.197038
1735690919.129899 -1.650090 -0.421565 -1.084717 -0.051947 0.972670 -0.110229 -0.197649
1735690919.229880 -1.654448 -0.434043 -1.105645 -0.055967 0.970765 -0.107826 -0.207019
1735690919.329856 -1.655888 -0.450362 -1.124922 -0.057705 0.966685 -0.106996 -0.225259
1735690919.429850 -1.653561 -0.465605 -1.138031 -0.050673 0.962594 -0.101303 -0.246136
1735690919.529829 -1.656064 -0.482680 -1.165172 -0.036228 0.960028 -0.097703 -0.259784
1735690919.629835 -1.656545 -0.498521 -1.184822 -0.034236 0.959351 -0.088794 -0.265685
1735690919.729813 -1.650675 -0.510115 -1.193308 -0.035960 0.959998 -0.086042 -0.264023
1735690919.829823 -1.655478 -0.522515 -1.215036 -0.046083 0.961234 -0.077179 -0.260671
1735690919.929814 -1.662592 -0.536191 -1.231927 -0.046171 0.960891 -0.079734 -0.261150
1735690920.029818 -1.673342 -0.548289 -1.244761 -0.041356 0.958531 -0.088382 -0.267763
1735690920.129810 -1.682574 -0.556665 -1.247754 -0.027746 0.956260 -0.086543 -0.278040
1735690920.229810 -1.695853 -0.571546 -1.269084 -0.023205 0.954288 -0.091670 -0.283537
1735690920.329823 -1.702900 -0.581148 -1.279841 -0.023192 0.952743 -0.070319 -0.294614
1735690920.429810 -1.708736 -0.581988 -1.283146 -0.015905 0.947583 -0.069429 -0.311468
1735690920.529814 -1.717260 -0.591570 -1.293209 -0.012629 0.937540 -0.061664 -0.342135
1735690920.629816 -1.723014 -0.593931 -1.296167 -0.007098 0.922523 -0.066531 -0.380097
1735690920.729832 -1.733614 -0.601623 -1.304104 0.012066 0.905074 -0.065093 -0.420069
1735690920.829822 -1.741467 -0.603181 -1.312757 0.025708 0.888343 -0.061768 -0.454279
1735690920.929819 -1.750264 -0.604618 -1.319514 0.049082 0.868587 -0.055507 -0.489965
1735690921.029813 -1.763595 -0.603737 -1.325104 0.069831 0.853489 -0.049462 -0.514036
1735690921.129817 -1.778158 -0.597041 -1.333520 0.071039 0.839317 -0.047435 -0.536890
1735690921.229812 -1.796010 -0.592941 -1.338512 0.061405 0.832867 -0.060610 -0.546707
1735690921.329812 -1.808666 -0.590098 -1.343678 0.062984 0.829236 -0.083550 -0.549018
1735690921.429813 -1.824218 -0.583201 -1.345268 0.075097 0.820424 -0.087882 -0.559948
1735690921.529810 -1.838051 -0.572329 -1.349131 0.060917 0.816696 -0.085526 -0.567434
1735690921.629813 -1.848875 -0.562454 -1.347650 0.103826 0.802856 -0.117212 -0.575242
1735690921.729829 -1.858198 -0.552773 -1.346155 0.143126 0.786278 -0.148633 -0.582400
1735690921.829830 -1.865288 -0.547397 -1.345944 0.144280 0.774724 -0.123303 -0.603144
1735690921.929813 -1.864739 -0.548147 -1.345384 0.168821 0.765163 -0.090696 -0.614654
1735690922.029821 -1.864012 -0.548489 -1.345865 0.169271 0.753180 -0.077320 -0.630943
1735690922.129813 -1.864689 -0.548192 -1.346356 0.172110 0.744172 -0.051191 -0.643402
1735690922.229819 -1.864496 -0.548186 -1.346235 0.164419 0.749893 -0.053657 -0.638552
1735690922.329811 -1.862077 -0.551022 -1.348885 0.164578 0.723224 -0.077272 -0.666251
1735690922.429813 -1.861541 -0.550627 -1.349587 0.166975 0.725485 -0.057459 -0.665198
1735690922.529817 -1.861791 -0.550425 -1.349945 0.160738 0.720642 -0.066742 -0.671106
1735690922.629813 -1.862221 -0.550322 -1.350725 0.151376 0.739235 -0.048286 -0.654435
1735690922.729817 -1.861217 -0.548991 -1.349112 0.158654 0.762064 -0.034320 -0.626825
1735690922.829821 -1.863334 -0.550727 -1.353956 0.147861 0.762137 -0.030987 -0.629543
1735690922.929838 -1.864070 -0.549655 -1.353411 0.153987 0.748406 -0.030094 -0.644415
1735690923.029838 -1.869336 -0.546667 -1.350103 0.133233 0.761449 -0.076746 -0.629725
1735690923.129865 -1.870315 -0.545907 -1.351695 0.110928 0.778244 -0.111474 -0.607951
1735690923.229897 -1.871485 -0.544597 -1.352948 0.092352 0.759746 -0.151290 -0.625594
1735690923.329935 -1.872027 -0.544051 -1.353883 0.098613 0.752642 -0.150040 -0.633477
1735690923.429977 -1.872278 -0.543317 -1.354316 0.091176 0.740617 -0.148838 -0.648861
1735690923.530036 -1.873470 -0.542032 -1.354029 0.094971 0.715310 -0.153943 -0.674992
1735690923.630110 -1.872307 -0.542507 -1.353819 0.122571 0.689463 -0.161122 -0.695454
1735690923.730169 -1.873013 -0.541580 -1.353418 0.119991 0.669931 -0.170090 -0.712646
1735690923.830265 -1.872953 -0.541678 -1.354031 0.122528 0.672496 -0.169096 -0.710030
1735690923.930343 -1.873100 -0.541903 -1.354456 0.122942 0.657719 -0.180576 -0.720890
1735690924.030432 -1.872933 -0.542198 -1.354682 0.120384 0.653922 -0.185641 -0.723485
1735690924.130485 -1.872130 -0.542211 -1.354842 0.120750 0.663953 -0.175869 -0.716698
1735690924.230563 -1.871791 -0.542361 -1.355373 0.117091 0.655515 -0.173511 -0.725592
1735690924.330630 -1.872375 -0.542367 -1.355303 0.115405 0.638616 -0.167316 -0.742197
1735690924.430708 -1.873037 -0.542080 -1.354870 0.106192 0.624821 -0.179187 -0.752472
1735690924.530788 -1.873407 -0.542091 -1.355120 0.103001 0.613594 -0.179182 -0.762094
1735690924.630857 -1.873815 -0.542315 -1.355582 0.109189 0.615715 -0.187464 -0.757515
1735690924.730949 -1.873995 -0.542325 -1.355622 0.109714 0.612552 -0.188126 -0.759836
1735690924.831013 -1.873729 -0.542301 -1.355974 0.104198 0.619955 -0.181507 -0.756210
1735690924.931099 -1.872118 -0.542198 -1.355788 0.093219 0.636379 -0.167074 -0.747274
1735690925.031156 -1.872282 -0.541988 -1.355466 0.089129 0.631743 -0.160932 -0.753032
1735690925.131221 -1.872147 -0.541749 -1.355450 0.084043 0.636400 -0.157675 -0.750380
1735690925.231233 -1.871400 -0.541091 -1.355599 0.060990 0.644214 -0.133248 -0.750675
1735690925.331259 -1.868728 -0.540029 -1.358310 0.020697 0.643043 -0.087918 -0.760485
1735690925.431257 -1.868797 -0.540012 -1.358290 0.020583 0.640418 -0.086841 -0.762823
1735690925.531260 -1.868837 -0.539996 -1.358270 0.020450 0.639805 -0.086612 -0.763367
1735690925.631253 -1.868960 -0.539975 -1.358291 0.020300 0.637387 -0.085604 -0.765505
1735690925.731253 -1.868985 -0.539969 -1.358290 0.020260 0.637095 -0.085510 -0.765760
1735690925.831254 -1.868908 -0.539990 -1.358320 0.020434 0.638975 -0.086320 -0.764095
1735690925.931276 -1.868915 -0.539994 -1.358313 0.020496 0.639230 -0.086420 -0.763870
1735690926.031255 -1.868897 -0.539995 -1.358324 0.020469 0.639348 -0.086443 -0.763768
1735690926.131258 -1.868893 -0.539994 -1.358318 0.020470 0.639476 -0.086507 -0.763655
1735690926.231248 -1.868888 -0.539997 -1.358320 0.020495 0.639513 -0.086529 -0.763620
1735690926.331204 -1.868878 -0.540002 -1.358331 0.020515 0.639472 -0.086520 -0.763655
1735690926.431194 -1.868880 -0.540000 -1.358327 0.020510 0.639519 -0.086533 -0.763614
1735690926.531151 -1.868877 -0.540003 -1.358327 0.020534 0.639516 -0.086530 -0.763617
1735690926.631123 -1.868874 -0.540001 -1.358329 0.020508 0.639536 -0.086535 -0.763600
1735690926.731115 -1.868875 -0.540004 -1.358326 0.020541 0.639569 -0.086529 -0.763572
1735690926.831117 -1.868877 -0.540005 -1.358327 0.020544 0.639594 -0.086534 -0.763550
1735690926.931118 -1.868878 -0.540006 -1.358323 0.020540 0.639613 -0.086531 -0.763535
1735690927.031115 -1.868875 -0.540009 -1.358320 0.020580 0.639644 -0.086537 -0.763507
1735690927.131100 -1.868879 -0.540007 -1.358323 0.020558 0.639639 -0.086556 -0.763510
1735690927.231072 -1.868877 -0.540008 -1.358326 0.020562 0.639638 -0.086556 -0.763510
1735690927.331064 -1.868869 -0.540009 -1.358324 0.020558 0.639663 -0.086568 -0.763489
1735690927.431018 -1.868870 -0.540009 -1.358327 0.020560 0.639659 -0.086569 -0.763491
1735690927.531000 -1.868867 -0.540008 -1.358329 0.020537 0.639672 -0.086576 -0.763480
1735690927.630964 -1.868871 -0.540009 -1.358329 0.020544 0.639703 -0.086580 -0.763454
